{
"type": "FeatureCollection",
"name": "funkby",
"crs": { "type": "name", "properties": { "name": "urn:ogc:def:crs:OGC:1.3:CRS84" } },
"xy_coordinate_resolution": 1e-07,
"features": [
{"type":"Feature","properties":{"fid":2549,"handle":98614,"block":-1,"etype":18,"space":0,"layer":"J26_Funkby","olinetype":"BYLAYER","linetype":"","color":"0,255,255,254","ocolor":256,"color24":-1,"transparency":0,"lweight":-1,"linewidth":0.0,"ltscale":1.0,"visible":1,"width":0.0,"thickness":0.0,"ext":"(3:0,0,0.1)"},"geometry":{"type":"LineString","coordinates":[[14.1438207,55.9848283,0.0],[14.1438656,55.9848027,0.0],[14.14382,55.9847775,0.0],[14.143775,55.9848031,0.0],[14.1438207,55.9848283,0.0]]}},
{"type":"Feature","properties":{"fid":2550,"handle":98615,"block":-1,"etype":18,"space":0,"layer":"J26_Funkby","olinetype":"BYLAYER","linetype":"","color":"0,255,255,254","ocolor":256,"color24":-1,"transparency":0,"lweight":-1,"linewidth":0.0,"ltscale":1.0,"visible":1,"width":0.0,"thickness":0.0,"ext":"(3:0,0,0.1)"},"geometry":{"type":"LineString","coordinates":[[14.143775,55.9848031,0.0],[14.14382,55.9847775,0.0],[14.1437743,55.9847523,0.0],[14.1437294,55.9847779,0.0],[14.143775,55.9848031,0.0]]}},
{"type":"Feature","properties":{"fid":2551,"handle":98616,"block":-1,"etype":18,"space":0,"layer":"J26_Funkby","olinetype":"BYLAYER","linetype":"","color":"0,255,255,254","ocolor":256,"color24":-1,"transparency":0,"lweight":-1,"linewidth":0.0,"ltscale":1.0,"visible":1,"width":0.0,"thickness":0.0,"ext":"(3:0,0,0.1)"},"geometry":{"type":"LineString","coordinates":[[14.1437294,55.9847779,0.0],[14.1437743,55.9847523,0.0],[14.1437287,55.9847271,0.0],[14.1436837,55.9847526,0.0],[14.1437294,55.9847779,0.0]]}},
{"type":"Feature","properties":{"fid":2552,"handle":98617,"block":-1,"etype":18,"space":0,"layer":"J26_Funkby","olinetype":"BYLAYER","linetype":"","color":"0,255,255,254","ocolor":256,"color24":-1,"transparency":0,"lweight":-1,"linewidth":0.0,"ltscale":1.0,"visible":1,"width":0.0,"thickness":0.0,"ext":"(3:0,0,0.1)"},"geometry":{"type":"LineString","coordinates":[[14.1436837,55.9847526,0.0],[14.1437287,55.9847271,0.0],[14.143683,55.9847018,0.0],[14.1436381,55.9847274,0.0],[14.1436837,55.9847526,0.0]]}},
{"type":"Feature","properties":{"fid":2553,"handle":98640,"block":-1,"etype":18,"space":0,"layer":"J26_Funkby","olinetype":"BYLAYER","linetype":"","color":"0,255,255,254","ocolor":256,"color24":-1,"transparency":0,"lweight":-1,"linewidth":0.0,"ltscale":1.0,"visible":1,"width":0.0,"thickness":0.0,"ext":"(3:0,0,0.1)"},"geometry":{"type":"LineString","coordinates":[[14.1438656,55.9848027,0.0],[14.1439106,55.9847771,0.0],[14.143865,55.9847519,0.0],[14.14382,55.9847775,0.0],[14.1438656,55.9848027,0.0]]}},
{"type":"Feature","properties":{"fid":2554,"handle":98641,"block":-1,"etype":18,"space":0,"layer":"J26_Funkby","olinetype":"BYLAYER","linetype":"","color":"0,255,255,254","ocolor":256,"color24":-1,"transparency":0,"lweight":-1,"linewidth":0.0,"ltscale":1.0,"visible":1,"width":0.0,"thickness":0.0,"ext":"(3:0,0,0.1)"},"geometry":{"type":"LineString","coordinates":[[14.14382,55.9847775,0.0],[14.143865,55.9847519,0.0],[14.1438193,55.9847267,0.0],[14.1437743,55.9847523,0.0],[14.14382,55.9847775,0.0]]}},
{"type":"Feature","properties":{"fid":2555,"handle":98642,"block":-1,"etype":18,"space":0,"layer":"J26_Funkby","olinetype":"BYLAYER","linetype":"","color":"0,255,255,254","ocolor":256,"color24":-1,"transparency":0,"lweight":-1,"linewidth":0.0,"ltscale":1.0,"visible":1,"width":0.0,"thickness":0.0,"ext":"(3:0,0,0.1)"},"geometry":{"type":"LineString","coordinates":[[14.1437743,55.9847523,0.0],[14.1438193,55.9847267,0.0],[14.1437737,55.9847015,0.0],[14.1437287,55.9847271,0.0],[14.1437743,55.9847523,0.0]]}},
{"type":"Feature","properties":{"fid":2556,"handle":98643,"block":-1,"etype":18,"space":0,"layer":"J26_Funkby","olinetype":"BYLAYER","linetype":"","color":"0,255,255,254","ocolor":256,"color24":-1,"transparency":0,"lweight":-1,"linewidth":0.0,"ltscale":1.0,"visible":1,"width":0.0,"thickness":0.0,"ext":"(3:0,0,0.1)"},"geometry":{"type":"LineString","coordinates":[[14.1437287,55.9847271,0.0],[14.1437737,55.9847015,0.0],[14.143728,55.9846762,0.0],[14.143683,55.9847018,0.0],[14.1437287,55.9847271,0.0]]}},
{"type":"Feature","properties":{"fid":2557,"handle":98644,"block":-1,"etype":18,"space":0,"layer":"J26_Funkby","olinetype":"BYLAYER","linetype":"","color":"0,255,255,254","ocolor":256,"color24":-1,"transparency":0,"lweight":-1,"linewidth":0.0,"ltscale":1.0,"visible":1,"width":0.0,"thickness":0.0,"ext":"(3:0,0,0.1)"},"geometry":{"type":"LineString","coordinates":[[14.1439106,55.9847771,0.0],[14.1439556,55.9847515,0.0],[14.1439099,55.9847263,0.0],[14.143865,55.9847519,0.0],[14.1439106,55.9847771,0.0]]}},
{"type":"Feature","properties":{"fid":2558,"handle":98645,"block":-1,"etype":18,"space":0,"layer":"J26_Funkby","olinetype":"BYLAYER","linetype":"","color":"0,255,255,254","ocolor":256,"color24":-1,"transparency":0,"lweight":-1,"linewidth":0.0,"ltscale":1.0,"visible":1,"width":0.0,"thickness":0.0,"ext":"(3:0,0,0.1)"},"geometry":{"type":"LineString","coordinates":[[14.143865,55.9847519,0.0],[14.1439099,55.9847263,0.0],[14.1438643,55.9847011,0.0],[14.1438193,55.9847267,0.0],[14.143865,55.9847519,0.0]]}},
{"type":"Feature","properties":{"fid":2559,"handle":98646,"block":-1,"etype":18,"space":0,"layer":"J26_Funkby","olinetype":"BYLAYER","linetype":"","color":"0,255,255,254","ocolor":256,"color24":-1,"transparency":0,"lweight":-1,"linewidth":0.0,"ltscale":1.0,"visible":1,"width":0.0,"thickness":0.0,"ext":"(3:0,0,0.1)"},"geometry":{"type":"LineString","coordinates":[[14.1438193,55.9847267,0.0],[14.1438643,55.9847011,0.0],[14.1438186,55.9846759,0.0],[14.1437737,55.9847015,0.0],[14.1438193,55.9847267,0.0]]}},
{"type":"Feature","properties":{"fid":2560,"handle":98647,"block":-1,"etype":18,"space":0,"layer":"J26_Funkby","olinetype":"BYLAYER","linetype":"","color":"0,255,255,254","ocolor":256,"color24":-1,"transparency":0,"lweight":-1,"linewidth":0.0,"ltscale":1.0,"visible":1,"width":0.0,"thickness":0.0,"ext":"(3:0,0,0.1)"},"geometry":{"type":"LineString","coordinates":[[14.1437737,55.9847015,0.0],[14.1438186,55.9846759,0.0],[14.143773,55.9846507,0.0],[14.143728,55.9846762,0.0],[14.1437737,55.9847015,0.0]]}},
{"type":"Feature","properties":{"fid":2561,"handle":98649,"block":-1,"etype":18,"space":0,"layer":"J26_Funkby","olinetype":"BYLAYER","linetype":"","color":"0,255,255,254","ocolor":256,"color24":-1,"transparency":0,"lweight":-1,"linewidth":0.0,"ltscale":1.0,"visible":1,"width":0.0,"thickness":0.0,"ext":"(3:0,0,0.1)"},"geometry":{"type":"LineString","coordinates":[[14.1439629,55.9847177,0.0],[14.1440078,55.9846921,0.0],[14.1439622,55.9846669,0.0],[14.1439172,55.9846925,0.0],[14.1439629,55.9847177,0.0]]}},
{"type":"Feature","properties":{"fid":2562,"handle":98650,"block":-1,"etype":18,"space":0,"layer":"J26_Funkby","olinetype":"BYLAYER","linetype":"","color":"0,255,255,254","ocolor":256,"color24":-1,"transparency":0,"lweight":-1,"linewidth":0.0,"ltscale":1.0,"visible":1,"width":0.0,"thickness":0.0,"ext":"(3:0,0,0.1)"},"geometry":{"type":"LineString","coordinates":[[14.1439172,55.9846925,0.0],[14.1439622,55.9846669,0.0],[14.1439165,55.9846417,0.0],[14.1438716,55.9846673,0.0],[14.1439172,55.9846925,0.0]]}},
{"type":"Feature","properties":{"fid":2563,"handle":98651,"block":-1,"etype":18,"space":0,"layer":"J26_Funkby","olinetype":"BYLAYER","linetype":"","color":"0,255,255,254","ocolor":256,"color24":-1,"transparency":0,"lweight":-1,"linewidth":0.0,"ltscale":1.0,"visible":1,"width":0.0,"thickness":0.0,"ext":"(3:0,0,0.1)"},"geometry":{"type":"LineString","coordinates":[[14.1438716,55.9846673,0.0],[14.1439165,55.9846417,0.0],[14.1438709,55.9846165,0.0],[14.1438259,55.9846421,0.0],[14.1438716,55.9846673,0.0]]}},
{"type":"Feature","properties":{"fid":2564,"handle":98652,"block":-1,"etype":18,"space":0,"layer":"J26_Funkby","olinetype":"BYLAYER","linetype":"","color":"0,255,255,254","ocolor":256,"color24":-1,"transparency":0,"lweight":-1,"linewidth":0.0,"ltscale":1.0,"visible":1,"width":0.0,"thickness":0.0,"ext":"(3:0,0,0.1)"},"geometry":{"type":"LineString","coordinates":[[14.1438259,55.9846421,0.0],[14.1438709,55.9846165,0.0],[14.1438252,55.9845913,0.0],[14.1437803,55.9846169,0.0],[14.1438259,55.9846421,0.0]]}},
{"type":"Feature","properties":{"fid":2565,"handle":98653,"block":-1,"etype":18,"space":0,"layer":"J26_Funkby","olinetype":"BYLAYER","linetype":"","color":"0,255,255,254","ocolor":256,"color24":-1,"transparency":0,"lweight":-1,"linewidth":0.0,"ltscale":1.0,"visible":1,"width":0.0,"thickness":0.0,"ext":"(3:0,0,0.1)"},"geometry":{"type":"LineString","coordinates":[[14.1440078,55.9846921,0.0],[14.1440528,55.9846665,0.0],[14.1440072,55.9846413,0.0],[14.1439622,55.9846669,0.0],[14.1440078,55.9846921,0.0]]}},
{"type":"Feature","properties":{"fid":2566,"handle":98654,"block":-1,"etype":18,"space":0,"layer":"J26_Funkby","olinetype":"BYLAYER","linetype":"","color":"0,255,255,254","ocolor":256,"color24":-1,"transparency":0,"lweight":-1,"linewidth":0.0,"ltscale":1.0,"visible":1,"width":0.0,"thickness":0.0,"ext":"(3:0,0,0.1)"},"geometry":{"type":"LineString","coordinates":[[14.1439622,55.9846669,0.0],[14.1440072,55.9846413,0.0],[14.1439615,55.9846161,0.0],[14.1439165,55.9846417,0.0],[14.1439622,55.9846669,0.0]]}},
{"type":"Feature","properties":{"fid":2567,"handle":98655,"block":-1,"etype":18,"space":0,"layer":"J26_Funkby","olinetype":"BYLAYER","linetype":"","color":"0,255,255,254","ocolor":256,"color24":-1,"transparency":0,"lweight":-1,"linewidth":0.0,"ltscale":1.0,"visible":1,"width":0.0,"thickness":0.0,"ext":"(3:0,0,0.1)"},"geometry":{"type":"LineString","coordinates":[[14.1439165,55.9846417,0.0],[14.1439615,55.9846161,0.0],[14.1439159,55.9845909,0.0],[14.1438709,55.9846165,0.0],[14.1439165,55.9846417,0.0]]}},
{"type":"Feature","properties":{"fid":2568,"handle":98656,"block":-1,"etype":18,"space":0,"layer":"J26_Funkby","olinetype":"BYLAYER","linetype":"","color":"0,255,255,254","ocolor":256,"color24":-1,"transparency":0,"lweight":-1,"linewidth":0.0,"ltscale":1.0,"visible":1,"width":0.0,"thickness":0.0,"ext":"(3:0,0,0.1)"},"geometry":{"type":"LineString","coordinates":[[14.1438709,55.9846165,0.0],[14.1439159,55.9845909,0.0],[14.1438702,55.9845657,0.0],[14.1438252,55.9845913,0.0],[14.1438709,55.9846165,0.0]]}},
{"type":"Feature","properties":{"fid":2569,"handle":98664,"block":-1,"etype":18,"space":0,"layer":"J26_Funkby","olinetype":"BYLAYER","linetype":"","color":"0,255,255,254","ocolor":256,"color24":-1,"transparency":0,"lweight":-1,"linewidth":0.0,"ltscale":1.0,"visible":1,"width":0.0,"thickness":0.0,"ext":"(3:0,0,0.1)"},"geometry":{"type":"LineString","coordinates":[[14.1436038,55.9847085,0.0],[14.1436488,55.9846829,0.0],[14.1436031,55.9846577,0.0],[14.1435582,55.9846833,0.0],[14.1436038,55.9847085,0.0]]}},
{"type":"Feature","properties":{"fid":2570,"handle":98665,"block":-1,"etype":18,"space":0,"layer":"J26_Funkby","olinetype":"BYLAYER","linetype":"","color":"0,255,255,254","ocolor":256,"color24":-1,"transparency":0,"lweight":-1,"linewidth":0.0,"ltscale":1.0,"visible":1,"width":0.0,"thickness":0.0,"ext":"(3:0,0,0.1)"},"geometry":{"type":"LineString","coordinates":[[14.1435582,55.9846833,0.0],[14.1436031,55.9846577,0.0],[14.1435575,55.9846325,0.0],[14.1435125,55.9846581,0.0],[14.1435582,55.9846833,0.0]]}},
{"type":"Feature","properties":{"fid":2571,"handle":98666,"block":-1,"etype":18,"space":0,"layer":"J26_Funkby","olinetype":"BYLAYER","linetype":"","color":"0,255,255,254","ocolor":256,"color24":-1,"transparency":0,"lweight":-1,"linewidth":0.0,"ltscale":1.0,"visible":1,"width":0.0,"thickness":0.0,"ext":"(3:0,0,0.1)"},"geometry":{"type":"LineString","coordinates":[[14.1435125,55.9846581,0.0],[14.1435575,55.9846325,0.0],[14.1435118,55.9846073,0.0],[14.1434669,55.9846329,0.0],[14.1435125,55.9846581,0.0]]}},
{"type":"Feature","properties":{"fid":2572,"handle":98667,"block":-1,"etype":18,"space":0,"layer":"J26_Funkby","olinetype":"BYLAYER","linetype":"","color":"0,255,255,254","ocolor":256,"color24":-1,"transparency":0,"lweight":-1,"linewidth":0.0,"ltscale":1.0,"visible":1,"width":0.0,"thickness":0.0,"ext":"(3:0,0,0.1)"},"geometry":{"type":"LineString","coordinates":[[14.1434669,55.9846329,0.0],[14.1435118,55.9846073,0.0],[14.1434662,55.9845821,0.0],[14.1434212,55.9846077,0.0],[14.1434669,55.9846329,0.0]]}},
{"type":"Feature","properties":{"fid":2573,"handle":98668,"block":-1,"etype":18,"space":0,"layer":"J26_Funkby","olinetype":"BYLAYER","linetype":"","color":"0,255,255,254","ocolor":256,"color24":-1,"transparency":0,"lweight":-1,"linewidth":0.0,"ltscale":1.0,"visible":1,"width":0.0,"thickness":0.0,"ext":"(3:0,0,0.1)"},"geometry":{"type":"LineString","coordinates":[[14.1436488,55.9846829,0.0],[14.1436938,55.9846573,0.0],[14.1436481,55.9846321,0.0],[14.1436031,55.9846577,0.0],[14.1436488,55.9846829,0.0]]}},
{"type":"Feature","properties":{"fid":2574,"handle":98669,"block":-1,"etype":18,"space":0,"layer":"J26_Funkby","olinetype":"BYLAYER","linetype":"","color":"0,255,255,254","ocolor":256,"color24":-1,"transparency":0,"lweight":-1,"linewidth":0.0,"ltscale":1.0,"visible":1,"width":0.0,"thickness":0.0,"ext":"(3:0,0,0.1)"},"geometry":{"type":"LineString","coordinates":[[14.1436031,55.9846577,0.0],[14.1436481,55.9846321,0.0],[14.1436025,55.9846069,0.0],[14.1435575,55.9846325,0.0],[14.1436031,55.9846577,0.0]]}},
{"type":"Feature","properties":{"fid":2575,"handle":98670,"block":-1,"etype":18,"space":0,"layer":"J26_Funkby","olinetype":"BYLAYER","linetype":"","color":"0,255,255,254","ocolor":256,"color24":-1,"transparency":0,"lweight":-1,"linewidth":0.0,"ltscale":1.0,"visible":1,"width":0.0,"thickness":0.0,"ext":"(3:0,0,0.1)"},"geometry":{"type":"LineString","coordinates":[[14.1435575,55.9846325,0.0],[14.1436025,55.9846069,0.0],[14.1435568,55.9845817,0.0],[14.1435118,55.9846073,0.0],[14.1435575,55.9846325,0.0]]}},
{"type":"Feature","properties":{"fid":2576,"handle":98671,"block":-1,"etype":18,"space":0,"layer":"J26_Funkby","olinetype":"BYLAYER","linetype":"","color":"0,255,255,254","ocolor":256,"color24":-1,"transparency":0,"lweight":-1,"linewidth":0.0,"ltscale":1.0,"visible":1,"width":0.0,"thickness":0.0,"ext":"(3:0,0,0.1)"},"geometry":{"type":"LineString","coordinates":[[14.1435118,55.9846073,0.0],[14.1435568,55.9845817,0.0],[14.1435112,55.9845565,0.0],[14.1434662,55.9845821,0.0],[14.1435118,55.9846073,0.0]]}},
{"type":"Feature","properties":{"fid":2577,"handle":98672,"block":-1,"etype":18,"space":0,"layer":"J26_Funkby","olinetype":"BYLAYER","linetype":"","color":"0,255,255,254","ocolor":256,"color24":-1,"transparency":0,"lweight":-1,"linewidth":0.0,"ltscale":1.0,"visible":1,"width":0.0,"thickness":0.0,"ext":"(3:0,0,0.1)"},"geometry":{"type":"LineString","coordinates":[[14.1436938,55.9846573,0.0],[14.1437387,55.9846317,0.0],[14.1436931,55.9846065,0.0],[14.1436481,55.9846321,0.0],[14.1436938,55.9846573,0.0]]}},
{"type":"Feature","properties":{"fid":2578,"handle":98673,"block":-1,"etype":18,"space":0,"layer":"J26_Funkby","olinetype":"BYLAYER","linetype":"","color":"0,255,255,254","ocolor":256,"color24":-1,"transparency":0,"lweight":-1,"linewidth":0.0,"ltscale":1.0,"visible":1,"width":0.0,"thickness":0.0,"ext":"(3:0,0,0.1)"},"geometry":{"type":"LineString","coordinates":[[14.1436481,55.9846321,0.0],[14.1436931,55.9846065,0.0],[14.1436474,55.9845813,0.0],[14.1436025,55.9846069,0.0],[14.1436481,55.9846321,0.0]]}},
{"type":"Feature","properties":{"fid":2579,"handle":98674,"block":-1,"etype":18,"space":0,"layer":"J26_Funkby","olinetype":"BYLAYER","linetype":"","color":"0,255,255,254","ocolor":256,"color24":-1,"transparency":0,"lweight":-1,"linewidth":0.0,"ltscale":1.0,"visible":1,"width":0.0,"thickness":0.0,"ext":"(3:0,0,0.1)"},"geometry":{"type":"LineString","coordinates":[[14.1436025,55.9846069,0.0],[14.1436474,55.9845813,0.0],[14.1436018,55.9845561,0.0],[14.1435568,55.9845817,0.0],[14.1436025,55.9846069,0.0]]}},
{"type":"Feature","properties":{"fid":2580,"handle":98675,"block":-1,"etype":18,"space":0,"layer":"J26_Funkby","olinetype":"BYLAYER","linetype":"","color":"0,255,255,254","ocolor":256,"color24":-1,"transparency":0,"lweight":-1,"linewidth":0.0,"ltscale":1.0,"visible":1,"width":0.0,"thickness":0.0,"ext":"(3:0,0,0.1)"},"geometry":{"type":"LineString","coordinates":[[14.1435568,55.9845817,0.0],[14.1436018,55.9845561,0.0],[14.1435561,55.9845309,0.0],[14.1435112,55.9845565,0.0],[14.1435568,55.9845817,0.0]]}},
{"type":"Feature","properties":{"fid":2581,"handle":98676,"block":-1,"etype":18,"space":0,"layer":"J26_Funkby","olinetype":"BYLAYER","linetype":"","color":"0,255,255,254","ocolor":256,"color24":-1,"transparency":0,"lweight":-1,"linewidth":0.0,"ltscale":1.0,"visible":1,"width":0.0,"thickness":0.0,"ext":"(3:0,0,0.1)"},"geometry":{"type":"LineString","coordinates":[[14.143746,55.9845979,0.0],[14.143791,55.9845724,0.0],[14.1437453,55.9845471,0.0],[14.1437004,55.9845727,0.0],[14.143746,55.9845979,0.0]]}},
{"type":"Feature","properties":{"fid":2582,"handle":98677,"block":-1,"etype":18,"space":0,"layer":"J26_Funkby","olinetype":"BYLAYER","linetype":"","color":"0,255,255,254","ocolor":256,"color24":-1,"transparency":0,"lweight":-1,"linewidth":0.0,"ltscale":1.0,"visible":1,"width":0.0,"thickness":0.0,"ext":"(3:0,0,0.1)"},"geometry":{"type":"LineString","coordinates":[[14.1437004,55.9845727,0.0],[14.1437453,55.9845471,0.0],[14.1436997,55.9845219,0.0],[14.1436547,55.9845475,0.0],[14.1437004,55.9845727,0.0]]}},
{"type":"Feature","properties":{"fid":2583,"handle":98678,"block":-1,"etype":18,"space":0,"layer":"J26_Funkby","olinetype":"BYLAYER","linetype":"","color":"0,255,255,254","ocolor":256,"color24":-1,"transparency":0,"lweight":-1,"linewidth":0.0,"ltscale":1.0,"visible":1,"width":0.0,"thickness":0.0,"ext":"(3:0,0,0.1)"},"geometry":{"type":"LineString","coordinates":[[14.1436547,55.9845475,0.0],[14.1436997,55.9845219,0.0],[14.143654,55.9844967,0.0],[14.1436091,55.9845223,0.0],[14.1436547,55.9845475,0.0]]}},
{"type":"Feature","properties":{"fid":2584,"handle":98679,"block":-1,"etype":18,"space":0,"layer":"J26_Funkby","olinetype":"BYLAYER","linetype":"","color":"0,255,255,254","ocolor":256,"color24":-1,"transparency":0,"lweight":-1,"linewidth":0.0,"ltscale":1.0,"visible":1,"width":0.0,"thickness":0.0,"ext":"(3:0,0,0.1)"},"geometry":{"type":"LineString","coordinates":[[14.1436091,55.9845223,0.0],[14.143654,55.9844967,0.0],[14.1436084,55.9844715,0.0],[14.1435634,55.9844971,0.0],[14.1436091,55.9845223,0.0]]}},
{"type":"Feature","properties":{"fid":2585,"handle":98680,"block":-1,"etype":18,"space":0,"layer":"J26_Funkby","olinetype":"BYLAYER","linetype":"","color":"0,255,255,254","ocolor":256,"color24":-1,"transparency":0,"lweight":-1,"linewidth":0.0,"ltscale":1.0,"visible":1,"width":0.0,"thickness":0.0,"ext":"(3:0,0,0.1)"},"geometry":{"type":"LineString","coordinates":[[14.143791,55.9845724,0.0],[14.143836,55.9845468,0.0],[14.1437903,55.9845215,0.0],[14.1437453,55.9845471,0.0],[14.143791,55.9845724,0.0]]}},
{"type":"Feature","properties":{"fid":2586,"handle":98681,"block":-1,"etype":18,"space":0,"layer":"J26_Funkby","olinetype":"BYLAYER","linetype":"","color":"0,255,255,254","ocolor":256,"color24":-1,"transparency":0,"lweight":-1,"linewidth":0.0,"ltscale":1.0,"visible":1,"width":0.0,"thickness":0.0,"ext":"(3:0,0,0.1)"},"geometry":{"type":"LineString","coordinates":[[14.1437453,55.9845471,0.0],[14.1437903,55.9845215,0.0],[14.1437447,55.9844963,0.0],[14.1436997,55.9845219,0.0],[14.1437453,55.9845471,0.0]]}},
{"type":"Feature","properties":{"fid":2587,"handle":98682,"block":-1,"etype":18,"space":0,"layer":"J26_Funkby","olinetype":"BYLAYER","linetype":"","color":"0,255,255,254","ocolor":256,"color24":-1,"transparency":0,"lweight":-1,"linewidth":0.0,"ltscale":1.0,"visible":1,"width":0.0,"thickness":0.0,"ext":"(3:0,0,0.1)"},"geometry":{"type":"LineString","coordinates":[[14.1436997,55.9845219,0.0],[14.1437447,55.9844963,0.0],[14.143699,55.9844711,0.0],[14.143654,55.9844967,0.0],[14.1436997,55.9845219,0.0]]}},
{"type":"Feature","properties":{"fid":2588,"handle":98683,"block":-1,"etype":18,"space":0,"layer":"J26_Funkby","olinetype":"BYLAYER","linetype":"","color":"0,255,255,254","ocolor":256,"color24":-1,"transparency":0,"lweight":-1,"linewidth":0.0,"ltscale":1.0,"visible":1,"width":0.0,"thickness":0.0,"ext":"(3:0,0,0.1)"},"geometry":{"type":"LineString","coordinates":[[14.143654,55.9844967,0.0],[14.143699,55.9844711,0.0],[14.1436534,55.9844459,0.0],[14.1436084,55.9844715,0.0],[14.143654,55.9844967,0.0]]}},
{"type":"Feature","properties":{"fid":2589,"handle":98687,"block":-1,"etype":18,"space":0,"layer":"J26_Funkby","olinetype":"BYLAYER","linetype":"","color":"0,255,255,254","ocolor":256,"color24":-1,"transparency":0,"lweight":-1,"linewidth":0.0,"ltscale":1.0,"visible":1,"width":0.0,"thickness":0.0,"ext":"(3:0,0,0.1)"},"geometry":{"type":"LineString","coordinates":[[14.1436216,55.9843906,0.0],[14.1436666,55.984365,0.0],[14.143621,55.9843398,0.0],[14.143576,55.9843654,0.0],[14.1436216,55.9843906,0.0]]}},
{"type":"Feature","properties":{"fid":2590,"handle":98688,"block":-1,"etype":18,"space":0,"layer":"J26_Funkby","olinetype":"BYLAYER","linetype":"","color":"0,255,255,254","ocolor":256,"color24":-1,"transparency":0,"lweight":-1,"linewidth":0.0,"ltscale":1.0,"visible":1,"width":0.0,"thickness":0.0,"ext":"(3:0,0,0.1)"},"geometry":{"type":"LineString","coordinates":[[14.143576,55.9843654,0.0],[14.143621,55.9843398,0.0],[14.1435753,55.9843145,0.0],[14.1435303,55.9843401,0.0],[14.143576,55.9843654,0.0]]}},
{"type":"Feature","properties":{"fid":2591,"handle":98689,"block":-1,"etype":18,"space":0,"layer":"J26_Funkby","olinetype":"BYLAYER","linetype":"","color":"0,255,255,254","ocolor":256,"color24":-1,"transparency":0,"lweight":-1,"linewidth":0.0,"ltscale":1.0,"visible":1,"width":0.0,"thickness":0.0,"ext":"(3:0,0,0.1)"},"geometry":{"type":"LineString","coordinates":[[14.1435303,55.9843401,0.0],[14.1435753,55.9843145,0.0],[14.1435297,55.9842893,0.0],[14.1434847,55.9843149,0.0],[14.1435303,55.9843401,0.0]]}},
{"type":"Feature","properties":{"fid":2592,"handle":98690,"block":-1,"etype":18,"space":0,"layer":"J26_Funkby","olinetype":"BYLAYER","linetype":"","color":"0,255,255,254","ocolor":256,"color24":-1,"transparency":0,"lweight":-1,"linewidth":0.0,"ltscale":1.0,"visible":1,"width":0.0,"thickness":0.0,"ext":"(3:0,0,0.1)"},"geometry":{"type":"LineString","coordinates":[[14.1434847,55.9843149,0.0],[14.1435297,55.9842893,0.0],[14.143484,55.9842641,0.0],[14.143439,55.9842897,0.0],[14.1434847,55.9843149,0.0]]}},
{"type":"Feature","properties":{"fid":2593,"handle":98691,"block":-1,"etype":18,"space":0,"layer":"J26_Funkby","olinetype":"BYLAYER","linetype":"","color":"0,255,255,254","ocolor":256,"color24":-1,"transparency":0,"lweight":-1,"linewidth":0.0,"ltscale":1.0,"visible":1,"width":0.0,"thickness":0.0,"ext":"(3:0,0,0.1)"},"geometry":{"type":"LineString","coordinates":[[14.1436666,55.984365,0.0],[14.1437116,55.9843394,0.0],[14.1436659,55.9843142,0.0],[14.143621,55.9843398,0.0],[14.1436666,55.984365,0.0]]}},
{"type":"Feature","properties":{"fid":2594,"handle":98692,"block":-1,"etype":18,"space":0,"layer":"J26_Funkby","olinetype":"BYLAYER","linetype":"","color":"0,255,255,254","ocolor":256,"color24":-1,"transparency":0,"lweight":-1,"linewidth":0.0,"ltscale":1.0,"visible":1,"width":0.0,"thickness":0.0,"ext":"(3:0,0,0.1)"},"geometry":{"type":"LineString","coordinates":[[14.143621,55.9843398,0.0],[14.1436659,55.9843142,0.0],[14.1436203,55.984289,0.0],[14.1435753,55.9843145,0.0],[14.143621,55.9843398,0.0]]}},
{"type":"Feature","properties":{"fid":2595,"handle":98693,"block":-1,"etype":18,"space":0,"layer":"J26_Funkby","olinetype":"BYLAYER","linetype":"","color":"0,255,255,254","ocolor":256,"color24":-1,"transparency":0,"lweight":-1,"linewidth":0.0,"ltscale":1.0,"visible":1,"width":0.0,"thickness":0.0,"ext":"(3:0,0,0.1)"},"geometry":{"type":"LineString","coordinates":[[14.1435753,55.9843145,0.0],[14.1436203,55.984289,0.0],[14.1435746,55.9842637,0.0],[14.1435297,55.9842893,0.0],[14.1435753,55.9843145,0.0]]}},
{"type":"Feature","properties":{"fid":2596,"handle":98694,"block":-1,"etype":18,"space":0,"layer":"J26_Funkby","olinetype":"BYLAYER","linetype":"","color":"0,255,255,254","ocolor":256,"color24":-1,"transparency":0,"lweight":-1,"linewidth":0.0,"ltscale":1.0,"visible":1,"width":0.0,"thickness":0.0,"ext":"(3:0,0,0.1)"},"geometry":{"type":"LineString","coordinates":[[14.1435297,55.9842893,0.0],[14.1435746,55.9842637,0.0],[14.143529,55.9842385,0.0],[14.143484,55.9842641,0.0],[14.1435297,55.9842893,0.0]]}},
{"type":"Feature","properties":{"fid":2597,"handle":98695,"block":-1,"etype":18,"space":0,"layer":"J26_Funkby","olinetype":"BYLAYER","linetype":"","color":"0,255,255,254","ocolor":256,"color24":-1,"transparency":0,"lweight":-1,"linewidth":0.0,"ltscale":1.0,"visible":1,"width":0.0,"thickness":0.0,"ext":"(3:0,0,0.1)"},"geometry":{"type":"LineString","coordinates":[[14.1437148,55.9843033,0.0],[14.1437598,55.9842777,0.0],[14.1437141,55.9842525,0.0],[14.1436691,55.9842781,0.0],[14.1437148,55.9843033,0.0]]}},
{"type":"Feature","properties":{"fid":2598,"handle":98696,"block":-1,"etype":18,"space":0,"layer":"J26_Funkby","olinetype":"BYLAYER","linetype":"","color":"0,255,255,254","ocolor":256,"color24":-1,"transparency":0,"lweight":-1,"linewidth":0.0,"ltscale":1.0,"visible":1,"width":0.0,"thickness":0.0,"ext":"(3:0,0,0.1)"},"geometry":{"type":"LineString","coordinates":[[14.1436691,55.9842781,0.0],[14.1437141,55.9842525,0.0],[14.1436685,55.9842273,0.0],[14.1436235,55.9842529,0.0],[14.1436691,55.9842781,0.0]]}},
{"type":"Feature","properties":{"fid":2599,"handle":98697,"block":-1,"etype":18,"space":0,"layer":"J26_Funkby","olinetype":"BYLAYER","linetype":"","color":"0,255,255,254","ocolor":256,"color24":-1,"transparency":0,"lweight":-1,"linewidth":0.0,"ltscale":1.0,"visible":1,"width":0.0,"thickness":0.0,"ext":"(3:0,0,0.1)"},"geometry":{"type":"LineString","coordinates":[[14.1436235,55.9842529,0.0],[14.1436685,55.9842273,0.0],[14.1436228,55.9842021,0.0],[14.1435778,55.9842277,0.0],[14.1436235,55.9842529,0.0]]}},
{"type":"Feature","properties":{"fid":2600,"handle":98698,"block":-1,"etype":18,"space":0,"layer":"J26_Funkby","olinetype":"BYLAYER","linetype":"","color":"0,255,255,254","ocolor":256,"color24":-1,"transparency":0,"lweight":-1,"linewidth":0.0,"ltscale":1.0,"visible":1,"width":0.0,"thickness":0.0,"ext":"(3:0,0,0.1)"},"geometry":{"type":"LineString","coordinates":[[14.1435778,55.9842277,0.0],[14.1436228,55.9842021,0.0],[14.1435772,55.9841769,0.0],[14.1435322,55.9842025,0.0],[14.1435778,55.9842277,0.0]]}},
{"type":"Feature","properties":{"fid":2601,"handle":98699,"block":-1,"etype":18,"space":0,"layer":"J26_Funkby","olinetype":"BYLAYER","linetype":"","color":"0,255,255,254","ocolor":256,"color24":-1,"transparency":0,"lweight":-1,"linewidth":0.0,"ltscale":1.0,"visible":1,"width":0.0,"thickness":0.0,"ext":"(3:0,0,0.1)"},"geometry":{"type":"LineString","coordinates":[[14.1437598,55.9842777,0.0],[14.1438047,55.9842521,0.0],[14.1437591,55.9842269,0.0],[14.1437141,55.9842525,0.0],[14.1437598,55.9842777,0.0]]}},
{"type":"Feature","properties":{"fid":2602,"handle":98700,"block":-1,"etype":18,"space":0,"layer":"J26_Funkby","olinetype":"BYLAYER","linetype":"","color":"0,255,255,254","ocolor":256,"color24":-1,"transparency":0,"lweight":-1,"linewidth":0.0,"ltscale":1.0,"visible":1,"width":0.0,"thickness":0.0,"ext":"(3:0,0,0.1)"},"geometry":{"type":"LineString","coordinates":[[14.1437141,55.9842525,0.0],[14.1437591,55.9842269,0.0],[14.1437134,55.9842017,0.0],[14.1436685,55.9842273,0.0],[14.1437141,55.9842525,0.0]]}},
{"type":"Feature","properties":{"fid":2603,"handle":98701,"block":-1,"etype":18,"space":0,"layer":"J26_Funkby","olinetype":"BYLAYER","linetype":"","color":"0,255,255,254","ocolor":256,"color24":-1,"transparency":0,"lweight":-1,"linewidth":0.0,"ltscale":1.0,"visible":1,"width":0.0,"thickness":0.0,"ext":"(3:0,0,0.1)"},"geometry":{"type":"LineString","coordinates":[[14.1436685,55.9842273,0.0],[14.1437134,55.9842017,0.0],[14.1436678,55.9841765,0.0],[14.1436228,55.9842021,0.0],[14.1436685,55.9842273,0.0]]}},
{"type":"Feature","properties":{"fid":2604,"handle":98702,"block":-1,"etype":18,"space":0,"layer":"J26_Funkby","olinetype":"BYLAYER","linetype":"","color":"0,255,255,254","ocolor":256,"color24":-1,"transparency":0,"lweight":-1,"linewidth":0.0,"ltscale":1.0,"visible":1,"width":0.0,"thickness":0.0,"ext":"(3:0,0,0.1)"},"geometry":{"type":"LineString","coordinates":[[14.1436228,55.9842021,0.0],[14.1436678,55.9841765,0.0],[14.1436221,55.9841513,0.0],[14.1435772,55.9841769,0.0],[14.1436228,55.9842021,0.0]]}},
{"type":"Feature","properties":{"fid":2605,"handle":98703,"block":-1,"etype":18,"space":0,"layer":"J26_Funkby","olinetype":"BYLAYER","linetype":"","color":"0,255,255,254","ocolor":256,"color24":-1,"transparency":0,"lweight":-1,"linewidth":0.0,"ltscale":1.0,"visible":1,"width":0.0,"thickness":0.0,"ext":"(3:0,0,0.1)"},"geometry":{"type":"LineString","coordinates":[[14.1438314,55.9842291,0.0],[14.1438764,55.9842035,0.0],[14.1438307,55.9841782,0.0],[14.1437857,55.9842038,0.0],[14.1438314,55.9842291,0.0]]}},
{"type":"Feature","properties":{"fid":2606,"handle":98704,"block":-1,"etype":18,"space":0,"layer":"J26_Funkby","olinetype":"BYLAYER","linetype":"","color":"0,255,255,254","ocolor":256,"color24":-1,"transparency":0,"lweight":-1,"linewidth":0.0,"ltscale":1.0,"visible":1,"width":0.0,"thickness":0.0,"ext":"(3:0,0,0.1)"},"geometry":{"type":"LineString","coordinates":[[14.1437857,55.9842038,0.0],[14.1438307,55.9841782,0.0],[14.1437851,55.984153,0.0],[14.1437401,55.9841786,0.0],[14.1437857,55.9842038,0.0]]}},
{"type":"Feature","properties":{"fid":2607,"handle":98705,"block":-1,"etype":18,"space":0,"layer":"J26_Funkby","olinetype":"BYLAYER","linetype":"","color":"0,255,255,254","ocolor":256,"color24":-1,"transparency":0,"lweight":-1,"linewidth":0.0,"ltscale":1.0,"visible":1,"width":0.0,"thickness":0.0,"ext":"(3:0,0,0.1)"},"geometry":{"type":"LineString","coordinates":[[14.1437401,55.9841786,0.0],[14.1437851,55.984153,0.0],[14.1437394,55.9841278,0.0],[14.1436944,55.9841534,0.0],[14.1437401,55.9841786,0.0]]}},
{"type":"Feature","properties":{"fid":2608,"handle":98706,"block":-1,"etype":18,"space":0,"layer":"J26_Funkby","olinetype":"BYLAYER","linetype":"","color":"0,255,255,254","ocolor":256,"color24":-1,"transparency":0,"lweight":-1,"linewidth":0.0,"ltscale":1.0,"visible":1,"width":0.0,"thickness":0.0,"ext":"(3:0,0,0.1)"},"geometry":{"type":"LineString","coordinates":[[14.1436944,55.9841534,0.0],[14.1437394,55.9841278,0.0],[14.1436938,55.9841026,0.0],[14.1436488,55.9841282,0.0],[14.1436944,55.9841534,0.0]]}},
{"type":"Feature","properties":{"fid":2609,"handle":98707,"block":-1,"etype":18,"space":0,"layer":"J26_Funkby","olinetype":"BYLAYER","linetype":"","color":"0,255,255,254","ocolor":256,"color24":-1,"transparency":0,"lweight":-1,"linewidth":0.0,"ltscale":1.0,"visible":1,"width":0.0,"thickness":0.0,"ext":"(3:0,0,0.1)"},"geometry":{"type":"LineString","coordinates":[[14.1438764,55.9842035,0.0],[14.1439213,55.9841779,0.0],[14.1438757,55.9841527,0.0],[14.1438307,55.9841782,0.0],[14.1438764,55.9842035,0.0]]}},
{"type":"Feature","properties":{"fid":2610,"handle":98708,"block":-1,"etype":18,"space":0,"layer":"J26_Funkby","olinetype":"BYLAYER","linetype":"","color":"0,255,255,254","ocolor":256,"color24":-1,"transparency":0,"lweight":-1,"linewidth":0.0,"ltscale":1.0,"visible":1,"width":0.0,"thickness":0.0,"ext":"(3:0,0,0.1)"},"geometry":{"type":"LineString","coordinates":[[14.1438307,55.9841782,0.0],[14.1438757,55.9841527,0.0],[14.14383,55.9841274,0.0],[14.1437851,55.984153,0.0],[14.1438307,55.9841782,0.0]]}},
{"type":"Feature","properties":{"fid":2611,"handle":98709,"block":-1,"etype":18,"space":0,"layer":"J26_Funkby","olinetype":"BYLAYER","linetype":"","color":"0,255,255,254","ocolor":256,"color24":-1,"transparency":0,"lweight":-1,"linewidth":0.0,"ltscale":1.0,"visible":1,"width":0.0,"thickness":0.0,"ext":"(3:0,0,0.1)"},"geometry":{"type":"LineString","coordinates":[[14.1437851,55.984153,0.0],[14.14383,55.9841274,0.0],[14.1437844,55.9841022,0.0],[14.1437394,55.9841278,0.0],[14.1437851,55.984153,0.0]]}},
{"type":"Feature","properties":{"fid":2612,"handle":98710,"block":-1,"etype":18,"space":0,"layer":"J26_Funkby","olinetype":"BYLAYER","linetype":"","color":"0,255,255,254","ocolor":256,"color24":-1,"transparency":0,"lweight":-1,"linewidth":0.0,"ltscale":1.0,"visible":1,"width":0.0,"thickness":0.0,"ext":"(3:0,0,0.1)"},"geometry":{"type":"LineString","coordinates":[[14.1437394,55.9841278,0.0],[14.1437844,55.9841022,0.0],[14.1437387,55.984077,0.0],[14.1436938,55.9841026,0.0],[14.1437394,55.9841278,0.0]]}},
{"type":"Feature","properties":{"fid":2613,"handle":98714,"block":-1,"etype":18,"space":0,"layer":"J26_Funkby","olinetype":"BYLAYER","linetype":"","color":"0,255,255,254","ocolor":256,"color24":-1,"transparency":0,"lweight":-1,"linewidth":0.0,"ltscale":1.0,"visible":1,"width":0.0,"thickness":0.0,"ext":"(3:0,0,0.1)"},"geometry":{"type":"LineString","coordinates":[[14.1438385,55.9845103,0.0],[14.1438834,55.9844847,0.0],[14.1438378,55.9844595,0.0],[14.1437928,55.9844851,0.0],[14.1438385,55.9845103,0.0]]}},
{"type":"Feature","properties":{"fid":2614,"handle":98715,"block":-1,"etype":18,"space":0,"layer":"J26_Funkby","olinetype":"BYLAYER","linetype":"","color":"0,255,255,254","ocolor":256,"color24":-1,"transparency":0,"lweight":-1,"linewidth":0.0,"ltscale":1.0,"visible":1,"width":0.0,"thickness":0.0,"ext":"(3:0,0,0.1)"},"geometry":{"type":"LineString","coordinates":[[14.1437928,55.9844851,0.0],[14.1438378,55.9844595,0.0],[14.1437921,55.9844343,0.0],[14.1437472,55.9844599,0.0],[14.1437928,55.9844851,0.0]]}},
{"type":"Feature","properties":{"fid":2615,"handle":98716,"block":-1,"etype":18,"space":0,"layer":"J26_Funkby","olinetype":"BYLAYER","linetype":"","color":"0,255,255,254","ocolor":256,"color24":-1,"transparency":0,"lweight":-1,"linewidth":0.0,"ltscale":1.0,"visible":1,"width":0.0,"thickness":0.0,"ext":"(3:0,0,0.1)"},"geometry":{"type":"LineString","coordinates":[[14.1437472,55.9844599,0.0],[14.1437921,55.9844343,0.0],[14.1437465,55.9844091,0.0],[14.1437015,55.9844347,0.0],[14.1437472,55.9844599,0.0]]}},
{"type":"Feature","properties":{"fid":2616,"handle":98717,"block":-1,"etype":18,"space":0,"layer":"J26_Funkby","olinetype":"BYLAYER","linetype":"","color":"0,255,255,254","ocolor":256,"color24":-1,"transparency":0,"lweight":-1,"linewidth":0.0,"ltscale":1.0,"visible":1,"width":0.0,"thickness":0.0,"ext":"(3:0,0,0.1)"},"geometry":{"type":"LineString","coordinates":[[14.1437015,55.9844347,0.0],[14.1437465,55.9844091,0.0],[14.1437008,55.9843839,0.0],[14.1436559,55.9844095,0.0],[14.1437015,55.9844347,0.0]]}},
{"type":"Feature","properties":{"fid":2617,"handle":98718,"block":-1,"etype":18,"space":0,"layer":"J26_Funkby","olinetype":"BYLAYER","linetype":"","color":"0,255,255,254","ocolor":256,"color24":-1,"transparency":0,"lweight":-1,"linewidth":0.0,"ltscale":1.0,"visible":1,"width":0.0,"thickness":0.0,"ext":"(3:0,0,0.1)"},"geometry":{"type":"LineString","coordinates":[[14.1438834,55.9844847,0.0],[14.1439284,55.9844591,0.0],[14.1438828,55.9844339,0.0],[14.1438378,55.9844595,0.0],[14.1438834,55.9844847,0.0]]}},
{"type":"Feature","properties":{"fid":2618,"handle":98719,"block":-1,"etype":18,"space":0,"layer":"J26_Funkby","olinetype":"BYLAYER","linetype":"","color":"0,255,255,254","ocolor":256,"color24":-1,"transparency":0,"lweight":-1,"linewidth":0.0,"ltscale":1.0,"visible":1,"width":0.0,"thickness":0.0,"ext":"(3:0,0,0.1)"},"geometry":{"type":"LineString","coordinates":[[14.1438378,55.9844595,0.0],[14.1438828,55.9844339,0.0],[14.1438371,55.9844087,0.0],[14.1437921,55.9844343,0.0],[14.1438378,55.9844595,0.0]]}},
{"type":"Feature","properties":{"fid":2619,"handle":98720,"block":-1,"etype":18,"space":0,"layer":"J26_Funkby","olinetype":"BYLAYER","linetype":"","color":"0,255,255,254","ocolor":256,"color24":-1,"transparency":0,"lweight":-1,"linewidth":0.0,"ltscale":1.0,"visible":1,"width":0.0,"thickness":0.0,"ext":"(3:0,0,0.1)"},"geometry":{"type":"LineString","coordinates":[[14.1437921,55.9844343,0.0],[14.1438371,55.9844087,0.0],[14.1437915,55.9843835,0.0],[14.1437465,55.9844091,0.0],[14.1437921,55.9844343,0.0]]}},
{"type":"Feature","properties":{"fid":2620,"handle":98721,"block":-1,"etype":18,"space":0,"layer":"J26_Funkby","olinetype":"BYLAYER","linetype":"","color":"0,255,255,254","ocolor":256,"color24":-1,"transparency":0,"lweight":-1,"linewidth":0.0,"ltscale":1.0,"visible":1,"width":0.0,"thickness":0.0,"ext":"(3:0,0,0.1)"},"geometry":{"type":"LineString","coordinates":[[14.1437465,55.9844091,0.0],[14.1437915,55.9843835,0.0],[14.1437458,55.9843583,0.0],[14.1437008,55.9843839,0.0],[14.1437465,55.9844091,0.0]]}},
{"type":"Feature","properties":{"fid":2621,"handle":98722,"block":-1,"etype":18,"space":0,"layer":"J26_Funkby","olinetype":"BYLAYER","linetype":"","color":"0,255,255,254","ocolor":256,"color24":-1,"transparency":0,"lweight":-1,"linewidth":0.0,"ltscale":1.0,"visible":1,"width":0.0,"thickness":0.0,"ext":"(3:0,0,0.1)"},"geometry":{"type":"LineString","coordinates":[[14.1439316,55.9844231,0.0],[14.1439766,55.9843975,0.0],[14.1439309,55.9843723,0.0],[14.143886,55.9843979,0.0],[14.1439316,55.9844231,0.0]]}},
{"type":"Feature","properties":{"fid":2622,"handle":98723,"block":-1,"etype":18,"space":0,"layer":"J26_Funkby","olinetype":"BYLAYER","linetype":"","color":"0,255,255,254","ocolor":256,"color24":-1,"transparency":0,"lweight":-1,"linewidth":0.0,"ltscale":1.0,"visible":1,"width":0.0,"thickness":0.0,"ext":"(3:0,0,0.1)"},"geometry":{"type":"LineString","coordinates":[[14.143886,55.9843979,0.0],[14.1439309,55.9843723,0.0],[14.1438853,55.9843471,0.0],[14.1438403,55.9843727,0.0],[14.143886,55.9843979,0.0]]}},
{"type":"Feature","properties":{"fid":2623,"handle":98724,"block":-1,"etype":18,"space":0,"layer":"J26_Funkby","olinetype":"BYLAYER","linetype":"","color":"0,255,255,254","ocolor":256,"color24":-1,"transparency":0,"lweight":-1,"linewidth":0.0,"ltscale":1.0,"visible":1,"width":0.0,"thickness":0.0,"ext":"(3:0,0,0.1)"},"geometry":{"type":"LineString","coordinates":[[14.1438403,55.9843727,0.0],[14.1438853,55.9843471,0.0],[14.1438396,55.9843219,0.0],[14.1437947,55.9843474,0.0],[14.1438403,55.9843727,0.0]]}},
{"type":"Feature","properties":{"fid":2624,"handle":98725,"block":-1,"etype":18,"space":0,"layer":"J26_Funkby","olinetype":"BYLAYER","linetype":"","color":"0,255,255,254","ocolor":256,"color24":-1,"transparency":0,"lweight":-1,"linewidth":0.0,"ltscale":1.0,"visible":1,"width":0.0,"thickness":0.0,"ext":"(3:0,0,0.1)"},"geometry":{"type":"LineString","coordinates":[[14.1437947,55.9843474,0.0],[14.1438396,55.9843219,0.0],[14.143794,55.9842966,0.0],[14.143749,55.9843222,0.0],[14.1437947,55.9843474,0.0]]}},
{"type":"Feature","properties":{"fid":2625,"handle":98726,"block":-1,"etype":18,"space":0,"layer":"J26_Funkby","olinetype":"BYLAYER","linetype":"","color":"0,255,255,254","ocolor":256,"color24":-1,"transparency":0,"lweight":-1,"linewidth":0.0,"ltscale":1.0,"visible":1,"width":0.0,"thickness":0.0,"ext":"(3:0,0,0.1)"},"geometry":{"type":"LineString","coordinates":[[14.1439766,55.9843975,0.0],[14.1440216,55.9843719,0.0],[14.1439759,55.9843467,0.0],[14.1439309,55.9843723,0.0],[14.1439766,55.9843975,0.0]]}},
{"type":"Feature","properties":{"fid":2626,"handle":98727,"block":-1,"etype":18,"space":0,"layer":"J26_Funkby","olinetype":"BYLAYER","linetype":"","color":"0,255,255,254","ocolor":256,"color24":-1,"transparency":0,"lweight":-1,"linewidth":0.0,"ltscale":1.0,"visible":1,"width":0.0,"thickness":0.0,"ext":"(3:0,0,0.1)"},"geometry":{"type":"LineString","coordinates":[[14.1439309,55.9843723,0.0],[14.1439759,55.9843467,0.0],[14.1439303,55.9843215,0.0],[14.1438853,55.9843471,0.0],[14.1439309,55.9843723,0.0]]}},
{"type":"Feature","properties":{"fid":2627,"handle":98728,"block":-1,"etype":18,"space":0,"layer":"J26_Funkby","olinetype":"BYLAYER","linetype":"","color":"0,255,255,254","ocolor":256,"color24":-1,"transparency":0,"lweight":-1,"linewidth":0.0,"ltscale":1.0,"visible":1,"width":0.0,"thickness":0.0,"ext":"(3:0,0,0.1)"},"geometry":{"type":"LineString","coordinates":[[14.1438853,55.9843471,0.0],[14.1439303,55.9843215,0.0],[14.1438846,55.9842963,0.0],[14.1438396,55.9843219,0.0],[14.1438853,55.9843471,0.0]]}},
{"type":"Feature","properties":{"fid":2628,"handle":98729,"block":-1,"etype":18,"space":0,"layer":"J26_Funkby","olinetype":"BYLAYER","linetype":"","color":"0,255,255,254","ocolor":256,"color24":-1,"transparency":0,"lweight":-1,"linewidth":0.0,"ltscale":1.0,"visible":1,"width":0.0,"thickness":0.0,"ext":"(3:0,0,0.1)"},"geometry":{"type":"LineString","coordinates":[[14.1438396,55.9843219,0.0],[14.1438846,55.9842963,0.0],[14.143839,55.9842711,0.0],[14.143794,55.9842966,0.0],[14.1438396,55.9843219,0.0]]}},
{"type":"Feature","properties":{"fid":2629,"handle":98730,"block":-1,"etype":18,"space":0,"layer":"J26_Funkby","olinetype":"BYLAYER","linetype":"","color":"0,255,255,254","ocolor":256,"color24":-1,"transparency":0,"lweight":-1,"linewidth":0.0,"ltscale":1.0,"visible":1,"width":0.0,"thickness":0.0,"ext":"(3:0,0,0.1)"},"geometry":{"type":"LineString","coordinates":[[14.1440482,55.9843488,0.0],[14.1440932,55.9843232,0.0],[14.1440476,55.984298,0.0],[14.1440026,55.9843236,0.0],[14.1440482,55.9843488,0.0]]}},
{"type":"Feature","properties":{"fid":2630,"handle":98731,"block":-1,"etype":18,"space":0,"layer":"J26_Funkby","olinetype":"BYLAYER","linetype":"","color":"0,255,255,254","ocolor":256,"color24":-1,"transparency":0,"lweight":-1,"linewidth":0.0,"ltscale":1.0,"visible":1,"width":0.0,"thickness":0.0,"ext":"(3:0,0,0.1)"},"geometry":{"type":"LineString","coordinates":[[14.1440026,55.9843236,0.0],[14.1440476,55.984298,0.0],[14.1440019,55.9842728,0.0],[14.1439569,55.9842984,0.0],[14.1440026,55.9843236,0.0]]}},
{"type":"Feature","properties":{"fid":2631,"handle":98732,"block":-1,"etype":18,"space":0,"layer":"J26_Funkby","olinetype":"BYLAYER","linetype":"","color":"0,255,255,254","ocolor":256,"color24":-1,"transparency":0,"lweight":-1,"linewidth":0.0,"ltscale":1.0,"visible":1,"width":0.0,"thickness":0.0,"ext":"(3:0,0,0.1)"},"geometry":{"type":"LineString","coordinates":[[14.1439569,55.9842984,0.0],[14.1440019,55.9842728,0.0],[14.1439563,55.9842476,0.0],[14.1439113,55.9842732,0.0],[14.1439569,55.9842984,0.0]]}},
{"type":"Feature","properties":{"fid":2632,"handle":98733,"block":-1,"etype":18,"space":0,"layer":"J26_Funkby","olinetype":"BYLAYER","linetype":"","color":"0,255,255,254","ocolor":256,"color24":-1,"transparency":0,"lweight":-1,"linewidth":0.0,"ltscale":1.0,"visible":1,"width":0.0,"thickness":0.0,"ext":"(3:0,0,0.1)"},"geometry":{"type":"LineString","coordinates":[[14.1439113,55.9842732,0.0],[14.1439563,55.9842476,0.0],[14.1439106,55.9842224,0.0],[14.1438656,55.984248,0.0],[14.1439113,55.9842732,0.0]]}},
{"type":"Feature","properties":{"fid":2633,"handle":98734,"block":-1,"etype":18,"space":0,"layer":"J26_Funkby","olinetype":"BYLAYER","linetype":"","color":"0,255,255,254","ocolor":256,"color24":-1,"transparency":0,"lweight":-1,"linewidth":0.0,"ltscale":1.0,"visible":1,"width":0.0,"thickness":0.0,"ext":"(3:0,0,0.1)"},"geometry":{"type":"LineString","coordinates":[[14.1440932,55.9843232,0.0],[14.1441382,55.9842976,0.0],[14.1440925,55.9842724,0.0],[14.1440476,55.984298,0.0],[14.1440932,55.9843232,0.0]]}},
{"type":"Feature","properties":{"fid":2634,"handle":98735,"block":-1,"etype":18,"space":0,"layer":"J26_Funkby","olinetype":"BYLAYER","linetype":"","color":"0,255,255,254","ocolor":256,"color24":-1,"transparency":0,"lweight":-1,"linewidth":0.0,"ltscale":1.0,"visible":1,"width":0.0,"thickness":0.0,"ext":"(3:0,0,0.1)"},"geometry":{"type":"LineString","coordinates":[[14.1440476,55.984298,0.0],[14.1440925,55.9842724,0.0],[14.1440469,55.9842472,0.0],[14.1440019,55.9842728,0.0],[14.1440476,55.984298,0.0]]}},
{"type":"Feature","properties":{"fid":2635,"handle":98736,"block":-1,"etype":18,"space":0,"layer":"J26_Funkby","olinetype":"BYLAYER","linetype":"","color":"0,255,255,254","ocolor":256,"color24":-1,"transparency":0,"lweight":-1,"linewidth":0.0,"ltscale":1.0,"visible":1,"width":0.0,"thickness":0.0,"ext":"(3:0,0,0.1)"},"geometry":{"type":"LineString","coordinates":[[14.1440019,55.9842728,0.0],[14.1440469,55.9842472,0.0],[14.1440012,55.984222,0.0],[14.1439563,55.9842476,0.0],[14.1440019,55.9842728,0.0]]}},
{"type":"Feature","properties":{"fid":2636,"handle":98737,"block":-1,"etype":18,"space":0,"layer":"J26_Funkby","olinetype":"BYLAYER","linetype":"","color":"0,255,255,254","ocolor":256,"color24":-1,"transparency":0,"lweight":-1,"linewidth":0.0,"ltscale":1.0,"visible":1,"width":0.0,"thickness":0.0,"ext":"(3:0,0,0.1)"},"geometry":{"type":"LineString","coordinates":[[14.1439563,55.9842476,0.0],[14.1440012,55.984222,0.0],[14.1439556,55.9841968,0.0],[14.1439106,55.9842224,0.0],[14.1439563,55.9842476,0.0]]}},
{"type":"Feature","properties":{"fid":2637,"handle":98745,"block":-1,"etype":18,"space":0,"layer":"J26_Funkby","olinetype":"BYLAYER","linetype":"","color":"0,255,255,254","ocolor":256,"color24":-1,"transparency":0,"lweight":-1,"linewidth":0.0,"ltscale":1.0,"visible":1,"width":0.0,"thickness":0.0,"ext":"(3:0,0,0.1)"},"geometry":{"type":"LineString","coordinates":[[14.143387,55.9845888,0.0],[14.143432,55.9845632,0.0],[14.1433863,55.984538,0.0],[14.1433413,55.9845636,0.0],[14.143387,55.9845888,0.0]]}},
{"type":"Feature","properties":{"fid":2638,"handle":98746,"block":-1,"etype":18,"space":0,"layer":"J26_Funkby","olinetype":"BYLAYER","linetype":"","color":"0,255,255,254","ocolor":256,"color24":-1,"transparency":0,"lweight":-1,"linewidth":0.0,"ltscale":1.0,"visible":1,"width":0.0,"thickness":0.0,"ext":"(3:0,0,0.1)"},"geometry":{"type":"LineString","coordinates":[[14.1433413,55.9845636,0.0],[14.1433863,55.984538,0.0],[14.1433407,55.9845127,0.0],[14.1432957,55.9845383,0.0],[14.1433413,55.9845636,0.0]]}},
{"type":"Feature","properties":{"fid":2639,"handle":98747,"block":-1,"etype":18,"space":0,"layer":"J26_Funkby","olinetype":"BYLAYER","linetype":"","color":"0,255,255,254","ocolor":256,"color24":-1,"transparency":0,"lweight":-1,"linewidth":0.0,"ltscale":1.0,"visible":1,"width":0.0,"thickness":0.0,"ext":"(3:0,0,0.1)"},"geometry":{"type":"LineString","coordinates":[[14.1432957,55.9845383,0.0],[14.1433407,55.9845127,0.0],[14.143295,55.9844875,0.0],[14.14325,55.9845131,0.0],[14.1432957,55.9845383,0.0]]}},
{"type":"Feature","properties":{"fid":2640,"handle":98748,"block":-1,"etype":18,"space":0,"layer":"J26_Funkby","olinetype":"BYLAYER","linetype":"","color":"0,255,255,254","ocolor":256,"color24":-1,"transparency":0,"lweight":-1,"linewidth":0.0,"ltscale":1.0,"visible":1,"width":0.0,"thickness":0.0,"ext":"(3:0,0,0.1)"},"geometry":{"type":"LineString","coordinates":[[14.14325,55.9845131,0.0],[14.143295,55.9844875,0.0],[14.1432494,55.9844623,0.0],[14.1432044,55.9844879,0.0],[14.14325,55.9845131,0.0]]}},
{"type":"Feature","properties":{"fid":2641,"handle":98749,"block":-1,"etype":18,"space":0,"layer":"J26_Funkby","olinetype":"BYLAYER","linetype":"","color":"0,255,255,254","ocolor":256,"color24":-1,"transparency":0,"lweight":-1,"linewidth":0.0,"ltscale":1.0,"visible":1,"width":0.0,"thickness":0.0,"ext":"(3:0,0,0.1)"},"geometry":{"type":"LineString","coordinates":[[14.143432,55.9845632,0.0],[14.1434769,55.9845376,0.0],[14.1434313,55.9845124,0.0],[14.1433863,55.984538,0.0],[14.143432,55.9845632,0.0]]}},
{"type":"Feature","properties":{"fid":2642,"handle":98750,"block":-1,"etype":18,"space":0,"layer":"J26_Funkby","olinetype":"BYLAYER","linetype":"","color":"0,255,255,254","ocolor":256,"color24":-1,"transparency":0,"lweight":-1,"linewidth":0.0,"ltscale":1.0,"visible":1,"width":0.0,"thickness":0.0,"ext":"(3:0,0,0.1)"},"geometry":{"type":"LineString","coordinates":[[14.1433863,55.984538,0.0],[14.1434313,55.9845124,0.0],[14.1433856,55.9844872,0.0],[14.1433407,55.9845127,0.0],[14.1433863,55.984538,0.0]]}},
{"type":"Feature","properties":{"fid":2643,"handle":98751,"block":-1,"etype":18,"space":0,"layer":"J26_Funkby","olinetype":"BYLAYER","linetype":"","color":"0,255,255,254","ocolor":256,"color24":-1,"transparency":0,"lweight":-1,"linewidth":0.0,"ltscale":1.0,"visible":1,"width":0.0,"thickness":0.0,"ext":"(3:0,0,0.1)"},"geometry":{"type":"LineString","coordinates":[[14.1433407,55.9845127,0.0],[14.1433856,55.9844872,0.0],[14.14334,55.9844619,0.0],[14.143295,55.9844875,0.0],[14.1433407,55.9845127,0.0]]}},
{"type":"Feature","properties":{"fid":2644,"handle":98752,"block":-1,"etype":18,"space":0,"layer":"J26_Funkby","olinetype":"BYLAYER","linetype":"","color":"0,255,255,254","ocolor":256,"color24":-1,"transparency":0,"lweight":-1,"linewidth":0.0,"ltscale":1.0,"visible":1,"width":0.0,"thickness":0.0,"ext":"(3:0,0,0.1)"},"geometry":{"type":"LineString","coordinates":[[14.143295,55.9844875,0.0],[14.14334,55.9844619,0.0],[14.1432943,55.9844367,0.0],[14.1432494,55.9844623,0.0],[14.143295,55.9844875,0.0]]}},
{"type":"Feature","properties":{"fid":2645,"handle":98753,"block":-1,"etype":18,"space":0,"layer":"J26_Funkby","olinetype":"BYLAYER","linetype":"","color":"0,255,255,254","ocolor":256,"color24":-1,"transparency":0,"lweight":-1,"linewidth":0.0,"ltscale":1.0,"visible":1,"width":0.0,"thickness":0.0,"ext":"(3:0,0,0.1)"},"geometry":{"type":"LineString","coordinates":[[14.1434769,55.9845376,0.0],[14.1435219,55.984512,0.0],[14.1434763,55.9844868,0.0],[14.1434313,55.9845124,0.0],[14.1434769,55.9845376,0.0]]}},
{"type":"Feature","properties":{"fid":2646,"handle":98754,"block":-1,"etype":18,"space":0,"layer":"J26_Funkby","olinetype":"BYLAYER","linetype":"","color":"0,255,255,254","ocolor":256,"color24":-1,"transparency":0,"lweight":-1,"linewidth":0.0,"ltscale":1.0,"visible":1,"width":0.0,"thickness":0.0,"ext":"(3:0,0,0.1)"},"geometry":{"type":"LineString","coordinates":[[14.1434313,55.9845124,0.0],[14.1434763,55.9844868,0.0],[14.1434306,55.9844616,0.0],[14.1433856,55.9844872,0.0],[14.1434313,55.9845124,0.0]]}},
{"type":"Feature","properties":{"fid":2647,"handle":98755,"block":-1,"etype":18,"space":0,"layer":"J26_Funkby","olinetype":"BYLAYER","linetype":"","color":"0,255,255,254","ocolor":256,"color24":-1,"transparency":0,"lweight":-1,"linewidth":0.0,"ltscale":1.0,"visible":1,"width":0.0,"thickness":0.0,"ext":"(3:0,0,0.1)"},"geometry":{"type":"LineString","coordinates":[[14.1433856,55.9844872,0.0],[14.1434306,55.9844616,0.0],[14.143385,55.9844364,0.0],[14.14334,55.9844619,0.0],[14.1433856,55.9844872,0.0]]}},
{"type":"Feature","properties":{"fid":2648,"handle":98756,"block":-1,"etype":18,"space":0,"layer":"J26_Funkby","olinetype":"BYLAYER","linetype":"","color":"0,255,255,254","ocolor":256,"color24":-1,"transparency":0,"lweight":-1,"linewidth":0.0,"ltscale":1.0,"visible":1,"width":0.0,"thickness":0.0,"ext":"(3:0,0,0.1)"},"geometry":{"type":"LineString","coordinates":[[14.14334,55.9844619,0.0],[14.143385,55.9844364,0.0],[14.1433393,55.9844111,0.0],[14.1432943,55.9844367,0.0],[14.14334,55.9844619,0.0]]}},
{"type":"Feature","properties":{"fid":2649,"handle":98757,"block":-1,"etype":18,"space":0,"layer":"J26_Funkby","olinetype":"BYLAYER","linetype":"","color":"0,255,255,254","ocolor":256,"color24":-1,"transparency":0,"lweight":-1,"linewidth":0.0,"ltscale":1.0,"visible":1,"width":0.0,"thickness":0.0,"ext":"(3:0,0,0.1)"},"geometry":{"type":"LineString","coordinates":[[14.1435292,55.9844782,0.0],[14.1435742,55.9844526,0.0],[14.1435285,55.9844274,0.0],[14.1434835,55.984453,0.0],[14.1435292,55.9844782,0.0]]}},
{"type":"Feature","properties":{"fid":2650,"handle":98758,"block":-1,"etype":18,"space":0,"layer":"J26_Funkby","olinetype":"BYLAYER","linetype":"","color":"0,255,255,254","ocolor":256,"color24":-1,"transparency":0,"lweight":-1,"linewidth":0.0,"ltscale":1.0,"visible":1,"width":0.0,"thickness":0.0,"ext":"(3:0,0,0.1)"},"geometry":{"type":"LineString","coordinates":[[14.1434835,55.984453,0.0],[14.1435285,55.9844274,0.0],[14.1434828,55.9844022,0.0],[14.1434379,55.9844278,0.0],[14.1434835,55.984453,0.0]]}},
{"type":"Feature","properties":{"fid":2651,"handle":98759,"block":-1,"etype":18,"space":0,"layer":"J26_Funkby","olinetype":"BYLAYER","linetype":"","color":"0,255,255,254","ocolor":256,"color24":-1,"transparency":0,"lweight":-1,"linewidth":0.0,"ltscale":1.0,"visible":1,"width":0.0,"thickness":0.0,"ext":"(3:0,0,0.1)"},"geometry":{"type":"LineString","coordinates":[[14.1434379,55.9844278,0.0],[14.1434828,55.9844022,0.0],[14.1434372,55.984377,0.0],[14.1433922,55.9844025,0.0],[14.1434379,55.9844278,0.0]]}},
{"type":"Feature","properties":{"fid":2652,"handle":98760,"block":-1,"etype":18,"space":0,"layer":"J26_Funkby","olinetype":"BYLAYER","linetype":"","color":"0,255,255,254","ocolor":256,"color24":-1,"transparency":0,"lweight":-1,"linewidth":0.0,"ltscale":1.0,"visible":1,"width":0.0,"thickness":0.0,"ext":"(3:0,0,0.1)"},"geometry":{"type":"LineString","coordinates":[[14.1433922,55.9844025,0.0],[14.1434372,55.984377,0.0],[14.1433915,55.9843517,0.0],[14.1433466,55.9843773,0.0],[14.1433922,55.9844025,0.0]]}},
{"type":"Feature","properties":{"fid":2653,"handle":98761,"block":-1,"etype":18,"space":0,"layer":"J26_Funkby","olinetype":"BYLAYER","linetype":"","color":"0,255,255,254","ocolor":256,"color24":-1,"transparency":0,"lweight":-1,"linewidth":0.0,"ltscale":1.0,"visible":1,"width":0.0,"thickness":0.0,"ext":"(3:0,0,0.1)"},"geometry":{"type":"LineString","coordinates":[[14.1435742,55.9844526,0.0],[14.1436191,55.984427,0.0],[14.1435735,55.9844018,0.0],[14.1435285,55.9844274,0.0],[14.1435742,55.9844526,0.0]]}},
{"type":"Feature","properties":{"fid":2654,"handle":98762,"block":-1,"etype":18,"space":0,"layer":"J26_Funkby","olinetype":"BYLAYER","linetype":"","color":"0,255,255,254","ocolor":256,"color24":-1,"transparency":0,"lweight":-1,"linewidth":0.0,"ltscale":1.0,"visible":1,"width":0.0,"thickness":0.0,"ext":"(3:0,0,0.1)"},"geometry":{"type":"LineString","coordinates":[[14.1435285,55.9844274,0.0],[14.1435735,55.9844018,0.0],[14.1435278,55.9843766,0.0],[14.1434828,55.9844022,0.0],[14.1435285,55.9844274,0.0]]}},
{"type":"Feature","properties":{"fid":2655,"handle":98763,"block":-1,"etype":18,"space":0,"layer":"J26_Funkby","olinetype":"BYLAYER","linetype":"","color":"0,255,255,254","ocolor":256,"color24":-1,"transparency":0,"lweight":-1,"linewidth":0.0,"ltscale":1.0,"visible":1,"width":0.0,"thickness":0.0,"ext":"(3:0,0,0.1)"},"geometry":{"type":"LineString","coordinates":[[14.1434828,55.9844022,0.0],[14.1435278,55.9843766,0.0],[14.1434822,55.9843514,0.0],[14.1434372,55.984377,0.0],[14.1434828,55.9844022,0.0]]}},
{"type":"Feature","properties":{"fid":2656,"handle":98764,"block":-1,"etype":18,"space":0,"layer":"J26_Funkby","olinetype":"BYLAYER","linetype":"","color":"0,255,255,254","ocolor":256,"color24":-1,"transparency":0,"lweight":-1,"linewidth":0.0,"ltscale":1.0,"visible":1,"width":0.0,"thickness":0.0,"ext":"(3:0,0,0.1)"},"geometry":{"type":"LineString","coordinates":[[14.1434372,55.984377,0.0],[14.1434822,55.9843514,0.0],[14.1434365,55.9843262,0.0],[14.1433915,55.9843517,0.0],[14.1434372,55.984377,0.0]]}},
{"type":"Feature","properties":{"fid":2657,"handle":98772,"block":-1,"etype":18,"space":0,"layer":"J26_Funkby","olinetype":"BYLAYER","linetype":"","color":"0,255,255,254","ocolor":256,"color24":-1,"transparency":0,"lweight":-1,"linewidth":0.0,"ltscale":1.0,"visible":1,"width":0.0,"thickness":0.0,"ext":"(3:0,0,0.1)"},"geometry":{"type":"LineString","coordinates":[[14.1431701,55.984469,0.0],[14.1432151,55.9844434,0.0],[14.1431695,55.9844182,0.0],[14.1431245,55.9844438,0.0],[14.1431701,55.984469,0.0]]}},
{"type":"Feature","properties":{"fid":2658,"handle":98773,"block":-1,"etype":18,"space":0,"layer":"J26_Funkby","olinetype":"BYLAYER","linetype":"","color":"0,255,255,254","ocolor":256,"color24":-1,"transparency":0,"lweight":-1,"linewidth":0.0,"ltscale":1.0,"visible":1,"width":0.0,"thickness":0.0,"ext":"(3:0,0,0.1)"},"geometry":{"type":"LineString","coordinates":[[14.1431245,55.9844438,0.0],[14.1431695,55.9844182,0.0],[14.1431238,55.984393,0.0],[14.1430788,55.9844186,0.0],[14.1431245,55.9844438,0.0]]}},
{"type":"Feature","properties":{"fid":2659,"handle":98776,"block":-1,"etype":18,"space":0,"layer":"J26_Funkby","olinetype":"BYLAYER","linetype":"","color":"0,255,255,254","ocolor":256,"color24":-1,"transparency":0,"lweight":-1,"linewidth":0.0,"ltscale":1.0,"visible":1,"width":0.0,"thickness":0.0,"ext":"(3:0,0,0.1)"},"geometry":{"type":"LineString","coordinates":[[14.1432151,55.9844434,0.0],[14.1432601,55.9844178,0.0],[14.1432144,55.9843926,0.0],[14.1431695,55.9844182,0.0],[14.1432151,55.9844434,0.0]]}},
{"type":"Feature","properties":{"fid":2660,"handle":98777,"block":-1,"etype":18,"space":0,"layer":"J26_Funkby","olinetype":"BYLAYER","linetype":"","color":"0,255,255,254","ocolor":256,"color24":-1,"transparency":0,"lweight":-1,"linewidth":0.0,"ltscale":1.0,"visible":1,"width":0.0,"thickness":0.0,"ext":"(3:0,0,0.1)"},"geometry":{"type":"LineString","coordinates":[[14.1431695,55.9844182,0.0],[14.1432144,55.9843926,0.0],[14.1431688,55.9843674,0.0],[14.1431238,55.984393,0.0],[14.1431695,55.9844182,0.0]]}},
{"type":"Feature","properties":{"fid":2661,"handle":98780,"block":-1,"etype":18,"space":0,"layer":"J26_Funkby","olinetype":"BYLAYER","linetype":"","color":"0,255,255,254","ocolor":256,"color24":-1,"transparency":0,"lweight":-1,"linewidth":0.0,"ltscale":1.0,"visible":1,"width":0.0,"thickness":0.0,"ext":"(3:0,0,0.1)"},"geometry":{"type":"LineString","coordinates":[[14.1432601,55.9844178,0.0],[14.1433051,55.9843922,0.0],[14.1432594,55.984367,0.0],[14.1432144,55.9843926,0.0],[14.1432601,55.9844178,0.0]]}},
{"type":"Feature","properties":{"fid":2662,"handle":98781,"block":-1,"etype":18,"space":0,"layer":"J26_Funkby","olinetype":"BYLAYER","linetype":"","color":"0,255,255,254","ocolor":256,"color24":-1,"transparency":0,"lweight":-1,"linewidth":0.0,"ltscale":1.0,"visible":1,"width":0.0,"thickness":0.0,"ext":"(3:0,0,0.1)"},"geometry":{"type":"LineString","coordinates":[[14.1432144,55.9843926,0.0],[14.1432594,55.984367,0.0],[14.1432138,55.9843418,0.0],[14.1431688,55.9843674,0.0],[14.1432144,55.9843926,0.0]]}},
{"type":"Feature","properties":{"fid":2663,"handle":98782,"block":-1,"etype":18,"space":0,"layer":"J26_Funkby","olinetype":"BYLAYER","linetype":"","color":"0,255,255,254","ocolor":256,"color24":-1,"transparency":0,"lweight":-1,"linewidth":0.0,"ltscale":1.0,"visible":1,"width":0.0,"thickness":0.0,"ext":"(3:0,0,0.1)"},"geometry":{"type":"LineString","coordinates":[[14.1431688,55.9843674,0.0],[14.1432138,55.9843418,0.0],[14.1431681,55.9843166,0.0],[14.1431231,55.9843422,0.0],[14.1431688,55.9843674,0.0]]}},
{"type":"Feature","properties":{"fid":2664,"handle":98784,"block":-1,"etype":18,"space":0,"layer":"J26_Funkby","olinetype":"BYLAYER","linetype":"","color":"0,255,255,254","ocolor":256,"color24":-1,"transparency":0,"lweight":-1,"linewidth":0.0,"ltscale":1.0,"visible":1,"width":0.0,"thickness":0.0,"ext":"(3:0,0,0.1)"},"geometry":{"type":"LineString","coordinates":[[14.1433123,55.9843584,0.0],[14.1433573,55.9843328,0.0],[14.1433117,55.9843076,0.0],[14.1432667,55.9843332,0.0],[14.1433123,55.9843584,0.0]]}},
{"type":"Feature","properties":{"fid":2665,"handle":98785,"block":-1,"etype":18,"space":0,"layer":"J26_Funkby","olinetype":"BYLAYER","linetype":"","color":"0,255,255,254","ocolor":256,"color24":-1,"transparency":0,"lweight":-1,"linewidth":0.0,"ltscale":1.0,"visible":1,"width":0.0,"thickness":0.0,"ext":"(3:0,0,0.1)"},"geometry":{"type":"LineString","coordinates":[[14.1432667,55.9843332,0.0],[14.1433117,55.9843076,0.0],[14.143266,55.9842824,0.0],[14.143221,55.984308,0.0],[14.1432667,55.9843332,0.0]]}},
{"type":"Feature","properties":{"fid":2666,"handle":98786,"block":-1,"etype":18,"space":0,"layer":"J26_Funkby","olinetype":"BYLAYER","linetype":"","color":"0,255,255,254","ocolor":256,"color24":-1,"transparency":0,"lweight":-1,"linewidth":0.0,"ltscale":1.0,"visible":1,"width":0.0,"thickness":0.0,"ext":"(3:0,0,0.1)"},"geometry":{"type":"LineString","coordinates":[[14.143221,55.984308,0.0],[14.143266,55.9842824,0.0],[14.1432204,55.9842572,0.0],[14.1431754,55.9842828,0.0],[14.143221,55.984308,0.0]]}},
{"type":"Feature","properties":{"fid":2667,"handle":98788,"block":-1,"etype":18,"space":0,"layer":"J26_Funkby","olinetype":"BYLAYER","linetype":"","color":"0,255,255,254","ocolor":256,"color24":-1,"transparency":0,"lweight":-1,"linewidth":0.0,"ltscale":1.0,"visible":1,"width":0.0,"thickness":0.0,"ext":"(3:0,0,0.1)"},"geometry":{"type":"LineString","coordinates":[[14.1433573,55.9843328,0.0],[14.1434023,55.9843072,0.0],[14.1433566,55.984282,0.0],[14.1433117,55.9843076,0.0],[14.1433573,55.9843328,0.0]]}},
{"type":"Feature","properties":{"fid":2668,"handle":98789,"block":-1,"etype":18,"space":0,"layer":"J26_Funkby","olinetype":"BYLAYER","linetype":"","color":"0,255,255,254","ocolor":256,"color24":-1,"transparency":0,"lweight":-1,"linewidth":0.0,"ltscale":1.0,"visible":1,"width":0.0,"thickness":0.0,"ext":"(3:0,0,0.1)"},"geometry":{"type":"LineString","coordinates":[[14.1433117,55.9843076,0.0],[14.1433566,55.984282,0.0],[14.143311,55.9842568,0.0],[14.143266,55.9842824,0.0],[14.1433117,55.9843076,0.0]]}},
{"type":"Feature","properties":{"fid":2669,"handle":98790,"block":-1,"etype":18,"space":0,"layer":"J26_Funkby","olinetype":"BYLAYER","linetype":"","color":"0,255,255,254","ocolor":256,"color24":-1,"transparency":0,"lweight":-1,"linewidth":0.0,"ltscale":1.0,"visible":1,"width":0.0,"thickness":0.0,"ext":"(3:0,0,0.1)"},"geometry":{"type":"LineString","coordinates":[[14.143266,55.9842824,0.0],[14.143311,55.9842568,0.0],[14.1432653,55.9842316,0.0],[14.1432204,55.9842572,0.0],[14.143266,55.9842824,0.0]]}},
{"type":"Feature","properties":{"fid":2670,"handle":98795,"block":-1,"etype":18,"space":0,"layer":"J26_Funkby","olinetype":"BYLAYER","linetype":"","color":"0,255,255,254","ocolor":256,"color24":-1,"transparency":0,"lweight":-1,"linewidth":0.0,"ltscale":1.0,"visible":1,"width":0.0,"thickness":0.0,"ext":"(3:0,0,0.1)"},"geometry":{"type":"LineString","coordinates":[[14.1434048,55.9842708,0.0],[14.1434498,55.9842452,0.0],[14.1434041,55.98422,0.0],[14.1433591,55.9842456,0.0],[14.1434048,55.9842708,0.0]]}},
{"type":"Feature","properties":{"fid":2671,"handle":98796,"block":-1,"etype":18,"space":0,"layer":"J26_Funkby","olinetype":"BYLAYER","linetype":"","color":"0,255,255,254","ocolor":256,"color24":-1,"transparency":0,"lweight":-1,"linewidth":0.0,"ltscale":1.0,"visible":1,"width":0.0,"thickness":0.0,"ext":"(3:0,0,0.1)"},"geometry":{"type":"LineString","coordinates":[[14.1433591,55.9842456,0.0],[14.1434041,55.98422,0.0],[14.1433585,55.9841948,0.0],[14.1433135,55.9842204,0.0],[14.1433591,55.9842456,0.0]]}},
{"type":"Feature","properties":{"fid":2672,"handle":98797,"block":-1,"etype":18,"space":0,"layer":"J26_Funkby","olinetype":"BYLAYER","linetype":"","color":"0,255,255,254","ocolor":256,"color24":-1,"transparency":0,"lweight":-1,"linewidth":0.0,"ltscale":1.0,"visible":1,"width":0.0,"thickness":0.0,"ext":"(3:0,0,0.1)"},"geometry":{"type":"LineString","coordinates":[[14.1433135,55.9842204,0.0],[14.1433585,55.9841948,0.0],[14.1433128,55.9841696,0.0],[14.1432678,55.9841952,0.0],[14.1433135,55.9842204,0.0]]}},
{"type":"Feature","properties":{"fid":2673,"handle":98798,"block":-1,"etype":18,"space":0,"layer":"J26_Funkby","olinetype":"BYLAYER","linetype":"","color":"0,255,255,254","ocolor":256,"color24":-1,"transparency":0,"lweight":-1,"linewidth":0.0,"ltscale":1.0,"visible":1,"width":0.0,"thickness":0.0,"ext":"(3:0,0,0.1)"},"geometry":{"type":"LineString","coordinates":[[14.1432678,55.9841952,0.0],[14.1433128,55.9841696,0.0],[14.1432672,55.9841444,0.0],[14.1432222,55.98417,0.0],[14.1432678,55.9841952,0.0]]}},
{"type":"Feature","properties":{"fid":2674,"handle":98799,"block":-1,"etype":18,"space":0,"layer":"J26_Funkby","olinetype":"BYLAYER","linetype":"","color":"0,255,255,254","ocolor":256,"color24":-1,"transparency":0,"lweight":-1,"linewidth":0.0,"ltscale":1.0,"visible":1,"width":0.0,"thickness":0.0,"ext":"(3:0,0,0.1)"},"geometry":{"type":"LineString","coordinates":[[14.1434498,55.9842452,0.0],[14.1434947,55.9842196,0.0],[14.1434491,55.9841944,0.0],[14.1434041,55.98422,0.0],[14.1434498,55.9842452,0.0]]}},
{"type":"Feature","properties":{"fid":2675,"handle":98800,"block":-1,"etype":18,"space":0,"layer":"J26_Funkby","olinetype":"BYLAYER","linetype":"","color":"0,255,255,254","ocolor":256,"color24":-1,"transparency":0,"lweight":-1,"linewidth":0.0,"ltscale":1.0,"visible":1,"width":0.0,"thickness":0.0,"ext":"(3:0,0,0.1)"},"geometry":{"type":"LineString","coordinates":[[14.1434041,55.98422,0.0],[14.1434491,55.9841944,0.0],[14.1434034,55.9841692,0.0],[14.1433585,55.9841948,0.0],[14.1434041,55.98422,0.0]]}},
{"type":"Feature","properties":{"fid":2676,"handle":98801,"block":-1,"etype":18,"space":0,"layer":"J26_Funkby","olinetype":"BYLAYER","linetype":"","color":"0,255,255,254","ocolor":256,"color24":-1,"transparency":0,"lweight":-1,"linewidth":0.0,"ltscale":1.0,"visible":1,"width":0.0,"thickness":0.0,"ext":"(3:0,0,0.1)"},"geometry":{"type":"LineString","coordinates":[[14.1433585,55.9841948,0.0],[14.1434034,55.9841692,0.0],[14.1433578,55.984144,0.0],[14.1433128,55.9841696,0.0],[14.1433585,55.9841948,0.0]]}},
{"type":"Feature","properties":{"fid":2677,"handle":98802,"block":-1,"etype":18,"space":0,"layer":"J26_Funkby","olinetype":"BYLAYER","linetype":"","color":"0,255,255,254","ocolor":256,"color24":-1,"transparency":0,"lweight":-1,"linewidth":0.0,"ltscale":1.0,"visible":1,"width":0.0,"thickness":0.0,"ext":"(3:0,0,0.1)"},"geometry":{"type":"LineString","coordinates":[[14.1433128,55.9841696,0.0],[14.1433578,55.984144,0.0],[14.1433121,55.9841188,0.0],[14.1432672,55.9841444,0.0],[14.1433128,55.9841696,0.0]]}},
{"type":"Feature","properties":{"fid":2678,"handle":98803,"block":-1,"etype":18,"space":0,"layer":"J26_Funkby","olinetype":"BYLAYER","linetype":"","color":"0,255,255,254","ocolor":256,"color24":-1,"transparency":0,"lweight":-1,"linewidth":0.0,"ltscale":1.0,"visible":1,"width":0.0,"thickness":0.0,"ext":"(3:0,0,0.1)"},"geometry":{"type":"LineString","coordinates":[[14.1434979,55.9841836,0.0],[14.1435429,55.984158,0.0],[14.1434973,55.9841328,0.0],[14.1434523,55.9841584,0.0],[14.1434979,55.9841836,0.0]]}},
{"type":"Feature","properties":{"fid":2679,"handle":98804,"block":-1,"etype":18,"space":0,"layer":"J26_Funkby","olinetype":"BYLAYER","linetype":"","color":"0,255,255,254","ocolor":256,"color24":-1,"transparency":0,"lweight":-1,"linewidth":0.0,"ltscale":1.0,"visible":1,"width":0.0,"thickness":0.0,"ext":"(3:0,0,0.1)"},"geometry":{"type":"LineString","coordinates":[[14.1434523,55.9841584,0.0],[14.1434973,55.9841328,0.0],[14.1434516,55.9841076,0.0],[14.1434066,55.9841331,0.0],[14.1434523,55.9841584,0.0]]}},
{"type":"Feature","properties":{"fid":2680,"handle":98805,"block":-1,"etype":18,"space":0,"layer":"J26_Funkby","olinetype":"BYLAYER","linetype":"","color":"0,255,255,254","ocolor":256,"color24":-1,"transparency":0,"lweight":-1,"linewidth":0.0,"ltscale":1.0,"visible":1,"width":0.0,"thickness":0.0,"ext":"(3:0,0,0.1)"},"geometry":{"type":"LineString","coordinates":[[14.1434066,55.9841331,0.0],[14.1434516,55.9841076,0.0],[14.143406,55.9840823,0.0],[14.143361,55.9841079,0.0],[14.1434066,55.9841331,0.0]]}},
{"type":"Feature","properties":{"fid":2681,"handle":98806,"block":-1,"etype":18,"space":0,"layer":"J26_Funkby","olinetype":"BYLAYER","linetype":"","color":"0,255,255,254","ocolor":256,"color24":-1,"transparency":0,"lweight":-1,"linewidth":0.0,"ltscale":1.0,"visible":1,"width":0.0,"thickness":0.0,"ext":"(3:0,0,0.1)"},"geometry":{"type":"LineString","coordinates":[[14.143361,55.9841079,0.0],[14.143406,55.9840823,0.0],[14.1433603,55.9840571,0.0],[14.1433153,55.9840827,0.0],[14.143361,55.9841079,0.0]]}},
{"type":"Feature","properties":{"fid":2682,"handle":98807,"block":-1,"etype":18,"space":0,"layer":"J26_Funkby","olinetype":"BYLAYER","linetype":"","color":"0,255,255,254","ocolor":256,"color24":-1,"transparency":0,"lweight":-1,"linewidth":0.0,"ltscale":1.0,"visible":1,"width":0.0,"thickness":0.0,"ext":"(3:0,0,0.1)"},"geometry":{"type":"LineString","coordinates":[[14.1435429,55.984158,0.0],[14.1435879,55.9841324,0.0],[14.1435422,55.9841072,0.0],[14.1434973,55.9841328,0.0],[14.1435429,55.984158,0.0]]}},
{"type":"Feature","properties":{"fid":2683,"handle":98808,"block":-1,"etype":18,"space":0,"layer":"J26_Funkby","olinetype":"BYLAYER","linetype":"","color":"0,255,255,254","ocolor":256,"color24":-1,"transparency":0,"lweight":-1,"linewidth":0.0,"ltscale":1.0,"visible":1,"width":0.0,"thickness":0.0,"ext":"(3:0,0,0.1)"},"geometry":{"type":"LineString","coordinates":[[14.1434973,55.9841328,0.0],[14.1435422,55.9841072,0.0],[14.1434966,55.984082,0.0],[14.1434516,55.9841076,0.0],[14.1434973,55.9841328,0.0]]}},
{"type":"Feature","properties":{"fid":2684,"handle":98809,"block":-1,"etype":18,"space":0,"layer":"J26_Funkby","olinetype":"BYLAYER","linetype":"","color":"0,255,255,254","ocolor":256,"color24":-1,"transparency":0,"lweight":-1,"linewidth":0.0,"ltscale":1.0,"visible":1,"width":0.0,"thickness":0.0,"ext":"(3:0,0,0.1)"},"geometry":{"type":"LineString","coordinates":[[14.1434516,55.9841076,0.0],[14.1434966,55.984082,0.0],[14.1434509,55.9840567,0.0],[14.143406,55.9840823,0.0],[14.1434516,55.9841076,0.0]]}},
{"type":"Feature","properties":{"fid":2685,"handle":98810,"block":-1,"etype":18,"space":0,"layer":"J26_Funkby","olinetype":"BYLAYER","linetype":"","color":"0,255,255,254","ocolor":256,"color24":-1,"transparency":0,"lweight":-1,"linewidth":0.0,"ltscale":1.0,"visible":1,"width":0.0,"thickness":0.0,"ext":"(3:0,0,0.1)"},"geometry":{"type":"LineString","coordinates":[[14.143406,55.9840823,0.0],[14.1434509,55.9840567,0.0],[14.1434053,55.9840315,0.0],[14.1433603,55.9840571,0.0],[14.143406,55.9840823,0.0]]}},
{"type":"Feature","properties":{"fid":2686,"handle":98811,"block":-1,"etype":18,"space":0,"layer":"J26_Funkby","olinetype":"BYLAYER","linetype":"","color":"0,255,255,254","ocolor":256,"color24":-1,"transparency":0,"lweight":-1,"linewidth":0.0,"ltscale":1.0,"visible":1,"width":0.0,"thickness":0.0,"ext":"(3:0,0,0.1)"},"geometry":{"type":"LineString","coordinates":[[14.1436146,55.9841093,0.0],[14.1436595,55.9840837,0.0],[14.1436139,55.9840585,0.0],[14.1435689,55.9840841,0.0],[14.1436146,55.9841093,0.0]]}},
{"type":"Feature","properties":{"fid":2687,"handle":98812,"block":-1,"etype":18,"space":0,"layer":"J26_Funkby","olinetype":"BYLAYER","linetype":"","color":"0,255,255,254","ocolor":256,"color24":-1,"transparency":0,"lweight":-1,"linewidth":0.0,"ltscale":1.0,"visible":1,"width":0.0,"thickness":0.0,"ext":"(3:0,0,0.1)"},"geometry":{"type":"LineString","coordinates":[[14.1435689,55.9840841,0.0],[14.1436139,55.9840585,0.0],[14.1435682,55.9840333,0.0],[14.1435233,55.9840589,0.0],[14.1435689,55.9840841,0.0]]}},
{"type":"Feature","properties":{"fid":2688,"handle":98813,"block":-1,"etype":18,"space":0,"layer":"J26_Funkby","olinetype":"BYLAYER","linetype":"","color":"0,255,255,254","ocolor":256,"color24":-1,"transparency":0,"lweight":-1,"linewidth":0.0,"ltscale":1.0,"visible":1,"width":0.0,"thickness":0.0,"ext":"(3:0,0,0.1)"},"geometry":{"type":"LineString","coordinates":[[14.1435233,55.9840589,0.0],[14.1435682,55.9840333,0.0],[14.1435226,55.9840081,0.0],[14.1434776,55.9840337,0.0],[14.1435233,55.9840589,0.0]]}},
{"type":"Feature","properties":{"fid":2689,"handle":98814,"block":-1,"etype":18,"space":0,"layer":"J26_Funkby","olinetype":"BYLAYER","linetype":"","color":"0,255,255,254","ocolor":256,"color24":-1,"transparency":0,"lweight":-1,"linewidth":0.0,"ltscale":1.0,"visible":1,"width":0.0,"thickness":0.0,"ext":"(3:0,0,0.1)"},"geometry":{"type":"LineString","coordinates":[[14.1434776,55.9840337,0.0],[14.1435226,55.9840081,0.0],[14.1434769,55.9839829,0.0],[14.143432,55.9840084,0.0],[14.1434776,55.9840337,0.0]]}},
{"type":"Feature","properties":{"fid":2690,"handle":98815,"block":-1,"etype":18,"space":0,"layer":"J26_Funkby","olinetype":"BYLAYER","linetype":"","color":"0,255,255,254","ocolor":256,"color24":-1,"transparency":0,"lweight":-1,"linewidth":0.0,"ltscale":1.0,"visible":1,"width":0.0,"thickness":0.0,"ext":"(3:0,0,0.1)"},"geometry":{"type":"LineString","coordinates":[[14.1436595,55.9840837,0.0],[14.1437045,55.9840581,0.0],[14.1436589,55.9840329,0.0],[14.1436139,55.9840585,0.0],[14.1436595,55.9840837,0.0]]}},
{"type":"Feature","properties":{"fid":2691,"handle":98816,"block":-1,"etype":18,"space":0,"layer":"J26_Funkby","olinetype":"BYLAYER","linetype":"","color":"0,255,255,254","ocolor":256,"color24":-1,"transparency":0,"lweight":-1,"linewidth":0.0,"ltscale":1.0,"visible":1,"width":0.0,"thickness":0.0,"ext":"(3:0,0,0.1)"},"geometry":{"type":"LineString","coordinates":[[14.1436139,55.9840585,0.0],[14.1436589,55.9840329,0.0],[14.1436132,55.9840077,0.0],[14.1435682,55.9840333,0.0],[14.1436139,55.9840585,0.0]]}},
{"type":"Feature","properties":{"fid":2692,"handle":98817,"block":-1,"etype":18,"space":0,"layer":"J26_Funkby","olinetype":"BYLAYER","linetype":"","color":"0,255,255,254","ocolor":256,"color24":-1,"transparency":0,"lweight":-1,"linewidth":0.0,"ltscale":1.0,"visible":1,"width":0.0,"thickness":0.0,"ext":"(3:0,0,0.1)"},"geometry":{"type":"LineString","coordinates":[[14.1435682,55.9840333,0.0],[14.1436132,55.9840077,0.0],[14.1435676,55.9839825,0.0],[14.1435226,55.9840081,0.0],[14.1435682,55.9840333,0.0]]}},
{"type":"Feature","properties":{"fid":2693,"handle":98818,"block":-1,"etype":18,"space":0,"layer":"J26_Funkby","olinetype":"BYLAYER","linetype":"","color":"0,255,255,254","ocolor":256,"color24":-1,"transparency":0,"lweight":-1,"linewidth":0.0,"ltscale":1.0,"visible":1,"width":0.0,"thickness":0.0,"ext":"(3:0,0,0.1)"},"geometry":{"type":"LineString","coordinates":[[14.1435226,55.9840081,0.0],[14.1435676,55.9839825,0.0],[14.1435219,55.9839573,0.0],[14.1434769,55.9839829,0.0],[14.1435226,55.9840081,0.0]]}},
{"type":"Feature","properties":{"fid":2694,"handle":98830,"block":-1,"etype":18,"space":0,"layer":"J26_Funkby","olinetype":"BYLAYER","linetype":"","color":"0,255,255,254","ocolor":256,"color24":-1,"transparency":0,"lweight":-1,"linewidth":0.0,"ltscale":1.0,"visible":1,"width":0.0,"thickness":0.0,"ext":"(3:0,0,0.1)"},"geometry":{"type":"LineString","coordinates":[[14.1432811,55.9840638,0.0],[14.1433261,55.9840382,0.0],[14.1432804,55.984013,0.0],[14.1432355,55.9840386,0.0],[14.1432811,55.9840638,0.0]]}},
{"type":"Feature","properties":{"fid":2695,"handle":98831,"block":-1,"etype":18,"space":0,"layer":"J26_Funkby","olinetype":"BYLAYER","linetype":"","color":"0,255,255,254","ocolor":256,"color24":-1,"transparency":0,"lweight":-1,"linewidth":0.0,"ltscale":1.0,"visible":1,"width":0.0,"thickness":0.0,"ext":"(3:0,0,0.1)"},"geometry":{"type":"LineString","coordinates":[[14.1432355,55.9840386,0.0],[14.1432804,55.984013,0.0],[14.1432348,55.9839878,0.0],[14.1431898,55.9840134,0.0],[14.1432355,55.9840386,0.0]]}},
{"type":"Feature","properties":{"fid":2696,"handle":98834,"block":-1,"etype":18,"space":0,"layer":"J26_Funkby","olinetype":"BYLAYER","linetype":"","color":"0,255,255,254","ocolor":256,"color24":-1,"transparency":0,"lweight":-1,"linewidth":0.0,"ltscale":1.0,"visible":1,"width":0.0,"thickness":0.0,"ext":"(3:0,0,0.1)"},"geometry":{"type":"LineString","coordinates":[[14.1433261,55.9840382,0.0],[14.1433711,55.9840126,0.0],[14.1433254,55.9839874,0.0],[14.1432804,55.984013,0.0],[14.1433261,55.9840382,0.0]]}},
{"type":"Feature","properties":{"fid":2697,"handle":98835,"block":-1,"etype":18,"space":0,"layer":"J26_Funkby","olinetype":"BYLAYER","linetype":"","color":"0,255,255,254","ocolor":256,"color24":-1,"transparency":0,"lweight":-1,"linewidth":0.0,"ltscale":1.0,"visible":1,"width":0.0,"thickness":0.0,"ext":"(3:0,0,0.1)"},"geometry":{"type":"LineString","coordinates":[[14.1432804,55.984013,0.0],[14.1433254,55.9839874,0.0],[14.1432798,55.9839622,0.0],[14.1432348,55.9839878,0.0],[14.1432804,55.984013,0.0]]}},
{"type":"Feature","properties":{"fid":2698,"handle":98836,"block":-1,"etype":18,"space":0,"layer":"J26_Funkby","olinetype":"BYLAYER","linetype":"","color":"0,255,255,254","ocolor":256,"color24":-1,"transparency":0,"lweight":-1,"linewidth":0.0,"ltscale":1.0,"visible":1,"width":0.0,"thickness":0.0,"ext":"(3:0,0,0.1)"},"geometry":{"type":"LineString","coordinates":[[14.1432348,55.9839878,0.0],[14.1432798,55.9839622,0.0],[14.1432341,55.983937,0.0],[14.1431891,55.9839626,0.0],[14.1432348,55.9839878,0.0]]}},
{"type":"Feature","properties":{"fid":2699,"handle":98837,"block":-1,"etype":18,"space":0,"layer":"J26_Funkby","olinetype":"BYLAYER","linetype":"","color":"0,255,255,254","ocolor":256,"color24":-1,"transparency":0,"lweight":-1,"linewidth":0.0,"ltscale":1.0,"visible":1,"width":0.0,"thickness":0.0,"ext":"(3:0,0,0.1)"},"geometry":{"type":"LineString","coordinates":[[14.1431891,55.9839626,0.0],[14.1432341,55.983937,0.0],[14.1431885,55.9839118,0.0],[14.1431435,55.9839374,0.0],[14.1431891,55.9839626,0.0]]}},
{"type":"Feature","properties":{"fid":2700,"handle":98838,"block":-1,"etype":18,"space":0,"layer":"J26_Funkby","olinetype":"BYLAYER","linetype":"","color":"0,255,255,254","ocolor":256,"color24":-1,"transparency":0,"lweight":-1,"linewidth":0.0,"ltscale":1.0,"visible":1,"width":0.0,"thickness":0.0,"ext":"(3:0,0,0.1)"},"geometry":{"type":"LineString","coordinates":[[14.1433977,55.9839895,0.0],[14.1434427,55.9839639,0.0],[14.143397,55.9839387,0.0],[14.1433521,55.9839643,0.0],[14.1433977,55.9839895,0.0]]}},
{"type":"Feature","properties":{"fid":2701,"handle":98839,"block":-1,"etype":18,"space":0,"layer":"J26_Funkby","olinetype":"BYLAYER","linetype":"","color":"0,255,255,254","ocolor":256,"color24":-1,"transparency":0,"lweight":-1,"linewidth":0.0,"ltscale":1.0,"visible":1,"width":0.0,"thickness":0.0,"ext":"(3:0,0,0.1)"},"geometry":{"type":"LineString","coordinates":[[14.1433521,55.9839643,0.0],[14.143397,55.9839387,0.0],[14.1433514,55.9839135,0.0],[14.1433064,55.9839391,0.0],[14.1433521,55.9839643,0.0]]}},
{"type":"Feature","properties":{"fid":2702,"handle":98840,"block":-1,"etype":18,"space":0,"layer":"J26_Funkby","olinetype":"BYLAYER","linetype":"","color":"0,255,255,254","ocolor":256,"color24":-1,"transparency":0,"lweight":-1,"linewidth":0.0,"ltscale":1.0,"visible":1,"width":0.0,"thickness":0.0,"ext":"(3:0,0,0.1)"},"geometry":{"type":"LineString","coordinates":[[14.1433064,55.9839391,0.0],[14.1433514,55.9839135,0.0],[14.1433057,55.9838883,0.0],[14.1432608,55.9839139,0.0],[14.1433064,55.9839391,0.0]]}},
{"type":"Feature","properties":{"fid":2703,"handle":98841,"block":-1,"etype":18,"space":0,"layer":"J26_Funkby","olinetype":"BYLAYER","linetype":"","color":"0,255,255,254","ocolor":256,"color24":-1,"transparency":0,"lweight":-1,"linewidth":0.0,"ltscale":1.0,"visible":1,"width":0.0,"thickness":0.0,"ext":"(3:0,0,0.1)"},"geometry":{"type":"LineString","coordinates":[[14.1432608,55.9839139,0.0],[14.1433057,55.9838883,0.0],[14.1432601,55.9838631,0.0],[14.1432151,55.9838887,0.0],[14.1432608,55.9839139,0.0]]}},
{"type":"Feature","properties":{"fid":2704,"handle":98842,"block":-1,"etype":18,"space":0,"layer":"J26_Funkby","olinetype":"BYLAYER","linetype":"","color":"0,255,255,254","ocolor":256,"color24":-1,"transparency":0,"lweight":-1,"linewidth":0.0,"ltscale":1.0,"visible":1,"width":0.0,"thickness":0.0,"ext":"(3:0,0,0.1)"},"geometry":{"type":"LineString","coordinates":[[14.1434427,55.9839639,0.0],[14.1434877,55.9839384,0.0],[14.143442,55.9839131,0.0],[14.143397,55.9839387,0.0],[14.1434427,55.9839639,0.0]]}},
{"type":"Feature","properties":{"fid":2705,"handle":98843,"block":-1,"etype":18,"space":0,"layer":"J26_Funkby","olinetype":"BYLAYER","linetype":"","color":"0,255,255,254","ocolor":256,"color24":-1,"transparency":0,"lweight":-1,"linewidth":0.0,"ltscale":1.0,"visible":1,"width":0.0,"thickness":0.0,"ext":"(3:0,0,0.1)"},"geometry":{"type":"LineString","coordinates":[[14.143397,55.9839387,0.0],[14.143442,55.9839131,0.0],[14.1433964,55.9838879,0.0],[14.1433514,55.9839135,0.0],[14.143397,55.9839387,0.0]]}},
{"type":"Feature","properties":{"fid":2706,"handle":98844,"block":-1,"etype":18,"space":0,"layer":"J26_Funkby","olinetype":"BYLAYER","linetype":"","color":"0,255,255,254","ocolor":256,"color24":-1,"transparency":0,"lweight":-1,"linewidth":0.0,"ltscale":1.0,"visible":1,"width":0.0,"thickness":0.0,"ext":"(3:0,0,0.1)"},"geometry":{"type":"LineString","coordinates":[[14.1433514,55.9839135,0.0],[14.1433964,55.9838879,0.0],[14.1433507,55.9838627,0.0],[14.1433057,55.9838883,0.0],[14.1433514,55.9839135,0.0]]}},
{"type":"Feature","properties":{"fid":2707,"handle":98845,"block":-1,"etype":18,"space":0,"layer":"J26_Funkby","olinetype":"BYLAYER","linetype":"","color":"0,255,255,254","ocolor":256,"color24":-1,"transparency":0,"lweight":-1,"linewidth":0.0,"ltscale":1.0,"visible":1,"width":0.0,"thickness":0.0,"ext":"(3:0,0,0.1)"},"geometry":{"type":"LineString","coordinates":[[14.1433057,55.9838883,0.0],[14.1433507,55.9838627,0.0],[14.1433051,55.9838375,0.0],[14.1432601,55.9838631,0.0],[14.1433057,55.9838883,0.0]]}},
{"type":"Feature","properties":{"fid":2708,"handle":98857,"block":-1,"etype":18,"space":0,"layer":"J26_Funkby","olinetype":"BYLAYER","linetype":"","color":"0,255,255,254","ocolor":256,"color24":-1,"transparency":0,"lweight":-1,"linewidth":0.0,"ltscale":1.0,"visible":1,"width":0.0,"thickness":0.0,"ext":"(3:0,0,0.1)"},"geometry":{"type":"LineString","coordinates":[[14.1431809,55.9838698,0.0],[14.1432259,55.9838442,0.0],[14.1431802,55.983819,0.0],[14.1431352,55.9838446,0.0],[14.1431809,55.9838698,0.0]]}},
{"type":"Feature","properties":{"fid":2709,"handle":98858,"block":-1,"etype":18,"space":0,"layer":"J26_Funkby","olinetype":"BYLAYER","linetype":"","color":"0,255,255,254","ocolor":256,"color24":-1,"transparency":0,"lweight":-1,"linewidth":0.0,"ltscale":1.0,"visible":1,"width":0.0,"thickness":0.0,"ext":"(3:0,0,0.1)"},"geometry":{"type":"LineString","coordinates":[[14.1431352,55.9838446,0.0],[14.1431802,55.983819,0.0],[14.1431346,55.9837938,0.0],[14.1430896,55.9838194,0.0],[14.1431352,55.9838446,0.0]]}},
{"type":"Feature","properties":{"fid":2710,"handle":98859,"block":-1,"etype":18,"space":0,"layer":"J26_Funkby","olinetype":"BYLAYER","linetype":"","color":"0,255,255,254","ocolor":256,"color24":-1,"transparency":0,"lweight":-1,"linewidth":0.0,"ltscale":1.0,"visible":1,"width":0.0,"thickness":0.0,"ext":"(3:0,0,0.1)"},"geometry":{"type":"LineString","coordinates":[[14.1430896,55.9838194,0.0],[14.1431346,55.9837938,0.0],[14.1430889,55.9837685,0.0],[14.1430439,55.9837941,0.0],[14.1430896,55.9838194,0.0]]}},
{"type":"Feature","properties":{"fid":2711,"handle":98860,"block":-1,"etype":18,"space":0,"layer":"J26_Funkby","olinetype":"BYLAYER","linetype":"","color":"0,255,255,254","ocolor":256,"color24":-1,"transparency":0,"lweight":-1,"linewidth":0.0,"ltscale":1.0,"visible":1,"width":0.0,"thickness":0.0,"ext":"(3:0,0,0.1)"},"geometry":{"type":"LineString","coordinates":[[14.1430439,55.9837941,0.0],[14.1430889,55.9837685,0.0],[14.1430433,55.9837433,0.0],[14.1429983,55.9837689,0.0],[14.1430439,55.9837941,0.0]]}},
{"type":"Feature","properties":{"fid":2712,"handle":98861,"block":-1,"etype":18,"space":0,"layer":"J26_Funkby","olinetype":"BYLAYER","linetype":"","color":"0,255,255,254","ocolor":256,"color24":-1,"transparency":0,"lweight":-1,"linewidth":0.0,"ltscale":1.0,"visible":1,"width":0.0,"thickness":0.0,"ext":"(3:0,0,0.1)"},"geometry":{"type":"LineString","coordinates":[[14.1432259,55.9838442,0.0],[14.1432708,55.9838186,0.0],[14.1432252,55.9837934,0.0],[14.1431802,55.983819,0.0],[14.1432259,55.9838442,0.0]]}},
{"type":"Feature","properties":{"fid":2713,"handle":98862,"block":-1,"etype":18,"space":0,"layer":"J26_Funkby","olinetype":"BYLAYER","linetype":"","color":"0,255,255,254","ocolor":256,"color24":-1,"transparency":0,"lweight":-1,"linewidth":0.0,"ltscale":1.0,"visible":1,"width":0.0,"thickness":0.0,"ext":"(3:0,0,0.1)"},"geometry":{"type":"LineString","coordinates":[[14.1431802,55.983819,0.0],[14.1432252,55.9837934,0.0],[14.1431795,55.9837682,0.0],[14.1431346,55.9837938,0.0],[14.1431802,55.983819,0.0]]}},
{"type":"Feature","properties":{"fid":2714,"handle":98863,"block":-1,"etype":18,"space":0,"layer":"J26_Funkby","olinetype":"BYLAYER","linetype":"","color":"0,255,255,254","ocolor":256,"color24":-1,"transparency":0,"lweight":-1,"linewidth":0.0,"ltscale":1.0,"visible":1,"width":0.0,"thickness":0.0,"ext":"(3:0,0,0.1)"},"geometry":{"type":"LineString","coordinates":[[14.1431346,55.9837938,0.0],[14.1431795,55.9837682,0.0],[14.1431339,55.983743,0.0],[14.1430889,55.9837685,0.0],[14.1431346,55.9837938,0.0]]}},
{"type":"Feature","properties":{"fid":2715,"handle":98864,"block":-1,"etype":18,"space":0,"layer":"J26_Funkby","olinetype":"BYLAYER","linetype":"","color":"0,255,255,254","ocolor":256,"color24":-1,"transparency":0,"lweight":-1,"linewidth":0.0,"ltscale":1.0,"visible":1,"width":0.0,"thickness":0.0,"ext":"(3:0,0,0.1)"},"geometry":{"type":"LineString","coordinates":[[14.1430889,55.9837685,0.0],[14.1431339,55.983743,0.0],[14.1430882,55.9837177,0.0],[14.1430433,55.9837433,0.0],[14.1430889,55.9837685,0.0]]}},
{"type":"Feature","properties":{"fid":2716,"handle":98865,"block":-1,"etype":18,"space":0,"layer":"J26_Funkby","olinetype":"BYLAYER","linetype":"","color":"0,255,255,254","ocolor":256,"color24":-1,"transparency":0,"lweight":-1,"linewidth":0.0,"ltscale":1.0,"visible":1,"width":0.0,"thickness":0.0,"ext":"(3:0,0,0.1)"},"geometry":{"type":"LineString","coordinates":[[14.1433127,55.9838039,0.0],[14.1433576,55.9837783,0.0],[14.143312,55.9837531,0.0],[14.143267,55.9837787,0.0],[14.1433127,55.9838039,0.0]]}},
{"type":"Feature","properties":{"fid":2717,"handle":98866,"block":-1,"etype":18,"space":0,"layer":"J26_Funkby","olinetype":"BYLAYER","linetype":"","color":"0,255,255,254","ocolor":256,"color24":-1,"transparency":0,"lweight":-1,"linewidth":0.0,"ltscale":1.0,"visible":1,"width":0.0,"thickness":0.0,"ext":"(3:0,0,0.1)"},"geometry":{"type":"LineString","coordinates":[[14.143267,55.9837787,0.0],[14.143312,55.9837531,0.0],[14.1432663,55.9837279,0.0],[14.1432214,55.9837534,0.0],[14.143267,55.9837787,0.0]]}},
{"type":"Feature","properties":{"fid":2718,"handle":98867,"block":-1,"etype":18,"space":0,"layer":"J26_Funkby","olinetype":"BYLAYER","linetype":"","color":"0,255,255,254","ocolor":256,"color24":-1,"transparency":0,"lweight":-1,"linewidth":0.0,"ltscale":1.0,"visible":1,"width":0.0,"thickness":0.0,"ext":"(3:0,0,0.1)"},"geometry":{"type":"LineString","coordinates":[[14.1432214,55.9837534,0.0],[14.1432663,55.9837279,0.0],[14.1432207,55.9837026,0.0],[14.1431757,55.9837282,0.0],[14.1432214,55.9837534,0.0]]}},
{"type":"Feature","properties":{"fid":2719,"handle":98868,"block":-1,"etype":18,"space":0,"layer":"J26_Funkby","olinetype":"BYLAYER","linetype":"","color":"0,255,255,254","ocolor":256,"color24":-1,"transparency":0,"lweight":-1,"linewidth":0.0,"ltscale":1.0,"visible":1,"width":0.0,"thickness":0.0,"ext":"(3:0,0,0.1)"},"geometry":{"type":"LineString","coordinates":[[14.1431757,55.9837282,0.0],[14.1432207,55.9837026,0.0],[14.143175,55.9836774,0.0],[14.1431301,55.983703,0.0],[14.1431757,55.9837282,0.0]]}},
{"type":"Feature","properties":{"fid":2720,"handle":98869,"block":-1,"etype":18,"space":0,"layer":"J26_Funkby","olinetype":"BYLAYER","linetype":"","color":"0,255,255,254","ocolor":256,"color24":-1,"transparency":0,"lweight":-1,"linewidth":0.0,"ltscale":1.0,"visible":1,"width":0.0,"thickness":0.0,"ext":"(3:0,0,0.1)"},"geometry":{"type":"LineString","coordinates":[[14.1433576,55.9837783,0.0],[14.1434026,55.9837527,0.0],[14.143357,55.9837275,0.0],[14.143312,55.9837531,0.0],[14.1433576,55.9837783,0.0]]}},
{"type":"Feature","properties":{"fid":2721,"handle":98870,"block":-1,"etype":18,"space":0,"layer":"J26_Funkby","olinetype":"BYLAYER","linetype":"","color":"0,255,255,254","ocolor":256,"color24":-1,"transparency":0,"lweight":-1,"linewidth":0.0,"ltscale":1.0,"visible":1,"width":0.0,"thickness":0.0,"ext":"(3:0,0,0.1)"},"geometry":{"type":"LineString","coordinates":[[14.143312,55.9837531,0.0],[14.143357,55.9837275,0.0],[14.1433113,55.9837023,0.0],[14.1432663,55.9837279,0.0],[14.143312,55.9837531,0.0]]}},
{"type":"Feature","properties":{"fid":2722,"handle":98871,"block":-1,"etype":18,"space":0,"layer":"J26_Funkby","olinetype":"BYLAYER","linetype":"","color":"0,255,255,254","ocolor":256,"color24":-1,"transparency":0,"lweight":-1,"linewidth":0.0,"ltscale":1.0,"visible":1,"width":0.0,"thickness":0.0,"ext":"(3:0,0,0.1)"},"geometry":{"type":"LineString","coordinates":[[14.1432663,55.9837279,0.0],[14.1433113,55.9837023,0.0],[14.1432657,55.9836771,0.0],[14.1432207,55.9837026,0.0],[14.1432663,55.9837279,0.0]]}},
{"type":"Feature","properties":{"fid":2723,"handle":98876,"block":-1,"etype":18,"space":0,"layer":"J26_Funkby","olinetype":"BYLAYER","linetype":"","color":"0,255,255,254","ocolor":256,"color24":-1,"transparency":0,"lweight":-1,"linewidth":0.0,"ltscale":1.0,"visible":1,"width":0.0,"thickness":0.0,"ext":"(3:0,0,0.1)"},"geometry":{"type":"LineString","coordinates":[[14.1435295,55.9839236,0.0],[14.1435745,55.983898,0.0],[14.1435288,55.9838728,0.0],[14.1434838,55.9838984,0.0],[14.1435295,55.9839236,0.0]]}},
{"type":"Feature","properties":{"fid":2724,"handle":98877,"block":-1,"etype":18,"space":0,"layer":"J26_Funkby","olinetype":"BYLAYER","linetype":"","color":"0,255,255,254","ocolor":256,"color24":-1,"transparency":0,"lweight":-1,"linewidth":0.0,"ltscale":1.0,"visible":1,"width":0.0,"thickness":0.0,"ext":"(3:0,0,0.1)"},"geometry":{"type":"LineString","coordinates":[[14.1434838,55.9838984,0.0],[14.1435288,55.9838728,0.0],[14.1434832,55.9838476,0.0],[14.1434382,55.9838732,0.0],[14.1434838,55.9838984,0.0]]}},
{"type":"Feature","properties":{"fid":2725,"handle":98878,"block":-1,"etype":18,"space":0,"layer":"J26_Funkby","olinetype":"BYLAYER","linetype":"","color":"0,255,255,254","ocolor":256,"color24":-1,"transparency":0,"lweight":-1,"linewidth":0.0,"ltscale":1.0,"visible":1,"width":0.0,"thickness":0.0,"ext":"(3:0,0,0.1)"},"geometry":{"type":"LineString","coordinates":[[14.1434382,55.9838732,0.0],[14.1434832,55.9838476,0.0],[14.1434375,55.9838224,0.0],[14.1433925,55.983848,0.0],[14.1434382,55.9838732,0.0]]}},
{"type":"Feature","properties":{"fid":2726,"handle":98879,"block":-1,"etype":18,"space":0,"layer":"J26_Funkby","olinetype":"BYLAYER","linetype":"","color":"0,255,255,254","ocolor":256,"color24":-1,"transparency":0,"lweight":-1,"linewidth":0.0,"ltscale":1.0,"visible":1,"width":0.0,"thickness":0.0,"ext":"(3:0,0,0.1)"},"geometry":{"type":"LineString","coordinates":[[14.1433925,55.983848,0.0],[14.1434375,55.9838224,0.0],[14.1433919,55.9837972,0.0],[14.1433469,55.9838228,0.0],[14.1433925,55.983848,0.0]]}},
{"type":"Feature","properties":{"fid":2727,"handle":98880,"block":-1,"etype":18,"space":0,"layer":"J26_Funkby","olinetype":"BYLAYER","linetype":"","color":"0,255,255,254","ocolor":256,"color24":-1,"transparency":0,"lweight":-1,"linewidth":0.0,"ltscale":1.0,"visible":1,"width":0.0,"thickness":0.0,"ext":"(3:0,0,0.1)"},"geometry":{"type":"LineString","coordinates":[[14.1435745,55.983898,0.0],[14.1436194,55.9838724,0.0],[14.1435738,55.9838472,0.0],[14.1435288,55.9838728,0.0],[14.1435745,55.983898,0.0]]}},
{"type":"Feature","properties":{"fid":2728,"handle":98881,"block":-1,"etype":18,"space":0,"layer":"J26_Funkby","olinetype":"BYLAYER","linetype":"","color":"0,255,255,254","ocolor":256,"color24":-1,"transparency":0,"lweight":-1,"linewidth":0.0,"ltscale":1.0,"visible":1,"width":0.0,"thickness":0.0,"ext":"(3:0,0,0.1)"},"geometry":{"type":"LineString","coordinates":[[14.1435288,55.9838728,0.0],[14.1435738,55.9838472,0.0],[14.1435281,55.983822,0.0],[14.1434832,55.9838476,0.0],[14.1435288,55.9838728,0.0]]}},
{"type":"Feature","properties":{"fid":2729,"handle":98882,"block":-1,"etype":18,"space":0,"layer":"J26_Funkby","olinetype":"BYLAYER","linetype":"","color":"0,255,255,254","ocolor":256,"color24":-1,"transparency":0,"lweight":-1,"linewidth":0.0,"ltscale":1.0,"visible":1,"width":0.0,"thickness":0.0,"ext":"(3:0,0,0.1)"},"geometry":{"type":"LineString","coordinates":[[14.1434832,55.9838476,0.0],[14.1435281,55.983822,0.0],[14.1434825,55.9837968,0.0],[14.1434375,55.9838224,0.0],[14.1434832,55.9838476,0.0]]}},
{"type":"Feature","properties":{"fid":2730,"handle":98883,"block":-1,"etype":18,"space":0,"layer":"J26_Funkby","olinetype":"BYLAYER","linetype":"","color":"0,255,255,254","ocolor":256,"color24":-1,"transparency":0,"lweight":-1,"linewidth":0.0,"ltscale":1.0,"visible":1,"width":0.0,"thickness":0.0,"ext":"(3:0,0,0.1)"},"geometry":{"type":"LineString","coordinates":[[14.1434375,55.9838224,0.0],[14.1434825,55.9837968,0.0],[14.1434368,55.9837716,0.0],[14.1433919,55.9837972,0.0],[14.1434375,55.9838224,0.0]]}},
{"type":"Feature","properties":{"fid":2731,"handle":98884,"block":-1,"etype":18,"space":0,"layer":"J26_Funkby","olinetype":"BYLAYER","linetype":"","color":"0,255,255,254","ocolor":256,"color24":-1,"transparency":0,"lweight":-1,"linewidth":0.0,"ltscale":1.0,"visible":1,"width":0.0,"thickness":0.0,"ext":"(3:0,0,0.1)"},"geometry":{"type":"LineString","coordinates":[[14.1435151,55.983777,0.0],[14.1435601,55.9837514,0.0],[14.1435145,55.9837262,0.0],[14.1434695,55.9837518,0.0],[14.1435151,55.983777,0.0]]}},
{"type":"Feature","properties":{"fid":2732,"handle":98885,"block":-1,"etype":18,"space":0,"layer":"J26_Funkby","olinetype":"BYLAYER","linetype":"","color":"0,255,255,254","ocolor":256,"color24":-1,"transparency":0,"lweight":-1,"linewidth":0.0,"ltscale":1.0,"visible":1,"width":0.0,"thickness":0.0,"ext":"(3:0,0,0.1)"},"geometry":{"type":"LineString","coordinates":[[14.1434695,55.9837518,0.0],[14.1435145,55.9837262,0.0],[14.1434688,55.983701,0.0],[14.1434238,55.9837266,0.0],[14.1434695,55.9837518,0.0]]}},
{"type":"Feature","properties":{"fid":2733,"handle":98888,"block":-1,"etype":18,"space":0,"layer":"J26_Funkby","olinetype":"BYLAYER","linetype":"","color":"0,255,255,254","ocolor":256,"color24":-1,"transparency":0,"lweight":-1,"linewidth":0.0,"ltscale":1.0,"visible":1,"width":0.0,"thickness":0.0,"ext":"(3:0,0,0.1)"},"geometry":{"type":"LineString","coordinates":[[14.1435601,55.9837514,0.0],[14.1436051,55.9837258,0.0],[14.1435594,55.9837006,0.0],[14.1435145,55.9837262,0.0],[14.1435601,55.9837514,0.0]]}},
{"type":"Feature","properties":{"fid":2734,"handle":98903,"block":-1,"etype":18,"space":0,"layer":"J26_Funkby","olinetype":"BYLAYER","linetype":"","color":"0,255,255,254","ocolor":256,"color24":-1,"transparency":0,"lweight":-1,"linewidth":0.0,"ltscale":1.0,"visible":1,"width":0.0,"thickness":0.0,"ext":"(3:0,0,0.1)"},"geometry":{"type":"LineString","coordinates":[[14.1437463,55.9840434,0.0],[14.1437913,55.9840178,0.0],[14.1437457,55.9839926,0.0],[14.1437007,55.9840182,0.0],[14.1437463,55.9840434,0.0]]}},
{"type":"Feature","properties":{"fid":2735,"handle":98904,"block":-1,"etype":18,"space":0,"layer":"J26_Funkby","olinetype":"BYLAYER","linetype":"","color":"0,255,255,254","ocolor":256,"color24":-1,"transparency":0,"lweight":-1,"linewidth":0.0,"ltscale":1.0,"visible":1,"width":0.0,"thickness":0.0,"ext":"(3:0,0,0.1)"},"geometry":{"type":"LineString","coordinates":[[14.1437007,55.9840182,0.0],[14.1437457,55.9839926,0.0],[14.1437,55.9839674,0.0],[14.143655,55.983993,0.0],[14.1437007,55.9840182,0.0]]}},
{"type":"Feature","properties":{"fid":2736,"handle":98905,"block":-1,"etype":18,"space":0,"layer":"J26_Funkby","olinetype":"BYLAYER","linetype":"","color":"0,255,255,254","ocolor":256,"color24":-1,"transparency":0,"lweight":-1,"linewidth":0.0,"ltscale":1.0,"visible":1,"width":0.0,"thickness":0.0,"ext":"(3:0,0,0.1)"},"geometry":{"type":"LineString","coordinates":[[14.143655,55.983993,0.0],[14.1437,55.9839674,0.0],[14.1436544,55.9839422,0.0],[14.1436094,55.9839678,0.0],[14.143655,55.983993,0.0]]}},
{"type":"Feature","properties":{"fid":2737,"handle":98906,"block":-1,"etype":18,"space":0,"layer":"J26_Funkby","olinetype":"BYLAYER","linetype":"","color":"0,255,255,254","ocolor":256,"color24":-1,"transparency":0,"lweight":-1,"linewidth":0.0,"ltscale":1.0,"visible":1,"width":0.0,"thickness":0.0,"ext":"(3:0,0,0.1)"},"geometry":{"type":"LineString","coordinates":[[14.1436094,55.9839678,0.0],[14.1436544,55.9839422,0.0],[14.1436087,55.9839169,0.0],[14.1435637,55.9839425,0.0],[14.1436094,55.9839678,0.0]]}},
{"type":"Feature","properties":{"fid":2738,"handle":98907,"block":-1,"etype":18,"space":0,"layer":"J26_Funkby","olinetype":"BYLAYER","linetype":"","color":"0,255,255,254","ocolor":256,"color24":-1,"transparency":0,"lweight":-1,"linewidth":0.0,"ltscale":1.0,"visible":1,"width":0.0,"thickness":0.0,"ext":"(3:0,0,0.1)"},"geometry":{"type":"LineString","coordinates":[[14.1437913,55.9840178,0.0],[14.1438363,55.9839922,0.0],[14.1437906,55.983967,0.0],[14.1437457,55.9839926,0.0],[14.1437913,55.9840178,0.0]]}},
{"type":"Feature","properties":{"fid":2739,"handle":98908,"block":-1,"etype":18,"space":0,"layer":"J26_Funkby","olinetype":"BYLAYER","linetype":"","color":"0,255,255,254","ocolor":256,"color24":-1,"transparency":0,"lweight":-1,"linewidth":0.0,"ltscale":1.0,"visible":1,"width":0.0,"thickness":0.0,"ext":"(3:0,0,0.1)"},"geometry":{"type":"LineString","coordinates":[[14.1437457,55.9839926,0.0],[14.1437906,55.983967,0.0],[14.143745,55.9839418,0.0],[14.1437,55.9839674,0.0],[14.1437457,55.9839926,0.0]]}},
{"type":"Feature","properties":{"fid":2740,"handle":98909,"block":-1,"etype":18,"space":0,"layer":"J26_Funkby","olinetype":"BYLAYER","linetype":"","color":"0,255,255,254","ocolor":256,"color24":-1,"transparency":0,"lweight":-1,"linewidth":0.0,"ltscale":1.0,"visible":1,"width":0.0,"thickness":0.0,"ext":"(3:0,0,0.1)"},"geometry":{"type":"LineString","coordinates":[[14.1437,55.9839674,0.0],[14.143745,55.9839418,0.0],[14.1436993,55.9839166,0.0],[14.1436544,55.9839422,0.0],[14.1437,55.9839674,0.0]]}},
{"type":"Feature","properties":{"fid":2741,"handle":98910,"block":-1,"etype":18,"space":0,"layer":"J26_Funkby","olinetype":"BYLAYER","linetype":"","color":"0,255,255,254","ocolor":256,"color24":-1,"transparency":0,"lweight":-1,"linewidth":0.0,"ltscale":1.0,"visible":1,"width":0.0,"thickness":0.0,"ext":"(3:0,0,0.1)"},"geometry":{"type":"LineString","coordinates":[[14.1436544,55.9839422,0.0],[14.1436993,55.9839166,0.0],[14.1436537,55.9838914,0.0],[14.1436087,55.9839169,0.0],[14.1436544,55.9839422,0.0]]}},
{"type":"Feature","properties":{"fid":2742,"handle":98911,"block":-1,"etype":18,"space":0,"layer":"J26_Funkby","olinetype":"BYLAYER","linetype":"","color":"0,255,255,254","ocolor":256,"color24":-1,"transparency":0,"lweight":-1,"linewidth":0.0,"ltscale":1.0,"visible":1,"width":0.0,"thickness":0.0,"ext":"(3:0,0,0.1)"},"geometry":{"type":"LineString","coordinates":[[14.143732,55.9838968,0.0],[14.1437769,55.9838712,0.0],[14.1437313,55.983846,0.0],[14.1436863,55.9838716,0.0],[14.143732,55.9838968,0.0]]}},
{"type":"Feature","properties":{"fid":2743,"handle":98912,"block":-1,"etype":18,"space":0,"layer":"J26_Funkby","olinetype":"BYLAYER","linetype":"","color":"0,255,255,254","ocolor":256,"color24":-1,"transparency":0,"lweight":-1,"linewidth":0.0,"ltscale":1.0,"visible":1,"width":0.0,"thickness":0.0,"ext":"(3:0,0,0.1)"},"geometry":{"type":"LineString","coordinates":[[14.1436863,55.9838716,0.0],[14.1437313,55.983846,0.0],[14.1436856,55.9838208,0.0],[14.1436407,55.9838464,0.0],[14.1436863,55.9838716,0.0]]}},
{"type":"Feature","properties":{"fid":2744,"handle":98913,"block":-1,"etype":18,"space":0,"layer":"J26_Funkby","olinetype":"BYLAYER","linetype":"","color":"0,255,255,254","ocolor":256,"color24":-1,"transparency":0,"lweight":-1,"linewidth":0.0,"ltscale":1.0,"visible":1,"width":0.0,"thickness":0.0,"ext":"(3:0,0,0.1)"},"geometry":{"type":"LineString","coordinates":[[14.1436407,55.9838464,0.0],[14.1436856,55.9838208,0.0],[14.14364,55.9837955,0.0],[14.143595,55.9838211,0.0],[14.1436407,55.9838464,0.0]]}},
{"type":"Feature","properties":{"fid":2745,"handle":98914,"block":-1,"etype":18,"space":0,"layer":"J26_Funkby","olinetype":"BYLAYER","linetype":"","color":"0,255,255,254","ocolor":256,"color24":-1,"transparency":0,"lweight":-1,"linewidth":0.0,"ltscale":1.0,"visible":1,"width":0.0,"thickness":0.0,"ext":"(3:0,0,0.1)"},"geometry":{"type":"LineString","coordinates":[[14.143595,55.9838211,0.0],[14.14364,55.9837955,0.0],[14.1435943,55.9837703,0.0],[14.1435494,55.9837959,0.0],[14.143595,55.9838211,0.0]]}},
{"type":"Feature","properties":{"fid":2746,"handle":98915,"block":-1,"etype":18,"space":0,"layer":"J26_Funkby","olinetype":"BYLAYER","linetype":"","color":"0,255,255,254","ocolor":256,"color24":-1,"transparency":0,"lweight":-1,"linewidth":0.0,"ltscale":1.0,"visible":1,"width":0.0,"thickness":0.0,"ext":"(3:0,0,0.1)"},"geometry":{"type":"LineString","coordinates":[[14.1437769,55.9838712,0.0],[14.1438219,55.9838456,0.0],[14.1437763,55.9838204,0.0],[14.1437313,55.983846,0.0],[14.1437769,55.9838712,0.0]]}},
{"type":"Feature","properties":{"fid":2747,"handle":98916,"block":-1,"etype":18,"space":0,"layer":"J26_Funkby","olinetype":"BYLAYER","linetype":"","color":"0,255,255,254","ocolor":256,"color24":-1,"transparency":0,"lweight":-1,"linewidth":0.0,"ltscale":1.0,"visible":1,"width":0.0,"thickness":0.0,"ext":"(3:0,0,0.1)"},"geometry":{"type":"LineString","coordinates":[[14.1437313,55.983846,0.0],[14.1437763,55.9838204,0.0],[14.1437306,55.9837952,0.0],[14.1436856,55.9838208,0.0],[14.1437313,55.983846,0.0]]}},
{"type":"Feature","properties":{"fid":2748,"handle":98917,"block":-1,"etype":18,"space":0,"layer":"J26_Funkby","olinetype":"BYLAYER","linetype":"","color":"0,255,255,254","ocolor":256,"color24":-1,"transparency":0,"lweight":-1,"linewidth":0.0,"ltscale":1.0,"visible":1,"width":0.0,"thickness":0.0,"ext":"(3:0,0,0.1)"},"geometry":{"type":"LineString","coordinates":[[14.1436856,55.9838208,0.0],[14.1437306,55.9837952,0.0],[14.143685,55.98377,0.0],[14.14364,55.9837955,0.0],[14.1436856,55.9838208,0.0]]}},
{"type":"Feature","properties":{"fid":2749,"handle":98918,"block":-1,"etype":18,"space":0,"layer":"J26_Funkby","olinetype":"BYLAYER","linetype":"","color":"0,255,255,254","ocolor":256,"color24":-1,"transparency":0,"lweight":-1,"linewidth":0.0,"ltscale":1.0,"visible":1,"width":0.0,"thickness":0.0,"ext":"(3:0,0,0.1)"},"geometry":{"type":"LineString","coordinates":[[14.14364,55.9837955,0.0],[14.143685,55.98377,0.0],[14.1436393,55.9837447,0.0],[14.1435943,55.9837703,0.0],[14.14364,55.9837955,0.0]]}},
{"type":"Feature","properties":{"fid":2750,"handle":98919,"block":-1,"etype":18,"space":0,"layer":"J26_Funkby","olinetype":"BYLAYER","linetype":"","color":"0,255,255,254","ocolor":256,"color24":-1,"transparency":0,"lweight":-1,"linewidth":0.0,"ltscale":1.0,"visible":1,"width":0.0,"thickness":0.0,"ext":"(3:0,0,0.1)"},"geometry":{"type":"LineString","coordinates":[[14.1438899,55.9838453,0.0],[14.1439349,55.9838197,0.0],[14.1438892,55.9837945,0.0],[14.1438442,55.9838201,0.0],[14.1438899,55.9838453,0.0]]}},
{"type":"Feature","properties":{"fid":2751,"handle":98920,"block":-1,"etype":18,"space":0,"layer":"J26_Funkby","olinetype":"BYLAYER","linetype":"","color":"0,255,255,254","ocolor":256,"color24":-1,"transparency":0,"lweight":-1,"linewidth":0.0,"ltscale":1.0,"visible":1,"width":0.0,"thickness":0.0,"ext":"(3:0,0,0.1)"},"geometry":{"type":"LineString","coordinates":[[14.1438442,55.9838201,0.0],[14.1438892,55.9837945,0.0],[14.1438436,55.9837693,0.0],[14.1437986,55.9837949,0.0],[14.1438442,55.9838201,0.0]]}},
{"type":"Feature","properties":{"fid":2752,"handle":98921,"block":-1,"etype":18,"space":0,"layer":"J26_Funkby","olinetype":"BYLAYER","linetype":"","color":"0,255,255,254","ocolor":256,"color24":-1,"transparency":0,"lweight":-1,"linewidth":0.0,"ltscale":1.0,"visible":1,"width":0.0,"thickness":0.0,"ext":"(3:0,0,0.1)"},"geometry":{"type":"LineString","coordinates":[[14.1437986,55.9837949,0.0],[14.1438436,55.9837693,0.0],[14.1437979,55.9837441,0.0],[14.1437529,55.9837697,0.0],[14.1437986,55.9837949,0.0]]}},
{"type":"Feature","properties":{"fid":2753,"handle":98922,"block":-1,"etype":18,"space":0,"layer":"J26_Funkby","olinetype":"BYLAYER","linetype":"","color":"0,255,255,254","ocolor":256,"color24":-1,"transparency":0,"lweight":-1,"linewidth":0.0,"ltscale":1.0,"visible":1,"width":0.0,"thickness":0.0,"ext":"(3:0,0,0.1)"},"geometry":{"type":"LineString","coordinates":[[14.1437529,55.9837697,0.0],[14.1437979,55.9837441,0.0],[14.1437523,55.9837189,0.0],[14.1437073,55.9837445,0.0],[14.1437529,55.9837697,0.0]]}},
{"type":"Feature","properties":{"fid":2754,"handle":98923,"block":-1,"etype":18,"space":0,"layer":"J26_Funkby","olinetype":"BYLAYER","linetype":"","color":"0,255,255,254","ocolor":256,"color24":-1,"transparency":0,"lweight":-1,"linewidth":0.0,"ltscale":1.0,"visible":1,"width":0.0,"thickness":0.0,"ext":"(3:0,0,0.1)"},"geometry":{"type":"LineString","coordinates":[[14.1439349,55.9838197,0.0],[14.1439798,55.9837941,0.0],[14.1439342,55.9837689,0.0],[14.1438892,55.9837945,0.0],[14.1439349,55.9838197,0.0]]}},
{"type":"Feature","properties":{"fid":2755,"handle":98924,"block":-1,"etype":18,"space":0,"layer":"J26_Funkby","olinetype":"BYLAYER","linetype":"","color":"0,255,255,254","ocolor":256,"color24":-1,"transparency":0,"lweight":-1,"linewidth":0.0,"ltscale":1.0,"visible":1,"width":0.0,"thickness":0.0,"ext":"(3:0,0,0.1)"},"geometry":{"type":"LineString","coordinates":[[14.1438892,55.9837945,0.0],[14.1439342,55.9837689,0.0],[14.1438885,55.9837437,0.0],[14.1438436,55.9837693,0.0],[14.1438892,55.9837945,0.0]]}},
{"type":"Feature","properties":{"fid":2756,"handle":98925,"block":-1,"etype":18,"space":0,"layer":"J26_Funkby","olinetype":"BYLAYER","linetype":"","color":"0,255,255,254","ocolor":256,"color24":-1,"transparency":0,"lweight":-1,"linewidth":0.0,"ltscale":1.0,"visible":1,"width":0.0,"thickness":0.0,"ext":"(3:0,0,0.1)"},"geometry":{"type":"LineString","coordinates":[[14.1438436,55.9837693,0.0],[14.1438885,55.9837437,0.0],[14.1438429,55.9837185,0.0],[14.1437979,55.9837441,0.0],[14.1438436,55.9837693,0.0]]}},
{"type":"Feature","properties":{"fid":2757,"handle":98930,"block":-1,"etype":18,"space":0,"layer":"J26_Funkby","olinetype":"BYLAYER","linetype":"","color":"0,255,255,254","ocolor":256,"color24":-1,"transparency":0,"lweight":-1,"linewidth":0.0,"ltscale":1.0,"visible":1,"width":0.0,"thickness":0.0,"ext":"(3:0,0,0.1)"},"geometry":{"type":"LineString","coordinates":[[14.1439632,55.9841631,0.0],[14.1440081,55.9841376,0.0],[14.1439625,55.9841123,0.0],[14.1439175,55.9841379,0.0],[14.1439632,55.9841631,0.0]]}},
{"type":"Feature","properties":{"fid":2758,"handle":98931,"block":-1,"etype":18,"space":0,"layer":"J26_Funkby","olinetype":"BYLAYER","linetype":"","color":"0,255,255,254","ocolor":256,"color24":-1,"transparency":0,"lweight":-1,"linewidth":0.0,"ltscale":1.0,"visible":1,"width":0.0,"thickness":0.0,"ext":"(3:0,0,0.1)"},"geometry":{"type":"LineString","coordinates":[[14.1439175,55.9841379,0.0],[14.1439625,55.9841123,0.0],[14.1439168,55.9840871,0.0],[14.1438719,55.9841127,0.0],[14.1439175,55.9841379,0.0]]}},
{"type":"Feature","properties":{"fid":2759,"handle":98932,"block":-1,"etype":18,"space":0,"layer":"J26_Funkby","olinetype":"BYLAYER","linetype":"","color":"0,255,255,254","ocolor":256,"color24":-1,"transparency":0,"lweight":-1,"linewidth":0.0,"ltscale":1.0,"visible":1,"width":0.0,"thickness":0.0,"ext":"(3:0,0,0.1)"},"geometry":{"type":"LineString","coordinates":[[14.1438719,55.9841127,0.0],[14.1439168,55.9840871,0.0],[14.1438712,55.9840619,0.0],[14.1438262,55.9840875,0.0],[14.1438719,55.9841127,0.0]]}},
{"type":"Feature","properties":{"fid":2760,"handle":98933,"block":-1,"etype":18,"space":0,"layer":"J26_Funkby","olinetype":"BYLAYER","linetype":"","color":"0,255,255,254","ocolor":256,"color24":-1,"transparency":0,"lweight":-1,"linewidth":0.0,"ltscale":1.0,"visible":1,"width":0.0,"thickness":0.0,"ext":"(3:0,0,0.1)"},"geometry":{"type":"LineString","coordinates":[[14.1438262,55.9840875,0.0],[14.1438712,55.9840619,0.0],[14.1438255,55.9840367,0.0],[14.1437806,55.9840623,0.0],[14.1438262,55.9840875,0.0]]}},
{"type":"Feature","properties":{"fid":2761,"handle":98934,"block":-1,"etype":18,"space":0,"layer":"J26_Funkby","olinetype":"BYLAYER","linetype":"","color":"0,255,255,254","ocolor":256,"color24":-1,"transparency":0,"lweight":-1,"linewidth":0.0,"ltscale":1.0,"visible":1,"width":0.0,"thickness":0.0,"ext":"(3:0,0,0.1)"},"geometry":{"type":"LineString","coordinates":[[14.1440081,55.9841376,0.0],[14.1440531,55.984112,0.0],[14.1440075,55.9840868,0.0],[14.1439625,55.9841123,0.0],[14.1440081,55.9841376,0.0]]}},
{"type":"Feature","properties":{"fid":2762,"handle":98935,"block":-1,"etype":18,"space":0,"layer":"J26_Funkby","olinetype":"BYLAYER","linetype":"","color":"0,255,255,254","ocolor":256,"color24":-1,"transparency":0,"lweight":-1,"linewidth":0.0,"ltscale":1.0,"visible":1,"width":0.0,"thickness":0.0,"ext":"(3:0,0,0.1)"},"geometry":{"type":"LineString","coordinates":[[14.1439625,55.9841123,0.0],[14.1440075,55.9840868,0.0],[14.1439618,55.9840615,0.0],[14.1439168,55.9840871,0.0],[14.1439625,55.9841123,0.0]]}},
{"type":"Feature","properties":{"fid":2763,"handle":98936,"block":-1,"etype":18,"space":0,"layer":"J26_Funkby","olinetype":"BYLAYER","linetype":"","color":"0,255,255,254","ocolor":256,"color24":-1,"transparency":0,"lweight":-1,"linewidth":0.0,"ltscale":1.0,"visible":1,"width":0.0,"thickness":0.0,"ext":"(3:0,0,0.1)"},"geometry":{"type":"LineString","coordinates":[[14.1439168,55.9840871,0.0],[14.1439618,55.9840615,0.0],[14.1439162,55.9840363,0.0],[14.1438712,55.9840619,0.0],[14.1439168,55.9840871,0.0]]}},
{"type":"Feature","properties":{"fid":2764,"handle":98937,"block":-1,"etype":18,"space":0,"layer":"J26_Funkby","olinetype":"BYLAYER","linetype":"","color":"0,255,255,254","ocolor":256,"color24":-1,"transparency":0,"lweight":-1,"linewidth":0.0,"ltscale":1.0,"visible":1,"width":0.0,"thickness":0.0,"ext":"(3:0,0,0.1)"},"geometry":{"type":"LineString","coordinates":[[14.1438712,55.9840619,0.0],[14.1439162,55.9840363,0.0],[14.1438705,55.9840111,0.0],[14.1438255,55.9840367,0.0],[14.1438712,55.9840619,0.0]]}},
{"type":"Feature","properties":{"fid":2765,"handle":98938,"block":-1,"etype":18,"space":0,"layer":"J26_Funkby","olinetype":"BYLAYER","linetype":"","color":"0,255,255,254","ocolor":256,"color24":-1,"transparency":0,"lweight":-1,"linewidth":0.0,"ltscale":1.0,"visible":1,"width":0.0,"thickness":0.0,"ext":"(3:0,0,0.1)"},"geometry":{"type":"LineString","coordinates":[[14.1439488,55.9840165,0.0],[14.1439938,55.9839909,0.0],[14.1439481,55.9839657,0.0],[14.1439032,55.9839913,0.0],[14.1439488,55.9840165,0.0]]}},
{"type":"Feature","properties":{"fid":2766,"handle":98939,"block":-1,"etype":18,"space":0,"layer":"J26_Funkby","olinetype":"BYLAYER","linetype":"","color":"0,255,255,254","ocolor":256,"color24":-1,"transparency":0,"lweight":-1,"linewidth":0.0,"ltscale":1.0,"visible":1,"width":0.0,"thickness":0.0,"ext":"(3:0,0,0.1)"},"geometry":{"type":"LineString","coordinates":[[14.1439032,55.9839913,0.0],[14.1439481,55.9839657,0.0],[14.1439025,55.9839405,0.0],[14.1438575,55.9839661,0.0],[14.1439032,55.9839913,0.0]]}},
{"type":"Feature","properties":{"fid":2767,"handle":98940,"block":-1,"etype":18,"space":0,"layer":"J26_Funkby","olinetype":"BYLAYER","linetype":"","color":"0,255,255,254","ocolor":256,"color24":-1,"transparency":0,"lweight":-1,"linewidth":0.0,"ltscale":1.0,"visible":1,"width":0.0,"thickness":0.0,"ext":"(3:0,0,0.1)"},"geometry":{"type":"LineString","coordinates":[[14.1438575,55.9839661,0.0],[14.1439025,55.9839405,0.0],[14.1438568,55.9839153,0.0],[14.1438119,55.9839409,0.0],[14.1438575,55.9839661,0.0]]}},
{"type":"Feature","properties":{"fid":2768,"handle":98941,"block":-1,"etype":18,"space":0,"layer":"J26_Funkby","olinetype":"BYLAYER","linetype":"","color":"0,255,255,254","ocolor":256,"color24":-1,"transparency":0,"lweight":-1,"linewidth":0.0,"ltscale":1.0,"visible":1,"width":0.0,"thickness":0.0,"ext":"(3:0,0,0.1)"},"geometry":{"type":"LineString","coordinates":[[14.1438119,55.9839409,0.0],[14.1438568,55.9839153,0.0],[14.1438112,55.9838901,0.0],[14.1437662,55.9839157,0.0],[14.1438119,55.9839409,0.0]]}},
{"type":"Feature","properties":{"fid":2769,"handle":98942,"block":-1,"etype":18,"space":0,"layer":"J26_Funkby","olinetype":"BYLAYER","linetype":"","color":"0,255,255,254","ocolor":256,"color24":-1,"transparency":0,"lweight":-1,"linewidth":0.0,"ltscale":1.0,"visible":1,"width":0.0,"thickness":0.0,"ext":"(3:0,0,0.1)"},"geometry":{"type":"LineString","coordinates":[[14.1439938,55.9839909,0.0],[14.1440388,55.9839653,0.0],[14.1439931,55.9839401,0.0],[14.1439481,55.9839657,0.0],[14.1439938,55.9839909,0.0]]}},
{"type":"Feature","properties":{"fid":2770,"handle":98943,"block":-1,"etype":18,"space":0,"layer":"J26_Funkby","olinetype":"BYLAYER","linetype":"","color":"0,255,255,254","ocolor":256,"color24":-1,"transparency":0,"lweight":-1,"linewidth":0.0,"ltscale":1.0,"visible":1,"width":0.0,"thickness":0.0,"ext":"(3:0,0,0.1)"},"geometry":{"type":"LineString","coordinates":[[14.1439481,55.9839657,0.0],[14.1439931,55.9839401,0.0],[14.1439475,55.9839149,0.0],[14.1439025,55.9839405,0.0],[14.1439481,55.9839657,0.0]]}},
{"type":"Feature","properties":{"fid":2771,"handle":98944,"block":-1,"etype":18,"space":0,"layer":"J26_Funkby","olinetype":"BYLAYER","linetype":"","color":"0,255,255,254","ocolor":256,"color24":-1,"transparency":0,"lweight":-1,"linewidth":0.0,"ltscale":1.0,"visible":1,"width":0.0,"thickness":0.0,"ext":"(3:0,0,0.1)"},"geometry":{"type":"LineString","coordinates":[[14.1439025,55.9839405,0.0],[14.1439475,55.9839149,0.0],[14.1439018,55.9838897,0.0],[14.1438568,55.9839153,0.0],[14.1439025,55.9839405,0.0]]}},
{"type":"Feature","properties":{"fid":2772,"handle":98945,"block":-1,"etype":18,"space":0,"layer":"J26_Funkby","olinetype":"BYLAYER","linetype":"","color":"0,255,255,254","ocolor":256,"color24":-1,"transparency":0,"lweight":-1,"linewidth":0.0,"ltscale":1.0,"visible":1,"width":0.0,"thickness":0.0,"ext":"(3:0,0,0.1)"},"geometry":{"type":"LineString","coordinates":[[14.1438568,55.9839153,0.0],[14.1439018,55.9838897,0.0],[14.1438562,55.9838645,0.0],[14.1438112,55.9838901,0.0],[14.1438568,55.9839153,0.0]]}},
{"type":"Feature","properties":{"fid":2773,"handle":98946,"block":-1,"etype":18,"space":0,"layer":"J26_Funkby","olinetype":"BYLAYER","linetype":"","color":"0,255,255,254","ocolor":256,"color24":-1,"transparency":0,"lweight":-1,"linewidth":0.0,"ltscale":1.0,"visible":1,"width":0.0,"thickness":0.0,"ext":"(3:0,0,0.1)"},"geometry":{"type":"LineString","coordinates":[[14.1441067,55.9839651,0.0],[14.1441517,55.9839395,0.0],[14.144106,55.9839143,0.0],[14.1440611,55.9839399,0.0],[14.1441067,55.9839651,0.0]]}},
{"type":"Feature","properties":{"fid":2774,"handle":98947,"block":-1,"etype":18,"space":0,"layer":"J26_Funkby","olinetype":"BYLAYER","linetype":"","color":"0,255,255,254","ocolor":256,"color24":-1,"transparency":0,"lweight":-1,"linewidth":0.0,"ltscale":1.0,"visible":1,"width":0.0,"thickness":0.0,"ext":"(3:0,0,0.1)"},"geometry":{"type":"LineString","coordinates":[[14.1440611,55.9839399,0.0],[14.144106,55.9839143,0.0],[14.1440604,55.983889,0.0],[14.1440154,55.9839146,0.0],[14.1440611,55.9839399,0.0]]}},
{"type":"Feature","properties":{"fid":2775,"handle":98948,"block":-1,"etype":18,"space":0,"layer":"J26_Funkby","olinetype":"BYLAYER","linetype":"","color":"0,255,255,254","ocolor":256,"color24":-1,"transparency":0,"lweight":-1,"linewidth":0.0,"ltscale":1.0,"visible":1,"width":0.0,"thickness":0.0,"ext":"(3:0,0,0.1)"},"geometry":{"type":"LineString","coordinates":[[14.1440154,55.9839146,0.0],[14.1440604,55.983889,0.0],[14.1440147,55.9838638,0.0],[14.1439698,55.9838894,0.0],[14.1440154,55.9839146,0.0]]}},
{"type":"Feature","properties":{"fid":2776,"handle":98949,"block":-1,"etype":18,"space":0,"layer":"J26_Funkby","olinetype":"BYLAYER","linetype":"","color":"0,255,255,254","ocolor":256,"color24":-1,"transparency":0,"lweight":-1,"linewidth":0.0,"ltscale":1.0,"visible":1,"width":0.0,"thickness":0.0,"ext":"(3:0,0,0.1)"},"geometry":{"type":"LineString","coordinates":[[14.1439698,55.9838894,0.0],[14.1440147,55.9838638,0.0],[14.1439691,55.9838386,0.0],[14.1439241,55.9838642,0.0],[14.1439698,55.9838894,0.0]]}},
{"type":"Feature","properties":{"fid":2777,"handle":98950,"block":-1,"etype":18,"space":0,"layer":"J26_Funkby","olinetype":"BYLAYER","linetype":"","color":"0,255,255,254","ocolor":256,"color24":-1,"transparency":0,"lweight":-1,"linewidth":0.0,"ltscale":1.0,"visible":1,"width":0.0,"thickness":0.0,"ext":"(3:0,0,0.1)"},"geometry":{"type":"LineString","coordinates":[[14.1441517,55.9839395,0.0],[14.1441967,55.9839139,0.0],[14.144151,55.9838887,0.0],[14.144106,55.9839143,0.0],[14.1441517,55.9839395,0.0]]}},
{"type":"Feature","properties":{"fid":2778,"handle":98951,"block":-1,"etype":18,"space":0,"layer":"J26_Funkby","olinetype":"BYLAYER","linetype":"","color":"0,255,255,254","ocolor":256,"color24":-1,"transparency":0,"lweight":-1,"linewidth":0.0,"ltscale":1.0,"visible":1,"width":0.0,"thickness":0.0,"ext":"(3:0,0,0.1)"},"geometry":{"type":"LineString","coordinates":[[14.144106,55.9839143,0.0],[14.144151,55.9838887,0.0],[14.1441054,55.9838635,0.0],[14.1440604,55.983889,0.0],[14.144106,55.9839143,0.0]]}},
{"type":"Feature","properties":{"fid":2779,"handle":98952,"block":-1,"etype":18,"space":0,"layer":"J26_Funkby","olinetype":"BYLAYER","linetype":"","color":"0,255,255,254","ocolor":256,"color24":-1,"transparency":0,"lweight":-1,"linewidth":0.0,"ltscale":1.0,"visible":1,"width":0.0,"thickness":0.0,"ext":"(3:0,0,0.1)"},"geometry":{"type":"LineString","coordinates":[[14.1440604,55.983889,0.0],[14.1441054,55.9838635,0.0],[14.1440597,55.9838382,0.0],[14.1440147,55.9838638,0.0],[14.1440604,55.983889,0.0]]}},
{"type":"Feature","properties":{"fid":2780,"handle":98953,"block":-1,"etype":18,"space":0,"layer":"J26_Funkby","olinetype":"BYLAYER","linetype":"","color":"0,255,255,254","ocolor":256,"color24":-1,"transparency":0,"lweight":-1,"linewidth":0.0,"ltscale":1.0,"visible":1,"width":0.0,"thickness":0.0,"ext":"(3:0,0,0.1)"},"geometry":{"type":"LineString","coordinates":[[14.1440147,55.9838638,0.0],[14.1440597,55.9838382,0.0],[14.1440141,55.983813,0.0],[14.1439691,55.9838386,0.0],[14.1440147,55.9838638,0.0]]}},
{"type":"Feature","properties":{"fid":2781,"handle":98984,"block":-1,"etype":18,"space":0,"layer":"J26_Funkby","olinetype":"BYLAYER","linetype":"","color":"0,255,255,254","ocolor":256,"color24":-1,"transparency":0,"lweight":-1,"linewidth":0.0,"ltscale":1.0,"visible":1,"width":0.0,"thickness":0.0,"ext":"(3:0,0,0.1)"},"geometry":{"type":"LineString","coordinates":[[14.14418,55.9842829,0.0],[14.144225,55.9842573,0.0],[14.1441793,55.9842321,0.0],[14.1441344,55.9842577,0.0],[14.14418,55.9842829,0.0]]}},
{"type":"Feature","properties":{"fid":2782,"handle":98985,"block":-1,"etype":18,"space":0,"layer":"J26_Funkby","olinetype":"BYLAYER","linetype":"","color":"0,255,255,254","ocolor":256,"color24":-1,"transparency":0,"lweight":-1,"linewidth":0.0,"ltscale":1.0,"visible":1,"width":0.0,"thickness":0.0,"ext":"(3:0,0,0.1)"},"geometry":{"type":"LineString","coordinates":[[14.1441344,55.9842577,0.0],[14.1441793,55.9842321,0.0],[14.1441337,55.9842069,0.0],[14.1440887,55.9842325,0.0],[14.1441344,55.9842577,0.0]]}},
{"type":"Feature","properties":{"fid":2783,"handle":98986,"block":-1,"etype":18,"space":0,"layer":"J26_Funkby","olinetype":"BYLAYER","linetype":"","color":"0,255,255,254","ocolor":256,"color24":-1,"transparency":0,"lweight":-1,"linewidth":0.0,"ltscale":1.0,"visible":1,"width":0.0,"thickness":0.0,"ext":"(3:0,0,0.1)"},"geometry":{"type":"LineString","coordinates":[[14.1440887,55.9842325,0.0],[14.1441337,55.9842069,0.0],[14.144088,55.9841817,0.0],[14.1440431,55.9842073,0.0],[14.1440887,55.9842325,0.0]]}},
{"type":"Feature","properties":{"fid":2784,"handle":98987,"block":-1,"etype":18,"space":0,"layer":"J26_Funkby","olinetype":"BYLAYER","linetype":"","color":"0,255,255,254","ocolor":256,"color24":-1,"transparency":0,"lweight":-1,"linewidth":0.0,"ltscale":1.0,"visible":1,"width":0.0,"thickness":0.0,"ext":"(3:0,0,0.1)"},"geometry":{"type":"LineString","coordinates":[[14.1440431,55.9842073,0.0],[14.144088,55.9841817,0.0],[14.1440424,55.9841565,0.0],[14.1439974,55.9841821,0.0],[14.1440431,55.9842073,0.0]]}},
{"type":"Feature","properties":{"fid":2785,"handle":98988,"block":-1,"etype":18,"space":0,"layer":"J26_Funkby","olinetype":"BYLAYER","linetype":"","color":"0,255,255,254","ocolor":256,"color24":-1,"transparency":0,"lweight":-1,"linewidth":0.0,"ltscale":1.0,"visible":1,"width":0.0,"thickness":0.0,"ext":"(3:0,0,0.1)"},"geometry":{"type":"LineString","coordinates":[[14.144225,55.9842573,0.0],[14.14427,55.9842317,0.0],[14.1442243,55.9842065,0.0],[14.1441793,55.9842321,0.0],[14.144225,55.9842573,0.0]]}},
{"type":"Feature","properties":{"fid":2786,"handle":98989,"block":-1,"etype":18,"space":0,"layer":"J26_Funkby","olinetype":"BYLAYER","linetype":"","color":"0,255,255,254","ocolor":256,"color24":-1,"transparency":0,"lweight":-1,"linewidth":0.0,"ltscale":1.0,"visible":1,"width":0.0,"thickness":0.0,"ext":"(3:0,0,0.1)"},"geometry":{"type":"LineString","coordinates":[[14.1441793,55.9842321,0.0],[14.1442243,55.9842065,0.0],[14.1441787,55.9841813,0.0],[14.1441337,55.9842069,0.0],[14.1441793,55.9842321,0.0]]}},
{"type":"Feature","properties":{"fid":2787,"handle":98990,"block":-1,"etype":18,"space":0,"layer":"J26_Funkby","olinetype":"BYLAYER","linetype":"","color":"0,255,255,254","ocolor":256,"color24":-1,"transparency":0,"lweight":-1,"linewidth":0.0,"ltscale":1.0,"visible":1,"width":0.0,"thickness":0.0,"ext":"(3:0,0,0.1)"},"geometry":{"type":"LineString","coordinates":[[14.1441337,55.9842069,0.0],[14.1441787,55.9841813,0.0],[14.144133,55.9841561,0.0],[14.144088,55.9841817,0.0],[14.1441337,55.9842069,0.0]]}},
{"type":"Feature","properties":{"fid":2788,"handle":98991,"block":-1,"etype":18,"space":0,"layer":"J26_Funkby","olinetype":"BYLAYER","linetype":"","color":"0,255,255,254","ocolor":256,"color24":-1,"transparency":0,"lweight":-1,"linewidth":0.0,"ltscale":1.0,"visible":1,"width":0.0,"thickness":0.0,"ext":"(3:0,0,0.1)"},"geometry":{"type":"LineString","coordinates":[[14.144088,55.9841817,0.0],[14.144133,55.9841561,0.0],[14.1440874,55.9841309,0.0],[14.1440424,55.9841565,0.0],[14.144088,55.9841817,0.0]]}},
{"type":"Feature","properties":{"fid":2789,"handle":98992,"block":-1,"etype":18,"space":0,"layer":"J26_Funkby","olinetype":"BYLAYER","linetype":"","color":"0,255,255,254","ocolor":256,"color24":-1,"transparency":0,"lweight":-1,"linewidth":0.0,"ltscale":1.0,"visible":1,"width":0.0,"thickness":0.0,"ext":"(3:0,0,0.1)"},"geometry":{"type":"LineString","coordinates":[[14.1441657,55.9841363,0.0],[14.1442106,55.9841107,0.0],[14.144165,55.9840855,0.0],[14.14412,55.9841111,0.0],[14.1441657,55.9841363,0.0]]}},
{"type":"Feature","properties":{"fid":2790,"handle":98993,"block":-1,"etype":18,"space":0,"layer":"J26_Funkby","olinetype":"BYLAYER","linetype":"","color":"0,255,255,254","ocolor":256,"color24":-1,"transparency":0,"lweight":-1,"linewidth":0.0,"ltscale":1.0,"visible":1,"width":0.0,"thickness":0.0,"ext":"(3:0,0,0.1)"},"geometry":{"type":"LineString","coordinates":[[14.14412,55.9841111,0.0],[14.144165,55.9840855,0.0],[14.1441193,55.9840603,0.0],[14.1440744,55.9840859,0.0],[14.14412,55.9841111,0.0]]}},
{"type":"Feature","properties":{"fid":2791,"handle":98994,"block":-1,"etype":18,"space":0,"layer":"J26_Funkby","olinetype":"BYLAYER","linetype":"","color":"0,255,255,254","ocolor":256,"color24":-1,"transparency":0,"lweight":-1,"linewidth":0.0,"ltscale":1.0,"visible":1,"width":0.0,"thickness":0.0,"ext":"(3:0,0,0.1)"},"geometry":{"type":"LineString","coordinates":[[14.1440744,55.9840859,0.0],[14.1441193,55.9840603,0.0],[14.1440737,55.9840351,0.0],[14.1440287,55.9840607,0.0],[14.1440744,55.9840859,0.0]]}},
{"type":"Feature","properties":{"fid":2792,"handle":98995,"block":-1,"etype":18,"space":0,"layer":"J26_Funkby","olinetype":"BYLAYER","linetype":"","color":"0,255,255,254","ocolor":256,"color24":-1,"transparency":0,"lweight":-1,"linewidth":0.0,"ltscale":1.0,"visible":1,"width":0.0,"thickness":0.0,"ext":"(3:0,0,0.1)"},"geometry":{"type":"LineString","coordinates":[[14.1440287,55.9840607,0.0],[14.1440737,55.9840351,0.0],[14.144028,55.9840098,0.0],[14.1439831,55.9840354,0.0],[14.1440287,55.9840607,0.0]]}},
{"type":"Feature","properties":{"fid":2793,"handle":98996,"block":-1,"etype":18,"space":0,"layer":"J26_Funkby","olinetype":"BYLAYER","linetype":"","color":"0,255,255,254","ocolor":256,"color24":-1,"transparency":0,"lweight":-1,"linewidth":0.0,"ltscale":1.0,"visible":1,"width":0.0,"thickness":0.0,"ext":"(3:0,0,0.1)"},"geometry":{"type":"LineString","coordinates":[[14.1442106,55.9841107,0.0],[14.1442556,55.9840851,0.0],[14.1442099,55.9840599,0.0],[14.144165,55.9840855,0.0],[14.1442106,55.9841107,0.0]]}},
{"type":"Feature","properties":{"fid":2794,"handle":98997,"block":-1,"etype":18,"space":0,"layer":"J26_Funkby","olinetype":"BYLAYER","linetype":"","color":"0,255,255,254","ocolor":256,"color24":-1,"transparency":0,"lweight":-1,"linewidth":0.0,"ltscale":1.0,"visible":1,"width":0.0,"thickness":0.0,"ext":"(3:0,0,0.1)"},"geometry":{"type":"LineString","coordinates":[[14.144165,55.9840855,0.0],[14.1442099,55.9840599,0.0],[14.1441643,55.9840347,0.0],[14.1441193,55.9840603,0.0],[14.144165,55.9840855,0.0]]}},
{"type":"Feature","properties":{"fid":2795,"handle":98998,"block":-1,"etype":18,"space":0,"layer":"J26_Funkby","olinetype":"BYLAYER","linetype":"","color":"0,255,255,254","ocolor":256,"color24":-1,"transparency":0,"lweight":-1,"linewidth":0.0,"ltscale":1.0,"visible":1,"width":0.0,"thickness":0.0,"ext":"(3:0,0,0.1)"},"geometry":{"type":"LineString","coordinates":[[14.1441193,55.9840603,0.0],[14.1441643,55.9840347,0.0],[14.1441186,55.9840095,0.0],[14.1440737,55.9840351,0.0],[14.1441193,55.9840603,0.0]]}},
{"type":"Feature","properties":{"fid":2796,"handle":98999,"block":-1,"etype":18,"space":0,"layer":"J26_Funkby","olinetype":"BYLAYER","linetype":"","color":"0,255,255,254","ocolor":256,"color24":-1,"transparency":0,"lweight":-1,"linewidth":0.0,"ltscale":1.0,"visible":1,"width":0.0,"thickness":0.0,"ext":"(3:0,0,0.1)"},"geometry":{"type":"LineString","coordinates":[[14.1440737,55.9840351,0.0],[14.1441186,55.9840095,0.0],[14.144073,55.9839843,0.0],[14.144028,55.9840098,0.0],[14.1440737,55.9840351,0.0]]}},
{"type":"Feature","properties":{"fid":2797,"handle":99000,"block":-1,"etype":18,"space":0,"layer":"J26_Funkby","olinetype":"BYLAYER","linetype":"","color":"0,255,255,254","ocolor":256,"color24":-1,"transparency":0,"lweight":-1,"linewidth":0.0,"ltscale":1.0,"visible":1,"width":0.0,"thickness":0.0,"ext":"(3:0,0,0.1)"},"geometry":{"type":"LineString","coordinates":[[14.1443236,55.9840848,0.0],[14.1443685,55.9840592,0.0],[14.1443229,55.984034,0.0],[14.1442779,55.9840596,0.0],[14.1443236,55.9840848,0.0]]}},
{"type":"Feature","properties":{"fid":2798,"handle":99001,"block":-1,"etype":18,"space":0,"layer":"J26_Funkby","olinetype":"BYLAYER","linetype":"","color":"0,255,255,254","ocolor":256,"color24":-1,"transparency":0,"lweight":-1,"linewidth":0.0,"ltscale":1.0,"visible":1,"width":0.0,"thickness":0.0,"ext":"(3:0,0,0.1)"},"geometry":{"type":"LineString","coordinates":[[14.1442779,55.9840596,0.0],[14.1443229,55.984034,0.0],[14.1442772,55.9840088,0.0],[14.1442323,55.9840344,0.0],[14.1442779,55.9840596,0.0]]}},
{"type":"Feature","properties":{"fid":2799,"handle":99002,"block":-1,"etype":18,"space":0,"layer":"J26_Funkby","olinetype":"BYLAYER","linetype":"","color":"0,255,255,254","ocolor":256,"color24":-1,"transparency":0,"lweight":-1,"linewidth":0.0,"ltscale":1.0,"visible":1,"width":0.0,"thickness":0.0,"ext":"(3:0,0,0.1)"},"geometry":{"type":"LineString","coordinates":[[14.1442323,55.9840344,0.0],[14.1442772,55.9840088,0.0],[14.1442316,55.9839836,0.0],[14.1441866,55.9840092,0.0],[14.1442323,55.9840344,0.0]]}},
{"type":"Feature","properties":{"fid":2800,"handle":99003,"block":-1,"etype":18,"space":0,"layer":"J26_Funkby","olinetype":"BYLAYER","linetype":"","color":"0,255,255,254","ocolor":256,"color24":-1,"transparency":0,"lweight":-1,"linewidth":0.0,"ltscale":1.0,"visible":1,"width":0.0,"thickness":0.0,"ext":"(3:0,0,0.1)"},"geometry":{"type":"LineString","coordinates":[[14.1441866,55.9840092,0.0],[14.1442316,55.9839836,0.0],[14.1441859,55.9839584,0.0],[14.144141,55.983984,0.0],[14.1441866,55.9840092,0.0]]}},
{"type":"Feature","properties":{"fid":2801,"handle":99004,"block":-1,"etype":18,"space":0,"layer":"J26_Funkby","olinetype":"BYLAYER","linetype":"","color":"0,255,255,254","ocolor":256,"color24":-1,"transparency":0,"lweight":-1,"linewidth":0.0,"ltscale":1.0,"visible":1,"width":0.0,"thickness":0.0,"ext":"(3:0,0,0.1)"},"geometry":{"type":"LineString","coordinates":[[14.1443685,55.9840592,0.0],[14.1444135,55.9840336,0.0],[14.1443679,55.9840084,0.0],[14.1443229,55.984034,0.0],[14.1443685,55.9840592,0.0]]}},
{"type":"Feature","properties":{"fid":2802,"handle":99005,"block":-1,"etype":18,"space":0,"layer":"J26_Funkby","olinetype":"BYLAYER","linetype":"","color":"0,255,255,254","ocolor":256,"color24":-1,"transparency":0,"lweight":-1,"linewidth":0.0,"ltscale":1.0,"visible":1,"width":0.0,"thickness":0.0,"ext":"(3:0,0,0.1)"},"geometry":{"type":"LineString","coordinates":[[14.1443229,55.984034,0.0],[14.1443679,55.9840084,0.0],[14.1443222,55.9839832,0.0],[14.1442772,55.9840088,0.0],[14.1443229,55.984034,0.0]]}},
{"type":"Feature","properties":{"fid":2803,"handle":99006,"block":-1,"etype":18,"space":0,"layer":"J26_Funkby","olinetype":"BYLAYER","linetype":"","color":"0,255,255,254","ocolor":256,"color24":-1,"transparency":0,"lweight":-1,"linewidth":0.0,"ltscale":1.0,"visible":1,"width":0.0,"thickness":0.0,"ext":"(3:0,0,0.1)"},"geometry":{"type":"LineString","coordinates":[[14.1442772,55.9840088,0.0],[14.1443222,55.9839832,0.0],[14.1442766,55.983958,0.0],[14.1442316,55.9839836,0.0],[14.1442772,55.9840088,0.0]]}},
{"type":"Feature","properties":{"fid":2804,"handle":99007,"block":-1,"etype":18,"space":0,"layer":"J26_Funkby","olinetype":"BYLAYER","linetype":"","color":"0,255,255,254","ocolor":256,"color24":-1,"transparency":0,"lweight":-1,"linewidth":0.0,"ltscale":1.0,"visible":1,"width":0.0,"thickness":0.0,"ext":"(3:0,0,0.1)"},"geometry":{"type":"LineString","coordinates":[[14.1442316,55.9839836,0.0],[14.1442766,55.983958,0.0],[14.1442309,55.9839328,0.0],[14.1441859,55.9839584,0.0],[14.1442316,55.9839836,0.0]]}},
{"type":"Feature","properties":{"fid":2805,"handle":99011,"block":-1,"etype":18,"space":0,"layer":"J26_Funkby","olinetype":"BYLAYER","linetype":"","color":"0,255,255,254","ocolor":256,"color24":-1,"transparency":0,"lweight":-1,"linewidth":0.0,"ltscale":1.0,"visible":1,"width":0.0,"thickness":0.0,"ext":"(3:0,0,0.1)"},"geometry":{"type":"LineString","coordinates":[[14.1440553,55.9846301,0.0],[14.1441003,55.9846045,0.0],[14.1440546,55.9845793,0.0],[14.1440097,55.9846049,0.0],[14.1440553,55.9846301,0.0]]}},
{"type":"Feature","properties":{"fid":2806,"handle":99012,"block":-1,"etype":18,"space":0,"layer":"J26_Funkby","olinetype":"BYLAYER","linetype":"","color":"0,255,255,254","ocolor":256,"color24":-1,"transparency":0,"lweight":-1,"linewidth":0.0,"ltscale":1.0,"visible":1,"width":0.0,"thickness":0.0,"ext":"(3:0,0,0.1)"},"geometry":{"type":"LineString","coordinates":[[14.1440097,55.9846049,0.0],[14.1440546,55.9845793,0.0],[14.144009,55.9845541,0.0],[14.143964,55.9845797,0.0],[14.1440097,55.9846049,0.0]]}},
{"type":"Feature","properties":{"fid":2807,"handle":99013,"block":-1,"etype":18,"space":0,"layer":"J26_Funkby","olinetype":"BYLAYER","linetype":"","color":"0,255,255,254","ocolor":256,"color24":-1,"transparency":0,"lweight":-1,"linewidth":0.0,"ltscale":1.0,"visible":1,"width":0.0,"thickness":0.0,"ext":"(3:0,0,0.1)"},"geometry":{"type":"LineString","coordinates":[[14.143964,55.9845797,0.0],[14.144009,55.9845541,0.0],[14.1439633,55.9845289,0.0],[14.1439184,55.9845544,0.0],[14.143964,55.9845797,0.0]]}},
{"type":"Feature","properties":{"fid":2808,"handle":99014,"block":-1,"etype":18,"space":0,"layer":"J26_Funkby","olinetype":"BYLAYER","linetype":"","color":"0,255,255,254","ocolor":256,"color24":-1,"transparency":0,"lweight":-1,"linewidth":0.0,"ltscale":1.0,"visible":1,"width":0.0,"thickness":0.0,"ext":"(3:0,0,0.1)"},"geometry":{"type":"LineString","coordinates":[[14.1439184,55.9845544,0.0],[14.1439633,55.9845289,0.0],[14.1439177,55.9845036,0.0],[14.1438727,55.9845292,0.0],[14.1439184,55.9845544,0.0]]}},
{"type":"Feature","properties":{"fid":2809,"handle":99015,"block":-1,"etype":18,"space":0,"layer":"J26_Funkby","olinetype":"BYLAYER","linetype":"","color":"0,255,255,254","ocolor":256,"color24":-1,"transparency":0,"lweight":-1,"linewidth":0.0,"ltscale":1.0,"visible":1,"width":0.0,"thickness":0.0,"ext":"(3:0,0,0.1)"},"geometry":{"type":"LineString","coordinates":[[14.1441003,55.9846045,0.0],[14.1441453,55.9845789,0.0],[14.1440996,55.9845537,0.0],[14.1440546,55.9845793,0.0],[14.1441003,55.9846045,0.0]]}},
{"type":"Feature","properties":{"fid":2810,"handle":99016,"block":-1,"etype":18,"space":0,"layer":"J26_Funkby","olinetype":"BYLAYER","linetype":"","color":"0,255,255,254","ocolor":256,"color24":-1,"transparency":0,"lweight":-1,"linewidth":0.0,"ltscale":1.0,"visible":1,"width":0.0,"thickness":0.0,"ext":"(3:0,0,0.1)"},"geometry":{"type":"LineString","coordinates":[[14.1440546,55.9845793,0.0],[14.1440996,55.9845537,0.0],[14.144054,55.9845285,0.0],[14.144009,55.9845541,0.0],[14.1440546,55.9845793,0.0]]}},
{"type":"Feature","properties":{"fid":2811,"handle":99017,"block":-1,"etype":18,"space":0,"layer":"J26_Funkby","olinetype":"BYLAYER","linetype":"","color":"0,255,255,254","ocolor":256,"color24":-1,"transparency":0,"lweight":-1,"linewidth":0.0,"ltscale":1.0,"visible":1,"width":0.0,"thickness":0.0,"ext":"(3:0,0,0.1)"},"geometry":{"type":"LineString","coordinates":[[14.144009,55.9845541,0.0],[14.144054,55.9845285,0.0],[14.1440083,55.9845033,0.0],[14.1439633,55.9845289,0.0],[14.144009,55.9845541,0.0]]}},
{"type":"Feature","properties":{"fid":2812,"handle":99018,"block":-1,"etype":18,"space":0,"layer":"J26_Funkby","olinetype":"BYLAYER","linetype":"","color":"0,255,255,254","ocolor":256,"color24":-1,"transparency":0,"lweight":-1,"linewidth":0.0,"ltscale":1.0,"visible":1,"width":0.0,"thickness":0.0,"ext":"(3:0,0,0.1)"},"geometry":{"type":"LineString","coordinates":[[14.1439633,55.9845289,0.0],[14.1440083,55.9845033,0.0],[14.1439627,55.984478,0.0],[14.1439177,55.9845036,0.0],[14.1439633,55.9845289,0.0]]}},
{"type":"Feature","properties":{"fid":2813,"handle":99020,"block":-1,"etype":18,"space":0,"layer":"J26_Funkby","olinetype":"BYLAYER","linetype":"","color":"0,255,255,254","ocolor":256,"color24":-1,"transparency":0,"lweight":-1,"linewidth":0.0,"ltscale":1.0,"visible":1,"width":0.0,"thickness":0.0,"ext":"(3:0,0,0.1)"},"geometry":{"type":"LineString","coordinates":[[14.1441485,55.9845428,0.0],[14.1441934,55.9845172,0.0],[14.1441478,55.984492,0.0],[14.1441028,55.9845176,0.0],[14.1441485,55.9845428,0.0]]}},
{"type":"Feature","properties":{"fid":2814,"handle":99021,"block":-1,"etype":18,"space":0,"layer":"J26_Funkby","olinetype":"BYLAYER","linetype":"","color":"0,255,255,254","ocolor":256,"color24":-1,"transparency":0,"lweight":-1,"linewidth":0.0,"ltscale":1.0,"visible":1,"width":0.0,"thickness":0.0,"ext":"(3:0,0,0.1)"},"geometry":{"type":"LineString","coordinates":[[14.1441028,55.9845176,0.0],[14.1441478,55.984492,0.0],[14.1441021,55.9844668,0.0],[14.1440572,55.9844924,0.0],[14.1441028,55.9845176,0.0]]}},
{"type":"Feature","properties":{"fid":2815,"handle":99022,"block":-1,"etype":18,"space":0,"layer":"J26_Funkby","olinetype":"BYLAYER","linetype":"","color":"0,255,255,254","ocolor":256,"color24":-1,"transparency":0,"lweight":-1,"linewidth":0.0,"ltscale":1.0,"visible":1,"width":0.0,"thickness":0.0,"ext":"(3:0,0,0.1)"},"geometry":{"type":"LineString","coordinates":[[14.1440572,55.9844924,0.0],[14.1441021,55.9844668,0.0],[14.1440565,55.9844416,0.0],[14.1440115,55.9844672,0.0],[14.1440572,55.9844924,0.0]]}},
{"type":"Feature","properties":{"fid":2816,"handle":99023,"block":-1,"etype":18,"space":0,"layer":"J26_Funkby","olinetype":"BYLAYER","linetype":"","color":"0,255,255,254","ocolor":256,"color24":-1,"transparency":0,"lweight":-1,"linewidth":0.0,"ltscale":1.0,"visible":1,"width":0.0,"thickness":0.0,"ext":"(3:0,0,0.1)"},"geometry":{"type":"LineString","coordinates":[[14.1440115,55.9844672,0.0],[14.1440565,55.9844416,0.0],[14.1440108,55.9844164,0.0],[14.1439659,55.984442,0.0],[14.1440115,55.9844672,0.0]]}},
{"type":"Feature","properties":{"fid":2817,"handle":99024,"block":-1,"etype":18,"space":0,"layer":"J26_Funkby","olinetype":"BYLAYER","linetype":"","color":"0,255,255,254","ocolor":256,"color24":-1,"transparency":0,"lweight":-1,"linewidth":0.0,"ltscale":1.0,"visible":1,"width":0.0,"thickness":0.0,"ext":"(3:0,0,0.1)"},"geometry":{"type":"LineString","coordinates":[[14.1441934,55.9845172,0.0],[14.1442384,55.9844917,0.0],[14.1441928,55.9844664,0.0],[14.1441478,55.984492,0.0],[14.1441934,55.9845172,0.0]]}},
{"type":"Feature","properties":{"fid":2818,"handle":99025,"block":-1,"etype":18,"space":0,"layer":"J26_Funkby","olinetype":"BYLAYER","linetype":"","color":"0,255,255,254","ocolor":256,"color24":-1,"transparency":0,"lweight":-1,"linewidth":0.0,"ltscale":1.0,"visible":1,"width":0.0,"thickness":0.0,"ext":"(3:0,0,0.1)"},"geometry":{"type":"LineString","coordinates":[[14.1441478,55.984492,0.0],[14.1441928,55.9844664,0.0],[14.1441471,55.9844412,0.0],[14.1441021,55.9844668,0.0],[14.1441478,55.984492,0.0]]}},
{"type":"Feature","properties":{"fid":2819,"handle":99026,"block":-1,"etype":18,"space":0,"layer":"J26_Funkby","olinetype":"BYLAYER","linetype":"","color":"0,255,255,254","ocolor":256,"color24":-1,"transparency":0,"lweight":-1,"linewidth":0.0,"ltscale":1.0,"visible":1,"width":0.0,"thickness":0.0,"ext":"(3:0,0,0.1)"},"geometry":{"type":"LineString","coordinates":[[14.1441021,55.9844668,0.0],[14.1441471,55.9844412,0.0],[14.1441015,55.984416,0.0],[14.1440565,55.9844416,0.0],[14.1441021,55.9844668,0.0]]}},
{"type":"Feature","properties":{"fid":2820,"handle":99027,"block":-1,"etype":18,"space":0,"layer":"J26_Funkby","olinetype":"BYLAYER","linetype":"","color":"0,255,255,254","ocolor":256,"color24":-1,"transparency":0,"lweight":-1,"linewidth":0.0,"ltscale":1.0,"visible":1,"width":0.0,"thickness":0.0,"ext":"(3:0,0,0.1)"},"geometry":{"type":"LineString","coordinates":[[14.1440565,55.9844416,0.0],[14.1441015,55.984416,0.0],[14.1440558,55.9843908,0.0],[14.1440108,55.9844164,0.0],[14.1440565,55.9844416,0.0]]}},
{"type":"Feature","properties":{"fid":2821,"handle":99029,"block":-1,"etype":18,"space":0,"layer":"J26_Funkby","olinetype":"BYLAYER","linetype":"","color":"0,255,255,254","ocolor":256,"color24":-1,"transparency":0,"lweight":-1,"linewidth":0.0,"ltscale":1.0,"visible":1,"width":0.0,"thickness":0.0,"ext":"(3:0,0,0.1)"},"geometry":{"type":"LineString","coordinates":[[14.1442651,55.9844686,0.0],[14.1443101,55.984443,0.0],[14.1442644,55.9844178,0.0],[14.1442194,55.9844434,0.0],[14.1442651,55.9844686,0.0]]}},
{"type":"Feature","properties":{"fid":2822,"handle":99030,"block":-1,"etype":18,"space":0,"layer":"J26_Funkby","olinetype":"BYLAYER","linetype":"","color":"0,255,255,254","ocolor":256,"color24":-1,"transparency":0,"lweight":-1,"linewidth":0.0,"ltscale":1.0,"visible":1,"width":0.0,"thickness":0.0,"ext":"(3:0,0,0.1)"},"geometry":{"type":"LineString","coordinates":[[14.1442194,55.9844434,0.0],[14.1442644,55.9844178,0.0],[14.1442188,55.9843925,0.0],[14.1441738,55.9844181,0.0],[14.1442194,55.9844434,0.0]]}},
{"type":"Feature","properties":{"fid":2823,"handle":99031,"block":-1,"etype":18,"space":0,"layer":"J26_Funkby","olinetype":"BYLAYER","linetype":"","color":"0,255,255,254","ocolor":256,"color24":-1,"transparency":0,"lweight":-1,"linewidth":0.0,"ltscale":1.0,"visible":1,"width":0.0,"thickness":0.0,"ext":"(3:0,0,0.1)"},"geometry":{"type":"LineString","coordinates":[[14.1441738,55.9844181,0.0],[14.1442188,55.9843925,0.0],[14.1441731,55.9843673,0.0],[14.1441281,55.9843929,0.0],[14.1441738,55.9844181,0.0]]}},
{"type":"Feature","properties":{"fid":2824,"handle":99032,"block":-1,"etype":18,"space":0,"layer":"J26_Funkby","olinetype":"BYLAYER","linetype":"","color":"0,255,255,254","ocolor":256,"color24":-1,"transparency":0,"lweight":-1,"linewidth":0.0,"ltscale":1.0,"visible":1,"width":0.0,"thickness":0.0,"ext":"(3:0,0,0.1)"},"geometry":{"type":"LineString","coordinates":[[14.1441281,55.9843929,0.0],[14.1441731,55.9843673,0.0],[14.1441275,55.9843421,0.0],[14.1440825,55.9843677,0.0],[14.1441281,55.9843929,0.0]]}},
{"type":"Feature","properties":{"fid":2825,"handle":99033,"block":-1,"etype":18,"space":0,"layer":"J26_Funkby","olinetype":"BYLAYER","linetype":"","color":"0,255,255,254","ocolor":256,"color24":-1,"transparency":0,"lweight":-1,"linewidth":0.0,"ltscale":1.0,"visible":1,"width":0.0,"thickness":0.0,"ext":"(3:0,0,0.1)"},"geometry":{"type":"LineString","coordinates":[[14.1443101,55.984443,0.0],[14.144355,55.9844174,0.0],[14.1443094,55.9843922,0.0],[14.1442644,55.9844178,0.0],[14.1443101,55.984443,0.0]]}},
{"type":"Feature","properties":{"fid":2826,"handle":99034,"block":-1,"etype":18,"space":0,"layer":"J26_Funkby","olinetype":"BYLAYER","linetype":"","color":"0,255,255,254","ocolor":256,"color24":-1,"transparency":0,"lweight":-1,"linewidth":0.0,"ltscale":1.0,"visible":1,"width":0.0,"thickness":0.0,"ext":"(3:0,0,0.1)"},"geometry":{"type":"LineString","coordinates":[[14.1442644,55.9844178,0.0],[14.1443094,55.9843922,0.0],[14.1442637,55.984367,0.0],[14.1442188,55.9843925,0.0],[14.1442644,55.9844178,0.0]]}},
{"type":"Feature","properties":{"fid":2827,"handle":99035,"block":-1,"etype":18,"space":0,"layer":"J26_Funkby","olinetype":"BYLAYER","linetype":"","color":"0,255,255,254","ocolor":256,"color24":-1,"transparency":0,"lweight":-1,"linewidth":0.0,"ltscale":1.0,"visible":1,"width":0.0,"thickness":0.0,"ext":"(3:0,0,0.1)"},"geometry":{"type":"LineString","coordinates":[[14.1442188,55.9843925,0.0],[14.1442637,55.984367,0.0],[14.1442181,55.9843417,0.0],[14.1441731,55.9843673,0.0],[14.1442188,55.9843925,0.0]]}},
{"type":"Feature","properties":{"fid":2828,"handle":99036,"block":-1,"etype":18,"space":0,"layer":"J26_Funkby","olinetype":"BYLAYER","linetype":"","color":"0,255,255,254","ocolor":256,"color24":-1,"transparency":0,"lweight":-1,"linewidth":0.0,"ltscale":1.0,"visible":1,"width":0.0,"thickness":0.0,"ext":"(3:0,0,0.1)"},"geometry":{"type":"LineString","coordinates":[[14.1441731,55.9843673,0.0],[14.1442181,55.9843417,0.0],[14.1441724,55.9843165,0.0],[14.1441275,55.9843421,0.0],[14.1441731,55.9843673,0.0]]}},
{"type":"Feature","properties":{"fid":2829,"handle":99038,"block":-1,"etype":18,"space":0,"layer":"J26_Funkby","olinetype":"BYLAYER","linetype":"","color":"0,255,255,254","ocolor":256,"color24":-1,"transparency":0,"lweight":-1,"linewidth":0.0,"ltscale":1.0,"visible":1,"width":0.0,"thickness":0.0,"ext":"(3:0,0,0.1)"},"geometry":{"type":"LineString","coordinates":[[14.1443969,55.9844027,0.0],[14.1444418,55.9843771,0.0],[14.1443962,55.9843519,0.0],[14.1443512,55.9843774,0.0],[14.1443969,55.9844027,0.0]]}},
{"type":"Feature","properties":{"fid":2830,"handle":99039,"block":-1,"etype":18,"space":0,"layer":"J26_Funkby","olinetype":"BYLAYER","linetype":"","color":"0,255,255,254","ocolor":256,"color24":-1,"transparency":0,"lweight":-1,"linewidth":0.0,"ltscale":1.0,"visible":1,"width":0.0,"thickness":0.0,"ext":"(3:0,0,0.1)"},"geometry":{"type":"LineString","coordinates":[[14.1443512,55.9843774,0.0],[14.1443962,55.9843519,0.0],[14.1443505,55.9843266,0.0],[14.1443056,55.9843522,0.0],[14.1443512,55.9843774,0.0]]}},
{"type":"Feature","properties":{"fid":2831,"handle":99040,"block":-1,"etype":18,"space":0,"layer":"J26_Funkby","olinetype":"BYLAYER","linetype":"","color":"0,255,255,254","ocolor":256,"color24":-1,"transparency":0,"lweight":-1,"linewidth":0.0,"ltscale":1.0,"visible":1,"width":0.0,"thickness":0.0,"ext":"(3:0,0,0.1)"},"geometry":{"type":"LineString","coordinates":[[14.1443056,55.9843522,0.0],[14.1443505,55.9843266,0.0],[14.1443049,55.9843014,0.0],[14.1442599,55.984327,0.0],[14.1443056,55.9843522,0.0]]}},
{"type":"Feature","properties":{"fid":2832,"handle":99041,"block":-1,"etype":18,"space":0,"layer":"J26_Funkby","olinetype":"BYLAYER","linetype":"","color":"0,255,255,254","ocolor":256,"color24":-1,"transparency":0,"lweight":-1,"linewidth":0.0,"ltscale":1.0,"visible":1,"width":0.0,"thickness":0.0,"ext":"(3:0,0,0.1)"},"geometry":{"type":"LineString","coordinates":[[14.1442599,55.984327,0.0],[14.1443049,55.9843014,0.0],[14.1442592,55.9842762,0.0],[14.1442143,55.9843018,0.0],[14.1442599,55.984327,0.0]]}},
{"type":"Feature","properties":{"fid":2833,"handle":99042,"block":-1,"etype":18,"space":0,"layer":"J26_Funkby","olinetype":"BYLAYER","linetype":"","color":"0,255,255,254","ocolor":256,"color24":-1,"transparency":0,"lweight":-1,"linewidth":0.0,"ltscale":1.0,"visible":1,"width":0.0,"thickness":0.0,"ext":"(3:0,0,0.1)"},"geometry":{"type":"LineString","coordinates":[[14.1444418,55.9843771,0.0],[14.1444868,55.9843515,0.0],[14.1444412,55.9843263,0.0],[14.1443962,55.9843519,0.0],[14.1444418,55.9843771,0.0]]}},
{"type":"Feature","properties":{"fid":2834,"handle":99043,"block":-1,"etype":18,"space":0,"layer":"J26_Funkby","olinetype":"BYLAYER","linetype":"","color":"0,255,255,254","ocolor":256,"color24":-1,"transparency":0,"lweight":-1,"linewidth":0.0,"ltscale":1.0,"visible":1,"width":0.0,"thickness":0.0,"ext":"(3:0,0,0.1)"},"geometry":{"type":"LineString","coordinates":[[14.1443962,55.9843519,0.0],[14.1444412,55.9843263,0.0],[14.1443955,55.9843011,0.0],[14.1443505,55.9843266,0.0],[14.1443962,55.9843519,0.0]]}},
{"type":"Feature","properties":{"fid":2835,"handle":99044,"block":-1,"etype":18,"space":0,"layer":"J26_Funkby","olinetype":"BYLAYER","linetype":"","color":"0,255,255,254","ocolor":256,"color24":-1,"transparency":0,"lweight":-1,"linewidth":0.0,"ltscale":1.0,"visible":1,"width":0.0,"thickness":0.0,"ext":"(3:0,0,0.1)"},"geometry":{"type":"LineString","coordinates":[[14.1443505,55.9843266,0.0],[14.1443955,55.9843011,0.0],[14.1443499,55.9842758,0.0],[14.1443049,55.9843014,0.0],[14.1443505,55.9843266,0.0]]}},
{"type":"Feature","properties":{"fid":2836,"handle":99045,"block":-1,"etype":18,"space":0,"layer":"J26_Funkby","olinetype":"BYLAYER","linetype":"","color":"0,255,255,254","ocolor":256,"color24":-1,"transparency":0,"lweight":-1,"linewidth":0.0,"ltscale":1.0,"visible":1,"width":0.0,"thickness":0.0,"ext":"(3:0,0,0.1)"},"geometry":{"type":"LineString","coordinates":[[14.1443049,55.9843014,0.0],[14.1443499,55.9842758,0.0],[14.1443042,55.9842506,0.0],[14.1442592,55.9842762,0.0],[14.1443049,55.9843014,0.0]]}},
{"type":"Feature","properties":{"fid":2837,"handle":99047,"block":-1,"etype":18,"space":0,"layer":"J26_Funkby","olinetype":"BYLAYER","linetype":"","color":"0,255,255,254","ocolor":256,"color24":-1,"transparency":0,"lweight":-1,"linewidth":0.0,"ltscale":1.0,"visible":1,"width":0.0,"thickness":0.0,"ext":"(3:0,0,0.1)"},"geometry":{"type":"LineString","coordinates":[[14.1443825,55.984256,0.0],[14.1444275,55.9842305,0.0],[14.1443818,55.9842052,0.0],[14.1443368,55.9842308,0.0],[14.1443825,55.984256,0.0]]}},
{"type":"Feature","properties":{"fid":2838,"handle":99048,"block":-1,"etype":18,"space":0,"layer":"J26_Funkby","olinetype":"BYLAYER","linetype":"","color":"0,255,255,254","ocolor":256,"color24":-1,"transparency":0,"lweight":-1,"linewidth":0.0,"ltscale":1.0,"visible":1,"width":0.0,"thickness":0.0,"ext":"(3:0,0,0.1)"},"geometry":{"type":"LineString","coordinates":[[14.1443368,55.9842308,0.0],[14.1443818,55.9842052,0.0],[14.1443362,55.98418,0.0],[14.1442912,55.9842056,0.0],[14.1443368,55.9842308,0.0]]}},
{"type":"Feature","properties":{"fid":2839,"handle":99049,"block":-1,"etype":18,"space":0,"layer":"J26_Funkby","olinetype":"BYLAYER","linetype":"","color":"0,255,255,254","ocolor":256,"color24":-1,"transparency":0,"lweight":-1,"linewidth":0.0,"ltscale":1.0,"visible":1,"width":0.0,"thickness":0.0,"ext":"(3:0,0,0.1)"},"geometry":{"type":"LineString","coordinates":[[14.1442912,55.9842056,0.0],[14.1443362,55.98418,0.0],[14.1442905,55.9841548,0.0],[14.1442455,55.9841804,0.0],[14.1442912,55.9842056,0.0]]}},
{"type":"Feature","properties":{"fid":2840,"handle":99050,"block":-1,"etype":18,"space":0,"layer":"J26_Funkby","olinetype":"BYLAYER","linetype":"","color":"0,255,255,254","ocolor":256,"color24":-1,"transparency":0,"lweight":-1,"linewidth":0.0,"ltscale":1.0,"visible":1,"width":0.0,"thickness":0.0,"ext":"(3:0,0,0.1)"},"geometry":{"type":"LineString","coordinates":[[14.1442455,55.9841804,0.0],[14.1442905,55.9841548,0.0],[14.1442449,55.9841296,0.0],[14.1441999,55.9841552,0.0],[14.1442455,55.9841804,0.0]]}},
{"type":"Feature","properties":{"fid":2841,"handle":99051,"block":-1,"etype":18,"space":0,"layer":"J26_Funkby","olinetype":"BYLAYER","linetype":"","color":"0,255,255,254","ocolor":256,"color24":-1,"transparency":0,"lweight":-1,"linewidth":0.0,"ltscale":1.0,"visible":1,"width":0.0,"thickness":0.0,"ext":"(3:0,0,0.1)"},"geometry":{"type":"LineString","coordinates":[[14.1444275,55.9842305,0.0],[14.1444724,55.9842049,0.0],[14.1444268,55.9841797,0.0],[14.1443818,55.9842052,0.0],[14.1444275,55.9842305,0.0]]}},
{"type":"Feature","properties":{"fid":2842,"handle":99052,"block":-1,"etype":18,"space":0,"layer":"J26_Funkby","olinetype":"BYLAYER","linetype":"","color":"0,255,255,254","ocolor":256,"color24":-1,"transparency":0,"lweight":-1,"linewidth":0.0,"ltscale":1.0,"visible":1,"width":0.0,"thickness":0.0,"ext":"(3:0,0,0.1)"},"geometry":{"type":"LineString","coordinates":[[14.1443818,55.9842052,0.0],[14.1444268,55.9841797,0.0],[14.1443811,55.9841544,0.0],[14.1443362,55.98418,0.0],[14.1443818,55.9842052,0.0]]}},
{"type":"Feature","properties":{"fid":2843,"handle":99053,"block":-1,"etype":18,"space":0,"layer":"J26_Funkby","olinetype":"BYLAYER","linetype":"","color":"0,255,255,254","ocolor":256,"color24":-1,"transparency":0,"lweight":-1,"linewidth":0.0,"ltscale":1.0,"visible":1,"width":0.0,"thickness":0.0,"ext":"(3:0,0,0.1)"},"geometry":{"type":"LineString","coordinates":[[14.1443362,55.98418,0.0],[14.1443811,55.9841544,0.0],[14.1443355,55.9841292,0.0],[14.1442905,55.9841548,0.0],[14.1443362,55.98418,0.0]]}},
{"type":"Feature","properties":{"fid":2844,"handle":99054,"block":-1,"etype":18,"space":0,"layer":"J26_Funkby","olinetype":"BYLAYER","linetype":"","color":"0,255,255,254","ocolor":256,"color24":-1,"transparency":0,"lweight":-1,"linewidth":0.0,"ltscale":1.0,"visible":1,"width":0.0,"thickness":0.0,"ext":"(3:0,0,0.1)"},"geometry":{"type":"LineString","coordinates":[[14.1442905,55.9841548,0.0],[14.1443355,55.9841292,0.0],[14.1442898,55.984104,0.0],[14.1442449,55.9841296,0.0],[14.1442905,55.9841548,0.0]]}},
{"type":"Feature","properties":{"fid":2845,"handle":99056,"block":-1,"etype":18,"space":0,"layer":"J26_Funkby","olinetype":"BYLAYER","linetype":"","color":"0,255,255,254","ocolor":256,"color24":-1,"transparency":0,"lweight":-1,"linewidth":0.0,"ltscale":1.0,"visible":1,"width":0.0,"thickness":0.0,"ext":"(3:0,0,0.1)"},"geometry":{"type":"LineString","coordinates":[[14.1442646,55.9839136,0.0],[14.1443096,55.983888,0.0],[14.144264,55.9838628,0.0],[14.144219,55.9838884,0.0],[14.1442646,55.9839136,0.0]]}},
{"type":"Feature","properties":{"fid":2846,"handle":99057,"block":-1,"etype":18,"space":0,"layer":"J26_Funkby","olinetype":"BYLAYER","linetype":"","color":"0,255,255,254","ocolor":256,"color24":-1,"transparency":0,"lweight":-1,"linewidth":0.0,"ltscale":1.0,"visible":1,"width":0.0,"thickness":0.0,"ext":"(3:0,0,0.1)"},"geometry":{"type":"LineString","coordinates":[[14.144219,55.9838884,0.0],[14.144264,55.9838628,0.0],[14.1442183,55.9838376,0.0],[14.1441733,55.9838632,0.0],[14.144219,55.9838884,0.0]]}},
{"type":"Feature","properties":{"fid":2847,"handle":99058,"block":-1,"etype":18,"space":0,"layer":"J26_Funkby","olinetype":"BYLAYER","linetype":"","color":"0,255,255,254","ocolor":256,"color24":-1,"transparency":0,"lweight":-1,"linewidth":0.0,"ltscale":1.0,"visible":1,"width":0.0,"thickness":0.0,"ext":"(3:0,0,0.1)"},"geometry":{"type":"LineString","coordinates":[[14.1441733,55.9838632,0.0],[14.1442183,55.9838376,0.0],[14.1441727,55.9838124,0.0],[14.1441277,55.983838,0.0],[14.1441733,55.9838632,0.0]]}},
{"type":"Feature","properties":{"fid":2848,"handle":99059,"block":-1,"etype":18,"space":0,"layer":"J26_Funkby","olinetype":"BYLAYER","linetype":"","color":"0,255,255,254","ocolor":256,"color24":-1,"transparency":0,"lweight":-1,"linewidth":0.0,"ltscale":1.0,"visible":1,"width":0.0,"thickness":0.0,"ext":"(3:0,0,0.1)"},"geometry":{"type":"LineString","coordinates":[[14.1441277,55.983838,0.0],[14.1441727,55.9838124,0.0],[14.144127,55.9837872,0.0],[14.144082,55.9838127,0.0],[14.1441277,55.983838,0.0]]}},
{"type":"Feature","properties":{"fid":2849,"handle":99061,"block":-1,"etype":18,"space":0,"layer":"J26_Funkby","olinetype":"BYLAYER","linetype":"","color":"0,255,255,254","ocolor":256,"color24":-1,"transparency":0,"lweight":-1,"linewidth":0.0,"ltscale":1.0,"visible":1,"width":0.0,"thickness":0.0,"ext":"(3:0,0,0.1)"},"geometry":{"type":"LineString","coordinates":[[14.1443692,55.98411,0.0],[14.1444142,55.9840844,0.0],[14.1443685,55.9840592,0.0],[14.1443236,55.9840848,0.0],[14.1443692,55.98411,0.0]]}},
{"type":"Feature","properties":{"fid":2850,"handle":99065,"block":-1,"etype":18,"space":0,"layer":"J26_Funkby","olinetype":"BYLAYER","linetype":"","color":"0,255,255,254","ocolor":256,"color24":-1,"transparency":0,"lweight":-1,"linewidth":0.0,"ltscale":1.0,"visible":1,"width":0.0,"thickness":0.0,"ext":"(3:0,0,0.1)"},"geometry":{"type":"LineString","coordinates":[[14.144385,55.9857905,17.411],[14.1444491,55.98579,17.411],[14.1444482,55.9857541,17.411],[14.1443841,55.9857546,17.411],[14.144385,55.9857905,17.411]]}},
{"type":"Feature","properties":{"fid":2851,"handle":99066,"block":-1,"etype":18,"space":0,"layer":"J26_Funkby","olinetype":"BYLAYER","linetype":"","color":"0,255,255,254","ocolor":256,"color24":-1,"transparency":0,"lweight":-1,"linewidth":0.0,"ltscale":1.0,"visible":1,"width":0.0,"thickness":0.0,"ext":"(3:0,0,0.1)"},"geometry":{"type":"LineString","coordinates":[[14.1443841,55.9857546,17.411],[14.1444482,55.9857541,17.411],[14.1444473,55.9857182,17.411],[14.1443832,55.9857187,17.411],[14.1443841,55.9857546,17.411]]}},
{"type":"Feature","properties":{"fid":2852,"handle":99067,"block":-1,"etype":18,"space":0,"layer":"J26_Funkby","olinetype":"BYLAYER","linetype":"","color":"0,255,255,254","ocolor":256,"color24":-1,"transparency":0,"lweight":-1,"linewidth":0.0,"ltscale":1.0,"visible":1,"width":0.0,"thickness":0.0,"ext":"(3:0,0,0.1)"},"geometry":{"type":"LineString","coordinates":[[14.1443832,55.9857187,17.411],[14.1444473,55.9857182,17.411],[14.1444463,55.9856822,17.411],[14.1443823,55.9856828,17.411],[14.1443832,55.9857187,17.411]]}},
{"type":"Feature","properties":{"fid":2853,"handle":99068,"block":-1,"etype":18,"space":0,"layer":"J26_Funkby","olinetype":"BYLAYER","linetype":"","color":"0,255,255,254","ocolor":256,"color24":-1,"transparency":0,"lweight":-1,"linewidth":0.0,"ltscale":1.0,"visible":1,"width":0.0,"thickness":0.0,"ext":"(3:0,0,0.1)"},"geometry":{"type":"LineString","coordinates":[[14.14445,55.9858259,17.411],[14.1445141,55.9858254,17.411],[14.1445132,55.9857895,17.411],[14.1444491,55.98579,17.411],[14.14445,55.9858259,17.411]]}},
{"type":"Feature","properties":{"fid":2854,"handle":99069,"block":-1,"etype":18,"space":0,"layer":"J26_Funkby","olinetype":"BYLAYER","linetype":"","color":"0,255,255,254","ocolor":256,"color24":-1,"transparency":0,"lweight":-1,"linewidth":0.0,"ltscale":1.0,"visible":1,"width":0.0,"thickness":0.0,"ext":"(3:0,0,0.1)"},"geometry":{"type":"LineString","coordinates":[[14.1444491,55.98579,17.411],[14.1445132,55.9857895,17.411],[14.1445123,55.9857536,17.411],[14.1444482,55.9857541,17.411],[14.1444491,55.98579,17.411]]}},
{"type":"Feature","properties":{"fid":2855,"handle":99070,"block":-1,"etype":18,"space":0,"layer":"J26_Funkby","olinetype":"BYLAYER","linetype":"","color":"0,255,255,254","ocolor":256,"color24":-1,"transparency":0,"lweight":-1,"linewidth":0.0,"ltscale":1.0,"visible":1,"width":0.0,"thickness":0.0,"ext":"(3:0,0,0.1)"},"geometry":{"type":"LineString","coordinates":[[14.1444482,55.9857541,17.411],[14.1445123,55.9857536,17.411],[14.1445113,55.9857176,17.411],[14.1444473,55.9857182,17.411],[14.1444482,55.9857541,17.411]]}},
{"type":"Feature","properties":{"fid":2856,"handle":99071,"block":-1,"etype":18,"space":0,"layer":"J26_Funkby","olinetype":"BYLAYER","linetype":"","color":"0,255,255,254","ocolor":256,"color24":-1,"transparency":0,"lweight":-1,"linewidth":0.0,"ltscale":1.0,"visible":1,"width":0.0,"thickness":0.0,"ext":"(3:0,0,0.1)"},"geometry":{"type":"LineString","coordinates":[[14.1444473,55.9857182,17.411],[14.1445113,55.9857176,17.411],[14.1445104,55.9856817,17.411],[14.1444463,55.9856822,17.411],[14.1444473,55.9857182,17.411]]}},
{"type":"Feature","properties":{"fid":2857,"handle":99072,"block":-1,"etype":18,"space":0,"layer":"J26_Funkby","olinetype":"BYLAYER","linetype":"","color":"0,255,255,254","ocolor":256,"color24":-1,"transparency":0,"lweight":-1,"linewidth":0.0,"ltscale":1.0,"visible":1,"width":0.0,"thickness":0.0,"ext":"(3:0,0,0.1)"},"geometry":{"type":"LineString","coordinates":[[14.1443816,55.9856558,17.411],[14.1444456,55.9856553,17.411],[14.1444447,55.9856194,17.411],[14.1443806,55.9856199,17.411],[14.1443816,55.9856558,17.411]]}},
{"type":"Feature","properties":{"fid":2858,"handle":99073,"block":-1,"etype":18,"space":0,"layer":"J26_Funkby","olinetype":"BYLAYER","linetype":"","color":"0,255,255,254","ocolor":256,"color24":-1,"transparency":0,"lweight":-1,"linewidth":0.0,"ltscale":1.0,"visible":1,"width":0.0,"thickness":0.0,"ext":"(3:0,0,0.1)"},"geometry":{"type":"LineString","coordinates":[[14.1443806,55.9856199,17.411],[14.1444447,55.9856194,17.411],[14.1444438,55.9855835,17.411],[14.1443797,55.985584,17.411],[14.1443806,55.9856199,17.411]]}},
{"type":"Feature","properties":{"fid":2859,"handle":99074,"block":-1,"etype":18,"space":0,"layer":"J26_Funkby","olinetype":"BYLAYER","linetype":"","color":"0,255,255,254","ocolor":256,"color24":-1,"transparency":0,"lweight":-1,"linewidth":0.0,"ltscale":1.0,"visible":1,"width":0.0,"thickness":0.0,"ext":"(3:0,0,0.1)"},"geometry":{"type":"LineString","coordinates":[[14.1443797,55.985584,17.411],[14.1444438,55.9855835,17.411],[14.1444429,55.9855475,17.411],[14.1443788,55.9855481,17.411],[14.1443797,55.985584,17.411]]}},
{"type":"Feature","properties":{"fid":2860,"handle":99075,"block":-1,"etype":18,"space":0,"layer":"J26_Funkby","olinetype":"BYLAYER","linetype":"","color":"0,255,255,254","ocolor":256,"color24":-1,"transparency":0,"lweight":-1,"linewidth":0.0,"ltscale":1.0,"visible":1,"width":0.0,"thickness":0.0,"ext":"(3:0,0,0.1)"},"geometry":{"type":"LineString","coordinates":[[14.1443788,55.9855481,17.411],[14.1444429,55.9855475,17.411],[14.144442,55.9855116,17.411],[14.1443779,55.9855121,17.411],[14.1443788,55.9855481,17.411]]}},
{"type":"Feature","properties":{"fid":2861,"handle":99076,"block":-1,"etype":18,"space":0,"layer":"J26_Funkby","olinetype":"BYLAYER","linetype":"","color":"0,255,255,254","ocolor":256,"color24":-1,"transparency":0,"lweight":-1,"linewidth":0.0,"ltscale":1.0,"visible":1,"width":0.0,"thickness":0.0,"ext":"(3:0,0,0.1)"},"geometry":{"type":"LineString","coordinates":[[14.1444456,55.9856553,17.411],[14.1445097,55.9856548,17.411],[14.1445088,55.9856189,17.411],[14.1444447,55.9856194,17.411],[14.1444456,55.9856553,17.411]]}},
{"type":"Feature","properties":{"fid":2862,"handle":99077,"block":-1,"etype":18,"space":0,"layer":"J26_Funkby","olinetype":"BYLAYER","linetype":"","color":"0,255,255,254","ocolor":256,"color24":-1,"transparency":0,"lweight":-1,"linewidth":0.0,"ltscale":1.0,"visible":1,"width":0.0,"thickness":0.0,"ext":"(3:0,0,0.1)"},"geometry":{"type":"LineString","coordinates":[[14.1444447,55.9856194,17.411],[14.1445088,55.9856189,17.411],[14.1445079,55.9855829,17.411],[14.1444438,55.9855835,17.411],[14.1444447,55.9856194,17.411]]}},
{"type":"Feature","properties":{"fid":2863,"handle":99078,"block":-1,"etype":18,"space":0,"layer":"J26_Funkby","olinetype":"BYLAYER","linetype":"","color":"0,255,255,254","ocolor":256,"color24":-1,"transparency":0,"lweight":-1,"linewidth":0.0,"ltscale":1.0,"visible":1,"width":0.0,"thickness":0.0,"ext":"(3:0,0,0.1)"},"geometry":{"type":"LineString","coordinates":[[14.1444438,55.9855835,17.411],[14.1445079,55.9855829,17.411],[14.144507,55.985547,17.411],[14.1444429,55.9855475,17.411],[14.1444438,55.9855835,17.411]]}},
{"type":"Feature","properties":{"fid":2864,"handle":99079,"block":-1,"etype":18,"space":0,"layer":"J26_Funkby","olinetype":"BYLAYER","linetype":"","color":"0,255,255,254","ocolor":256,"color24":-1,"transparency":0,"lweight":-1,"linewidth":0.0,"ltscale":1.0,"visible":1,"width":0.0,"thickness":0.0,"ext":"(3:0,0,0.1)"},"geometry":{"type":"LineString","coordinates":[[14.1444429,55.9855475,17.411],[14.144507,55.985547,17.411],[14.144506,55.9855111,17.411],[14.144442,55.9855116,17.411],[14.1444429,55.9855475,17.411]]}},
{"type":"Feature","properties":{"fid":2865,"handle":99080,"block":-1,"etype":18,"space":0,"layer":"J26_Funkby","olinetype":"BYLAYER","linetype":"","color":"0,255,255,254","ocolor":256,"color24":-1,"transparency":0,"lweight":-1,"linewidth":0.0,"ltscale":1.0,"visible":1,"width":0.0,"thickness":0.0,"ext":"(3:0,0,0.1)"},"geometry":{"type":"LineString","coordinates":[[14.1443772,55.9854852,17.411],[14.1444413,55.9854847,17.411],[14.1444403,55.9854488,17.411],[14.1443763,55.9854493,17.411],[14.1443772,55.9854852,17.411]]}},
{"type":"Feature","properties":{"fid":2866,"handle":99081,"block":-1,"etype":18,"space":0,"layer":"J26_Funkby","olinetype":"BYLAYER","linetype":"","color":"0,255,255,254","ocolor":256,"color24":-1,"transparency":0,"lweight":-1,"linewidth":0.0,"ltscale":1.0,"visible":1,"width":0.0,"thickness":0.0,"ext":"(3:0,0,0.1)"},"geometry":{"type":"LineString","coordinates":[[14.1443763,55.9854493,17.411],[14.1444403,55.9854488,17.411],[14.1444394,55.9854128,17.411],[14.1443753,55.9854134,17.411],[14.1443763,55.9854493,17.411]]}},
{"type":"Feature","properties":{"fid":2867,"handle":99082,"block":-1,"etype":18,"space":0,"layer":"J26_Funkby","olinetype":"BYLAYER","linetype":"","color":"0,255,255,254","ocolor":256,"color24":-1,"transparency":0,"lweight":-1,"linewidth":0.0,"ltscale":1.0,"visible":1,"width":0.0,"thickness":0.0,"ext":"(3:0,0,0.1)"},"geometry":{"type":"LineString","coordinates":[[14.1443753,55.9854134,17.411],[14.1444394,55.9854128,17.411],[14.1444385,55.9853769,17.411],[14.1443744,55.9853774,17.411],[14.1443753,55.9854134,17.411]]}},
{"type":"Feature","properties":{"fid":2868,"handle":99083,"block":-1,"etype":18,"space":0,"layer":"J26_Funkby","olinetype":"BYLAYER","linetype":"","color":"0,255,255,254","ocolor":256,"color24":-1,"transparency":0,"lweight":-1,"linewidth":0.0,"ltscale":1.0,"visible":1,"width":0.0,"thickness":0.0,"ext":"(3:0,0,0.1)"},"geometry":{"type":"LineString","coordinates":[[14.1443744,55.9853774,17.411],[14.1444385,55.9853769,17.411],[14.1444376,55.985341,17.411],[14.1443735,55.9853415,17.411],[14.1443744,55.9853774,17.411]]}},
{"type":"Feature","properties":{"fid":2869,"handle":99084,"block":-1,"etype":18,"space":0,"layer":"J26_Funkby","olinetype":"BYLAYER","linetype":"","color":"0,255,255,254","ocolor":256,"color24":-1,"transparency":0,"lweight":-1,"linewidth":0.0,"ltscale":1.0,"visible":1,"width":0.0,"thickness":0.0,"ext":"(3:0,0,0.1)"},"geometry":{"type":"LineString","coordinates":[[14.1444413,55.9854847,17.411],[14.1445053,55.9854842,17.411],[14.1445044,55.9854482,17.411],[14.1444403,55.9854488,17.411],[14.1444413,55.9854847,17.411]]}},
{"type":"Feature","properties":{"fid":2870,"handle":99085,"block":-1,"etype":18,"space":0,"layer":"J26_Funkby","olinetype":"BYLAYER","linetype":"","color":"0,255,255,254","ocolor":256,"color24":-1,"transparency":0,"lweight":-1,"linewidth":0.0,"ltscale":1.0,"visible":1,"width":0.0,"thickness":0.0,"ext":"(3:0,0,0.1)"},"geometry":{"type":"LineString","coordinates":[[14.1444403,55.9854488,17.411],[14.1445044,55.9854482,17.411],[14.1445035,55.9854123,17.411],[14.1444394,55.9854128,17.411],[14.1444403,55.9854488,17.411]]}},
{"type":"Feature","properties":{"fid":2871,"handle":99086,"block":-1,"etype":18,"space":0,"layer":"J26_Funkby","olinetype":"BYLAYER","linetype":"","color":"0,255,255,254","ocolor":256,"color24":-1,"transparency":0,"lweight":-1,"linewidth":0.0,"ltscale":1.0,"visible":1,"width":0.0,"thickness":0.0,"ext":"(3:0,0,0.1)"},"geometry":{"type":"LineString","coordinates":[[14.1444394,55.9854128,17.411],[14.1445035,55.9854123,17.411],[14.1445026,55.9853764,17.411],[14.1444385,55.9853769,17.411],[14.1444394,55.9854128,17.411]]}},
{"type":"Feature","properties":{"fid":2872,"handle":99087,"block":-1,"etype":18,"space":0,"layer":"J26_Funkby","olinetype":"BYLAYER","linetype":"","color":"0,255,255,254","ocolor":256,"color24":-1,"transparency":0,"lweight":-1,"linewidth":0.0,"ltscale":1.0,"visible":1,"width":0.0,"thickness":0.0,"ext":"(3:0,0,0.1)"},"geometry":{"type":"LineString","coordinates":[[14.1444385,55.9853769,17.411],[14.1445026,55.9853764,17.411],[14.1445017,55.9853405,17.411],[14.1444376,55.985341,17.411],[14.1444385,55.9853769,17.411]]}},
{"type":"Feature","properties":{"fid":2873,"handle":99091,"block":-1,"etype":18,"space":0,"layer":"J26_Funkby","olinetype":"BYLAYER","linetype":"","color":"0,255,255,254","ocolor":256,"color24":-1,"transparency":0,"lweight":-1,"linewidth":0.0,"ltscale":1.0,"visible":1,"width":0.0,"thickness":0.0,"ext":"(3:0,0,0.1)"},"geometry":{"type":"LineString","coordinates":[[14.1443728,55.9853146,17.411],[14.1444369,55.9853141,17.411],[14.144436,55.9852781,17.411],[14.1443719,55.9852786,17.411],[14.1443728,55.9853146,17.411]]}},
{"type":"Feature","properties":{"fid":2874,"handle":99092,"block":-1,"etype":18,"space":0,"layer":"J26_Funkby","olinetype":"BYLAYER","linetype":"","color":"0,255,255,254","ocolor":256,"color24":-1,"transparency":0,"lweight":-1,"linewidth":0.0,"ltscale":1.0,"visible":1,"width":0.0,"thickness":0.0,"ext":"(3:0,0,0.1)"},"geometry":{"type":"LineString","coordinates":[[14.1443719,55.9852786,17.411],[14.144436,55.9852781,17.411],[14.144435,55.9852422,17.411],[14.144371,55.9852427,17.411],[14.1443719,55.9852786,17.411]]}},
{"type":"Feature","properties":{"fid":2875,"handle":99093,"block":-1,"etype":18,"space":0,"layer":"J26_Funkby","olinetype":"BYLAYER","linetype":"","color":"0,255,255,254","ocolor":256,"color24":-1,"transparency":0,"lweight":-1,"linewidth":0.0,"ltscale":1.0,"visible":1,"width":0.0,"thickness":0.0,"ext":"(3:0,0,0.1)"},"geometry":{"type":"LineString","coordinates":[[14.144371,55.9852427,17.411],[14.144435,55.9852422,17.411],[14.1444341,55.9852063,17.411],[14.14437,55.9852068,17.411],[14.144371,55.9852427,17.411]]}},
{"type":"Feature","properties":{"fid":2876,"handle":99094,"block":-1,"etype":18,"space":0,"layer":"J26_Funkby","olinetype":"BYLAYER","linetype":"","color":"0,255,255,254","ocolor":256,"color24":-1,"transparency":0,"lweight":-1,"linewidth":0.0,"ltscale":1.0,"visible":1,"width":0.0,"thickness":0.0,"ext":"(3:0,0,0.1)"},"geometry":{"type":"LineString","coordinates":[[14.14437,55.9852068,17.411],[14.1444341,55.9852063,17.411],[14.1444332,55.9851704,17.411],[14.1443691,55.9851709,17.411],[14.14437,55.9852068,17.411]]}},
{"type":"Feature","properties":{"fid":2877,"handle":99095,"block":-1,"etype":18,"space":0,"layer":"J26_Funkby","olinetype":"BYLAYER","linetype":"","color":"0,255,255,254","ocolor":256,"color24":-1,"transparency":0,"lweight":-1,"linewidth":0.0,"ltscale":1.0,"visible":1,"width":0.0,"thickness":0.0,"ext":"(3:0,0,0.1)"},"geometry":{"type":"LineString","coordinates":[[14.1444369,55.9853141,17.411],[14.144501,55.9853135,17.411],[14.1445,55.9852776,17.411],[14.144436,55.9852781,17.411],[14.1444369,55.9853141,17.411]]}},
{"type":"Feature","properties":{"fid":2878,"handle":99096,"block":-1,"etype":18,"space":0,"layer":"J26_Funkby","olinetype":"BYLAYER","linetype":"","color":"0,255,255,254","ocolor":256,"color24":-1,"transparency":0,"lweight":-1,"linewidth":0.0,"ltscale":1.0,"visible":1,"width":0.0,"thickness":0.0,"ext":"(3:0,0,0.1)"},"geometry":{"type":"LineString","coordinates":[[14.144436,55.9852781,17.411],[14.1445,55.9852776,17.411],[14.1444991,55.9852417,17.411],[14.144435,55.9852422,17.411],[14.144436,55.9852781,17.411]]}},
{"type":"Feature","properties":{"fid":2879,"handle":99097,"block":-1,"etype":18,"space":0,"layer":"J26_Funkby","olinetype":"BYLAYER","linetype":"","color":"0,255,255,254","ocolor":256,"color24":-1,"transparency":0,"lweight":-1,"linewidth":0.0,"ltscale":1.0,"visible":1,"width":0.0,"thickness":0.0,"ext":"(3:0,0,0.1)"},"geometry":{"type":"LineString","coordinates":[[14.144435,55.9852422,17.411],[14.1444991,55.9852417,17.411],[14.1444982,55.9852058,17.411],[14.1444341,55.9852063,17.411],[14.144435,55.9852422,17.411]]}},
{"type":"Feature","properties":{"fid":2880,"handle":99098,"block":-1,"etype":18,"space":0,"layer":"J26_Funkby","olinetype":"BYLAYER","linetype":"","color":"0,255,255,254","ocolor":256,"color24":-1,"transparency":0,"lweight":-1,"linewidth":0.0,"ltscale":1.0,"visible":1,"width":0.0,"thickness":0.0,"ext":"(3:0,0,0.1)"},"geometry":{"type":"LineString","coordinates":[[14.1444341,55.9852063,17.411],[14.1444982,55.9852058,17.411],[14.1444973,55.9851699,17.411],[14.1444332,55.9851704,17.411],[14.1444341,55.9852063,17.411]]}},
{"type":"Feature","properties":{"fid":2881,"handle":99099,"block":-1,"etype":18,"space":0,"layer":"J26_Funkby","olinetype":"BYLAYER","linetype":"","color":"0,255,255,254","ocolor":256,"color24":-1,"transparency":0,"lweight":-1,"linewidth":0.0,"ltscale":1.0,"visible":1,"width":0.0,"thickness":0.0,"ext":"(3:0,0,0.1)"},"geometry":{"type":"LineString","coordinates":[[14.1443684,55.9851439,17.411],[14.1444325,55.9851434,17.411],[14.1444316,55.9851075,17.411],[14.1443675,55.985108,17.411],[14.1443684,55.9851439,17.411]]}},
{"type":"Feature","properties":{"fid":2882,"handle":99100,"block":-1,"etype":18,"space":0,"layer":"J26_Funkby","olinetype":"BYLAYER","linetype":"","color":"0,255,255,254","ocolor":256,"color24":-1,"transparency":0,"lweight":-1,"linewidth":0.0,"ltscale":1.0,"visible":1,"width":0.0,"thickness":0.0,"ext":"(3:0,0,0.1)"},"geometry":{"type":"LineString","coordinates":[[14.1443675,55.985108,17.411],[14.1444316,55.9851075,17.411],[14.1444307,55.9850716,17.411],[14.1443666,55.9850721,17.411],[14.1443675,55.985108,17.411]]}},
{"type":"Feature","properties":{"fid":2883,"handle":99101,"block":-1,"etype":18,"space":0,"layer":"J26_Funkby","olinetype":"BYLAYER","linetype":"","color":"0,255,255,254","ocolor":256,"color24":-1,"transparency":0,"lweight":-1,"linewidth":0.0,"ltscale":1.0,"visible":1,"width":0.0,"thickness":0.0,"ext":"(3:0,0,0.1)"},"geometry":{"type":"LineString","coordinates":[[14.1443666,55.9850721,17.411],[14.1444307,55.9850716,17.411],[14.1444297,55.9850357,17.411],[14.1443657,55.9850362,17.411],[14.1443666,55.9850721,17.411]]}},
{"type":"Feature","properties":{"fid":2884,"handle":99102,"block":-1,"etype":18,"space":0,"layer":"J26_Funkby","olinetype":"BYLAYER","linetype":"","color":"0,255,255,254","ocolor":256,"color24":-1,"transparency":0,"lweight":-1,"linewidth":0.0,"ltscale":1.0,"visible":1,"width":0.0,"thickness":0.0,"ext":"(3:0,0,0.1)"},"geometry":{"type":"LineString","coordinates":[[14.1443657,55.9850362,17.411],[14.1444297,55.9850357,17.411],[14.1444288,55.9849997,17.411],[14.1443648,55.9850003,17.411],[14.1443657,55.9850362,17.411]]}},
{"type":"Feature","properties":{"fid":2885,"handle":99103,"block":-1,"etype":18,"space":0,"layer":"J26_Funkby","olinetype":"BYLAYER","linetype":"","color":"0,255,255,254","ocolor":256,"color24":-1,"transparency":0,"lweight":-1,"linewidth":0.0,"ltscale":1.0,"visible":1,"width":0.0,"thickness":0.0,"ext":"(3:0,0,0.1)"},"geometry":{"type":"LineString","coordinates":[[14.1444325,55.9851434,17.411],[14.1444966,55.9851429,17.411],[14.1444957,55.985107,17.411],[14.1444316,55.9851075,17.411],[14.1444325,55.9851434,17.411]]}},
{"type":"Feature","properties":{"fid":2886,"handle":99104,"block":-1,"etype":18,"space":0,"layer":"J26_Funkby","olinetype":"BYLAYER","linetype":"","color":"0,255,255,254","ocolor":256,"color24":-1,"transparency":0,"lweight":-1,"linewidth":0.0,"ltscale":1.0,"visible":1,"width":0.0,"thickness":0.0,"ext":"(3:0,0,0.1)"},"geometry":{"type":"LineString","coordinates":[[14.1444316,55.9851075,17.411],[14.1444957,55.985107,17.411],[14.1444947,55.9850711,17.411],[14.1444307,55.9850716,17.411],[14.1444316,55.9851075,17.411]]}},
{"type":"Feature","properties":{"fid":2887,"handle":99105,"block":-1,"etype":18,"space":0,"layer":"J26_Funkby","olinetype":"BYLAYER","linetype":"","color":"0,255,255,254","ocolor":256,"color24":-1,"transparency":0,"lweight":-1,"linewidth":0.0,"ltscale":1.0,"visible":1,"width":0.0,"thickness":0.0,"ext":"(3:0,0,0.1)"},"geometry":{"type":"LineString","coordinates":[[14.1444307,55.9850716,17.411],[14.1444947,55.9850711,17.411],[14.1444938,55.9850351,17.411],[14.1444297,55.9850357,17.411],[14.1444307,55.9850716,17.411]]}},
{"type":"Feature","properties":{"fid":2888,"handle":99106,"block":-1,"etype":18,"space":0,"layer":"J26_Funkby","olinetype":"BYLAYER","linetype":"","color":"0,255,255,254","ocolor":256,"color24":-1,"transparency":0,"lweight":-1,"linewidth":0.0,"ltscale":1.0,"visible":1,"width":0.0,"thickness":0.0,"ext":"(3:0,0,0.1)"},"geometry":{"type":"LineString","coordinates":[[14.1444297,55.9850357,17.411],[14.1444938,55.9850351,17.411],[14.1444929,55.9849992,17.411],[14.1444288,55.9849997,17.411],[14.1444297,55.9850357,17.411]]}},
{"type":"Feature","properties":{"fid":2889,"handle":99109,"block":-1,"etype":18,"space":0,"layer":"J26_Funkby","olinetype":"BYLAYER","linetype":"","color":"0,255,255,254","ocolor":256,"color24":-1,"transparency":0,"lweight":-1,"linewidth":0.0,"ltscale":1.0,"visible":1,"width":0.0,"thickness":0.0,"ext":"(3:0,0,0.1)"},"geometry":{"type":"LineString","coordinates":[[14.1443641,55.9849733,17.411],[14.1444281,55.9849728,17.411],[14.1444272,55.9849369,17.411],[14.1443631,55.9849374,17.411],[14.1443641,55.9849733,17.411]]}},
{"type":"Feature","properties":{"fid":2890,"handle":99110,"block":-1,"etype":18,"space":0,"layer":"J26_Funkby","olinetype":"BYLAYER","linetype":"","color":"0,255,255,254","ocolor":256,"color24":-1,"transparency":0,"lweight":-1,"linewidth":0.0,"ltscale":1.0,"visible":1,"width":0.0,"thickness":0.0,"ext":"(3:0,0,0.1)"},"geometry":{"type":"LineString","coordinates":[[14.1443631,55.9849374,17.411],[14.1444272,55.9849369,17.411],[14.1444263,55.984901,17.411],[14.1443622,55.9849015,17.411],[14.1443631,55.9849374,17.411]]}},
{"type":"Feature","properties":{"fid":2891,"handle":99111,"block":-1,"etype":18,"space":0,"layer":"J26_Funkby","olinetype":"BYLAYER","linetype":"","color":"0,255,255,254","ocolor":256,"color24":-1,"transparency":0,"lweight":-1,"linewidth":0.0,"ltscale":1.0,"visible":1,"width":0.0,"thickness":0.0,"ext":"(3:0,0,0.1)"},"geometry":{"type":"LineString","coordinates":[[14.1443622,55.9849015,17.411],[14.1444263,55.984901,17.411],[14.1444254,55.984865,17.411],[14.1443613,55.9848656,17.411],[14.1443622,55.9849015,17.411]]}},
{"type":"Feature","properties":{"fid":2892,"handle":99112,"block":-1,"etype":18,"space":0,"layer":"J26_Funkby","olinetype":"BYLAYER","linetype":"","color":"0,255,255,254","ocolor":256,"color24":-1,"transparency":0,"lweight":-1,"linewidth":0.0,"ltscale":1.0,"visible":1,"width":0.0,"thickness":0.0,"ext":"(3:0,0,0.1)"},"geometry":{"type":"LineString","coordinates":[[14.1443613,55.9848656,17.411],[14.1444254,55.984865,17.411],[14.1444245,55.9848291,17.411],[14.1443604,55.9848296,17.411],[14.1443613,55.9848656,17.411]]}},
{"type":"Feature","properties":{"fid":2893,"handle":99113,"block":-1,"etype":18,"space":0,"layer":"J26_Funkby","olinetype":"BYLAYER","linetype":"","color":"0,255,255,254","ocolor":256,"color24":-1,"transparency":0,"lweight":-1,"linewidth":0.0,"ltscale":1.0,"visible":1,"width":0.0,"thickness":0.0,"ext":"(3:0,0,0.1)"},"geometry":{"type":"LineString","coordinates":[[14.1444281,55.9849728,17.411],[14.1444922,55.9849723,17.411],[14.1444913,55.9849364,17.411],[14.1444272,55.9849369,17.411],[14.1444281,55.9849728,17.411]]}},
{"type":"Feature","properties":{"fid":2894,"handle":99114,"block":-1,"etype":18,"space":0,"layer":"J26_Funkby","olinetype":"BYLAYER","linetype":"","color":"0,255,255,254","ocolor":256,"color24":-1,"transparency":0,"lweight":-1,"linewidth":0.0,"ltscale":1.0,"visible":1,"width":0.0,"thickness":0.0,"ext":"(3:0,0,0.1)"},"geometry":{"type":"LineString","coordinates":[[14.1444272,55.9849369,17.411],[14.1444913,55.9849364,17.411],[14.1444904,55.9849004,17.411],[14.1444263,55.984901,17.411],[14.1444272,55.9849369,17.411]]}},
{"type":"Feature","properties":{"fid":2895,"handle":99115,"block":-1,"etype":18,"space":0,"layer":"J26_Funkby","olinetype":"BYLAYER","linetype":"","color":"0,255,255,254","ocolor":256,"color24":-1,"transparency":0,"lweight":-1,"linewidth":0.0,"ltscale":1.0,"visible":1,"width":0.0,"thickness":0.0,"ext":"(3:0,0,0.1)"},"geometry":{"type":"LineString","coordinates":[[14.1444263,55.984901,17.411],[14.1444904,55.9849004,17.411],[14.1444895,55.9848645,17.411],[14.1444254,55.984865,17.411],[14.1444263,55.984901,17.411]]}},
{"type":"Feature","properties":{"fid":2896,"handle":99116,"block":-1,"etype":18,"space":0,"layer":"J26_Funkby","olinetype":"BYLAYER","linetype":"","color":"0,255,255,254","ocolor":256,"color24":-1,"transparency":0,"lweight":-1,"linewidth":0.0,"ltscale":1.0,"visible":1,"width":0.0,"thickness":0.0,"ext":"(3:0,0,0.1)"},"geometry":{"type":"LineString","coordinates":[[14.1444254,55.984865,17.411],[14.1444895,55.9848645,17.411],[14.1444885,55.9848286,17.411],[14.1444245,55.9848291,17.411],[14.1444254,55.984865,17.411]]}},
{"type":"Feature","properties":{"fid":2897,"handle":99117,"block":-1,"etype":18,"space":0,"layer":"J26_Funkby","olinetype":"BYLAYER","linetype":"","color":"0,255,255,254","ocolor":256,"color24":-1,"transparency":0,"lweight":-1,"linewidth":0.0,"ltscale":1.0,"visible":1,"width":0.0,"thickness":0.0,"ext":"(3:0,0,0.1)"},"geometry":{"type":"LineString","coordinates":[[14.1443597,55.9848027,17.411],[14.1444238,55.9848022,17.411],[14.1444228,55.9847663,17.411],[14.1443588,55.9847668,17.411],[14.1443597,55.9848027,17.411]]}},
{"type":"Feature","properties":{"fid":2898,"handle":99118,"block":-1,"etype":18,"space":0,"layer":"J26_Funkby","olinetype":"BYLAYER","linetype":"","color":"0,255,255,254","ocolor":256,"color24":-1,"transparency":0,"lweight":-1,"linewidth":0.0,"ltscale":1.0,"visible":1,"width":0.0,"thickness":0.0,"ext":"(3:0,0,0.1)"},"geometry":{"type":"LineString","coordinates":[[14.1443588,55.9847668,17.411],[14.1444228,55.9847663,17.411],[14.1444219,55.9847303,17.411],[14.1443578,55.9847309,17.411],[14.1443588,55.9847668,17.411]]}},
{"type":"Feature","properties":{"fid":2899,"handle":99119,"block":-1,"etype":18,"space":0,"layer":"J26_Funkby","olinetype":"BYLAYER","linetype":"","color":"0,255,255,254","ocolor":256,"color24":-1,"transparency":0,"lweight":-1,"linewidth":0.0,"ltscale":1.0,"visible":1,"width":0.0,"thickness":0.0,"ext":"(3:0,0,0.1)"},"geometry":{"type":"LineString","coordinates":[[14.1443578,55.9847309,17.411],[14.1444219,55.9847303,17.411],[14.144421,55.9846944,17.411],[14.1443569,55.9846949,17.411],[14.1443578,55.9847309,17.411]]}},
{"type":"Feature","properties":{"fid":2900,"handle":99120,"block":-1,"etype":18,"space":0,"layer":"J26_Funkby","olinetype":"BYLAYER","linetype":"","color":"0,255,255,254","ocolor":256,"color24":-1,"transparency":0,"lweight":-1,"linewidth":0.0,"ltscale":1.0,"visible":1,"width":0.0,"thickness":0.0,"ext":"(3:0,0,0.1)"},"geometry":{"type":"LineString","coordinates":[[14.1443569,55.9846949,17.411],[14.144421,55.9846944,17.411],[14.1444201,55.9846585,17.411],[14.144356,55.984659,17.411],[14.1443569,55.9846949,17.411]]}},
{"type":"Feature","properties":{"fid":2901,"handle":99121,"block":-1,"etype":18,"space":0,"layer":"J26_Funkby","olinetype":"BYLAYER","linetype":"","color":"0,255,255,254","ocolor":256,"color24":-1,"transparency":0,"lweight":-1,"linewidth":0.0,"ltscale":1.0,"visible":1,"width":0.0,"thickness":0.0,"ext":"(3:0,0,0.1)"},"geometry":{"type":"LineString","coordinates":[[14.1444238,55.9848022,17.411],[14.1444878,55.9848017,17.411],[14.1444869,55.9847657,17.411],[14.1444228,55.9847663,17.411],[14.1444238,55.9848022,17.411]]}},
{"type":"Feature","properties":{"fid":2902,"handle":99122,"block":-1,"etype":18,"space":0,"layer":"J26_Funkby","olinetype":"BYLAYER","linetype":"","color":"0,255,255,254","ocolor":256,"color24":-1,"transparency":0,"lweight":-1,"linewidth":0.0,"ltscale":1.0,"visible":1,"width":0.0,"thickness":0.0,"ext":"(3:0,0,0.1)"},"geometry":{"type":"LineString","coordinates":[[14.1444228,55.9847663,17.411],[14.1444869,55.9847657,17.411],[14.144486,55.9847298,17.411],[14.1444219,55.9847303,17.411],[14.1444228,55.9847663,17.411]]}},
{"type":"Feature","properties":{"fid":2903,"handle":99123,"block":-1,"etype":18,"space":0,"layer":"J26_Funkby","olinetype":"BYLAYER","linetype":"","color":"0,255,255,254","ocolor":256,"color24":-1,"transparency":0,"lweight":-1,"linewidth":0.0,"ltscale":1.0,"visible":1,"width":0.0,"thickness":0.0,"ext":"(3:0,0,0.1)"},"geometry":{"type":"LineString","coordinates":[[14.1444219,55.9847303,17.411],[14.144486,55.9847298,17.411],[14.1444851,55.9846939,17.411],[14.144421,55.9846944,17.411],[14.1444219,55.9847303,17.411]]}},
{"type":"Feature","properties":{"fid":2904,"handle":99124,"block":-1,"etype":18,"space":0,"layer":"J26_Funkby","olinetype":"BYLAYER","linetype":"","color":"0,255,255,254","ocolor":256,"color24":-1,"transparency":0,"lweight":-1,"linewidth":0.0,"ltscale":1.0,"visible":1,"width":0.0,"thickness":0.0,"ext":"(3:0,0,0.1)"},"geometry":{"type":"LineString","coordinates":[[14.144421,55.9846944,17.411],[14.1444851,55.9846939,17.411],[14.1444842,55.984658,17.411],[14.1444201,55.9846585,17.411],[14.144421,55.9846944,17.411]]}},
{"type":"Feature","properties":{"fid":2905,"handle":99127,"block":-1,"etype":18,"space":0,"layer":"J26_Funkby","olinetype":"BYLAYER","linetype":"","color":"0,255,255,254","ocolor":256,"color24":-1,"transparency":0,"lweight":-1,"linewidth":0.0,"ltscale":1.0,"visible":1,"width":0.0,"thickness":0.0,"ext":"(3:0,0,0.1)"},"geometry":{"type":"LineString","coordinates":[[14.1443553,55.9846321,17.411],[14.1444194,55.9846316,17.411],[14.1444185,55.9845956,17.411],[14.1443544,55.9845961,17.411],[14.1443553,55.9846321,17.411]]}},
{"type":"Feature","properties":{"fid":2906,"handle":99128,"block":-1,"etype":18,"space":0,"layer":"J26_Funkby","olinetype":"BYLAYER","linetype":"","color":"0,255,255,254","ocolor":256,"color24":-1,"transparency":0,"lweight":-1,"linewidth":0.0,"ltscale":1.0,"visible":1,"width":0.0,"thickness":0.0,"ext":"(3:0,0,0.1)"},"geometry":{"type":"LineString","coordinates":[[14.1443544,55.9845961,17.411],[14.1444185,55.9845956,17.411],[14.1444175,55.9845597,17.411],[14.1443535,55.9845602,17.411],[14.1443544,55.9845961,17.411]]}},
{"type":"Feature","properties":{"fid":2907,"handle":99131,"block":-1,"etype":18,"space":0,"layer":"J26_Funkby","olinetype":"BYLAYER","linetype":"","color":"0,255,255,254","ocolor":256,"color24":-1,"transparency":0,"lweight":-1,"linewidth":0.0,"ltscale":1.0,"visible":1,"width":0.0,"thickness":0.0,"ext":"(3:0,0,0.1)"},"geometry":{"type":"LineString","coordinates":[[14.1444194,55.9846316,17.411],[14.1444835,55.984631,17.411],[14.1444825,55.9845951,17.411],[14.1444185,55.9845956,17.411],[14.1444194,55.9846316,17.411]]}},
{"type":"Feature","properties":{"fid":2908,"handle":99132,"block":-1,"etype":18,"space":0,"layer":"J26_Funkby","olinetype":"BYLAYER","linetype":"","color":"0,255,255,254","ocolor":256,"color24":-1,"transparency":0,"lweight":-1,"linewidth":0.0,"ltscale":1.0,"visible":1,"width":0.0,"thickness":0.0,"ext":"(3:0,0,0.1)"},"geometry":{"type":"LineString","coordinates":[[14.1444185,55.9845956,17.411],[14.1444825,55.9845951,17.411],[14.1444816,55.9845592,17.411],[14.1444175,55.9845597,17.411],[14.1444185,55.9845956,17.411]]}},
{"type":"Feature","properties":{"fid":2909,"handle":99145,"block":-1,"etype":18,"space":0,"layer":"J26_Funkby","olinetype":"BYLAYER","linetype":"","color":"0,255,255,254","ocolor":256,"color24":-1,"transparency":0,"lweight":-1,"linewidth":0.0,"ltscale":1.0,"visible":1,"width":0.0,"thickness":0.0,"ext":"(3:0,0,0.1)"},"geometry":{"type":"LineString","coordinates":[[14.1442067,55.9857118,17.411],[14.1442708,55.9857113,17.411],[14.1442699,55.9856753,17.411],[14.1442058,55.9856758,17.411],[14.1442067,55.9857118,17.411]]}},
{"type":"Feature","properties":{"fid":2910,"handle":99146,"block":-1,"etype":18,"space":0,"layer":"J26_Funkby","olinetype":"BYLAYER","linetype":"","color":"0,255,255,254","ocolor":256,"color24":-1,"transparency":0,"lweight":-1,"linewidth":0.0,"ltscale":1.0,"visible":1,"width":0.0,"thickness":0.0,"ext":"(3:0,0,0.1)"},"geometry":{"type":"LineString","coordinates":[[14.1442058,55.9856758,17.411],[14.1442699,55.9856753,17.411],[14.144269,55.9856394,17.411],[14.1442049,55.9856399,17.411],[14.1442058,55.9856758,17.411]]}},
{"type":"Feature","properties":{"fid":2911,"handle":99147,"block":-1,"etype":18,"space":0,"layer":"J26_Funkby","olinetype":"BYLAYER","linetype":"","color":"0,255,255,254","ocolor":256,"color24":-1,"transparency":0,"lweight":-1,"linewidth":0.0,"ltscale":1.0,"visible":1,"width":0.0,"thickness":0.0,"ext":"(3:0,0,0.1)"},"geometry":{"type":"LineString","coordinates":[[14.1442049,55.9856399,17.411],[14.144269,55.9856394,17.411],[14.1442681,55.9856035,17.411],[14.144204,55.985604,17.411],[14.1442049,55.9856399,17.411]]}},
{"type":"Feature","properties":{"fid":2912,"handle":99148,"block":-1,"etype":18,"space":0,"layer":"J26_Funkby","olinetype":"BYLAYER","linetype":"","color":"0,255,255,254","ocolor":256,"color24":-1,"transparency":0,"lweight":-1,"linewidth":0.0,"ltscale":1.0,"visible":1,"width":0.0,"thickness":0.0,"ext":"(3:0,0,0.1)"},"geometry":{"type":"LineString","coordinates":[[14.144204,55.985604,17.411],[14.1442681,55.9856035,17.411],[14.1442671,55.9855676,17.411],[14.1442031,55.9855681,17.411],[14.144204,55.985604,17.411]]}},
{"type":"Feature","properties":{"fid":2913,"handle":99149,"block":-1,"etype":18,"space":0,"layer":"J26_Funkby","olinetype":"BYLAYER","linetype":"","color":"0,255,255,254","ocolor":256,"color24":-1,"transparency":0,"lweight":-1,"linewidth":0.0,"ltscale":1.0,"visible":1,"width":0.0,"thickness":0.0,"ext":"(3:0,0,0.1)"},"geometry":{"type":"LineString","coordinates":[[14.1442708,55.9857113,17.411],[14.1443349,55.9857107,17.411],[14.144334,55.9856748,17.411],[14.1442699,55.9856753,17.411],[14.1442708,55.9857113,17.411]]}},
{"type":"Feature","properties":{"fid":2914,"handle":99150,"block":-1,"etype":18,"space":0,"layer":"J26_Funkby","olinetype":"BYLAYER","linetype":"","color":"0,255,255,254","ocolor":256,"color24":-1,"transparency":0,"lweight":-1,"linewidth":0.0,"ltscale":1.0,"visible":1,"width":0.0,"thickness":0.0,"ext":"(3:0,0,0.1)"},"geometry":{"type":"LineString","coordinates":[[14.1442699,55.9856753,17.411],[14.144334,55.9856748,17.411],[14.1443331,55.9856389,17.411],[14.144269,55.9856394,17.411],[14.1442699,55.9856753,17.411]]}},
{"type":"Feature","properties":{"fid":2915,"handle":99151,"block":-1,"etype":18,"space":0,"layer":"J26_Funkby","olinetype":"BYLAYER","linetype":"","color":"0,255,255,254","ocolor":256,"color24":-1,"transparency":0,"lweight":-1,"linewidth":0.0,"ltscale":1.0,"visible":1,"width":0.0,"thickness":0.0,"ext":"(3:0,0,0.1)"},"geometry":{"type":"LineString","coordinates":[[14.144269,55.9856394,17.411],[14.1443331,55.9856389,17.411],[14.1443321,55.985603,17.411],[14.1442681,55.9856035,17.411],[14.144269,55.9856394,17.411]]}},
{"type":"Feature","properties":{"fid":2916,"handle":99152,"block":-1,"etype":18,"space":0,"layer":"J26_Funkby","olinetype":"BYLAYER","linetype":"","color":"0,255,255,254","ocolor":256,"color24":-1,"transparency":0,"lweight":-1,"linewidth":0.0,"ltscale":1.0,"visible":1,"width":0.0,"thickness":0.0,"ext":"(3:0,0,0.1)"},"geometry":{"type":"LineString","coordinates":[[14.1442681,55.9856035,17.411],[14.1443321,55.985603,17.411],[14.1443312,55.9855671,17.411],[14.1442671,55.9855676,17.411],[14.1442681,55.9856035,17.411]]}},
{"type":"Feature","properties":{"fid":2917,"handle":99153,"block":-1,"etype":18,"space":0,"layer":"J26_Funkby","olinetype":"BYLAYER","linetype":"","color":"0,255,255,254","ocolor":256,"color24":-1,"transparency":0,"lweight":-1,"linewidth":0.0,"ltscale":1.0,"visible":1,"width":0.0,"thickness":0.0,"ext":"(3:0,0,0.1)"},"geometry":{"type":"LineString","coordinates":[[14.1442024,55.9855411,17.411],[14.1442665,55.9855406,17.411],[14.1442655,55.9855047,17.411],[14.1442015,55.9855052,17.411],[14.1442024,55.9855411,17.411]]}},
{"type":"Feature","properties":{"fid":2918,"handle":99154,"block":-1,"etype":18,"space":0,"layer":"J26_Funkby","olinetype":"BYLAYER","linetype":"","color":"0,255,255,254","ocolor":256,"color24":-1,"transparency":0,"lweight":-1,"linewidth":0.0,"ltscale":1.0,"visible":1,"width":0.0,"thickness":0.0,"ext":"(3:0,0,0.1)"},"geometry":{"type":"LineString","coordinates":[[14.1442015,55.9855052,17.411],[14.1442655,55.9855047,17.411],[14.1442646,55.9854688,17.411],[14.1442005,55.9854693,17.411],[14.1442015,55.9855052,17.411]]}},
{"type":"Feature","properties":{"fid":2919,"handle":99155,"block":-1,"etype":18,"space":0,"layer":"J26_Funkby","olinetype":"BYLAYER","linetype":"","color":"0,255,255,254","ocolor":256,"color24":-1,"transparency":0,"lweight":-1,"linewidth":0.0,"ltscale":1.0,"visible":1,"width":0.0,"thickness":0.0,"ext":"(3:0,0,0.1)"},"geometry":{"type":"LineString","coordinates":[[14.1442005,55.9854693,17.411],[14.1442646,55.9854688,17.411],[14.1442637,55.9854329,17.411],[14.1441996,55.9854334,17.411],[14.1442005,55.9854693,17.411]]}},
{"type":"Feature","properties":{"fid":2920,"handle":99156,"block":-1,"etype":18,"space":0,"layer":"J26_Funkby","olinetype":"BYLAYER","linetype":"","color":"0,255,255,254","ocolor":256,"color24":-1,"transparency":0,"lweight":-1,"linewidth":0.0,"ltscale":1.0,"visible":1,"width":0.0,"thickness":0.0,"ext":"(3:0,0,0.1)"},"geometry":{"type":"LineString","coordinates":[[14.1441996,55.9854334,17.411],[14.1442637,55.9854329,17.411],[14.1442628,55.9853969,17.411],[14.1441987,55.9853975,17.411],[14.1441996,55.9854334,17.411]]}},
{"type":"Feature","properties":{"fid":2921,"handle":99157,"block":-1,"etype":18,"space":0,"layer":"J26_Funkby","olinetype":"BYLAYER","linetype":"","color":"0,255,255,254","ocolor":256,"color24":-1,"transparency":0,"lweight":-1,"linewidth":0.0,"ltscale":1.0,"visible":1,"width":0.0,"thickness":0.0,"ext":"(3:0,0,0.1)"},"geometry":{"type":"LineString","coordinates":[[14.1442665,55.9855406,17.411],[14.1443305,55.9855401,17.411],[14.1443296,55.9855042,17.411],[14.1442655,55.9855047,17.411],[14.1442665,55.9855406,17.411]]}},
{"type":"Feature","properties":{"fid":2922,"handle":99158,"block":-1,"etype":18,"space":0,"layer":"J26_Funkby","olinetype":"BYLAYER","linetype":"","color":"0,255,255,254","ocolor":256,"color24":-1,"transparency":0,"lweight":-1,"linewidth":0.0,"ltscale":1.0,"visible":1,"width":0.0,"thickness":0.0,"ext":"(3:0,0,0.1)"},"geometry":{"type":"LineString","coordinates":[[14.1442655,55.9855047,17.411],[14.1443296,55.9855042,17.411],[14.1443287,55.9854683,17.411],[14.1442646,55.9854688,17.411],[14.1442655,55.9855047,17.411]]}},
{"type":"Feature","properties":{"fid":2923,"handle":99159,"block":-1,"etype":18,"space":0,"layer":"J26_Funkby","olinetype":"BYLAYER","linetype":"","color":"0,255,255,254","ocolor":256,"color24":-1,"transparency":0,"lweight":-1,"linewidth":0.0,"ltscale":1.0,"visible":1,"width":0.0,"thickness":0.0,"ext":"(3:0,0,0.1)"},"geometry":{"type":"LineString","coordinates":[[14.1442646,55.9854688,17.411],[14.1443287,55.9854683,17.411],[14.1443278,55.9854323,17.411],[14.1442637,55.9854329,17.411],[14.1442646,55.9854688,17.411]]}},
{"type":"Feature","properties":{"fid":2924,"handle":99160,"block":-1,"etype":18,"space":0,"layer":"J26_Funkby","olinetype":"BYLAYER","linetype":"","color":"0,255,255,254","ocolor":256,"color24":-1,"transparency":0,"lweight":-1,"linewidth":0.0,"ltscale":1.0,"visible":1,"width":0.0,"thickness":0.0,"ext":"(3:0,0,0.1)"},"geometry":{"type":"LineString","coordinates":[[14.1442637,55.9854329,17.411],[14.1443278,55.9854323,17.411],[14.1443268,55.9853964,17.411],[14.1442628,55.9853969,17.411],[14.1442637,55.9854329,17.411]]}},
{"type":"Feature","properties":{"fid":2925,"handle":99161,"block":-1,"etype":18,"space":0,"layer":"J26_Funkby","olinetype":"BYLAYER","linetype":"","color":"0,255,255,254","ocolor":256,"color24":-1,"transparency":0,"lweight":-1,"linewidth":0.0,"ltscale":1.0,"visible":1,"width":0.0,"thickness":0.0,"ext":"(3:0,0,0.1)"},"geometry":{"type":"LineString","coordinates":[[14.144198,55.9853705,17.411],[14.1442621,55.98537,17.411],[14.1442612,55.9853341,17.411],[14.1441971,55.9853346,17.411],[14.144198,55.9853705,17.411]]}},
{"type":"Feature","properties":{"fid":2926,"handle":99162,"block":-1,"etype":18,"space":0,"layer":"J26_Funkby","olinetype":"BYLAYER","linetype":"","color":"0,255,255,254","ocolor":256,"color24":-1,"transparency":0,"lweight":-1,"linewidth":0.0,"ltscale":1.0,"visible":1,"width":0.0,"thickness":0.0,"ext":"(3:0,0,0.1)"},"geometry":{"type":"LineString","coordinates":[[14.1441971,55.9853346,17.411],[14.1442612,55.9853341,17.411],[14.1442602,55.9852982,17.411],[14.1441962,55.9852987,17.411],[14.1441971,55.9853346,17.411]]}},
{"type":"Feature","properties":{"fid":2927,"handle":99163,"block":-1,"etype":18,"space":0,"layer":"J26_Funkby","olinetype":"BYLAYER","linetype":"","color":"0,255,255,254","ocolor":256,"color24":-1,"transparency":0,"lweight":-1,"linewidth":0.0,"ltscale":1.0,"visible":1,"width":0.0,"thickness":0.0,"ext":"(3:0,0,0.1)"},"geometry":{"type":"LineString","coordinates":[[14.1441962,55.9852987,17.411],[14.1442602,55.9852982,17.411],[14.1442593,55.9852622,17.411],[14.1441952,55.9852628,17.411],[14.1441962,55.9852987,17.411]]}},
{"type":"Feature","properties":{"fid":2928,"handle":99164,"block":-1,"etype":18,"space":0,"layer":"J26_Funkby","olinetype":"BYLAYER","linetype":"","color":"0,255,255,254","ocolor":256,"color24":-1,"transparency":0,"lweight":-1,"linewidth":0.0,"ltscale":1.0,"visible":1,"width":0.0,"thickness":0.0,"ext":"(3:0,0,0.1)"},"geometry":{"type":"LineString","coordinates":[[14.1441952,55.9852628,17.411],[14.1442593,55.9852622,17.411],[14.1442584,55.9852263,17.411],[14.1441943,55.9852268,17.411],[14.1441952,55.9852628,17.411]]}},
{"type":"Feature","properties":{"fid":2929,"handle":99165,"block":-1,"etype":18,"space":0,"layer":"J26_Funkby","olinetype":"BYLAYER","linetype":"","color":"0,255,255,254","ocolor":256,"color24":-1,"transparency":0,"lweight":-1,"linewidth":0.0,"ltscale":1.0,"visible":1,"width":0.0,"thickness":0.0,"ext":"(3:0,0,0.1)"},"geometry":{"type":"LineString","coordinates":[[14.1442621,55.98537,17.411],[14.1443262,55.9853695,17.411],[14.1443252,55.9853336,17.411],[14.1442612,55.9853341,17.411],[14.1442621,55.98537,17.411]]}},
{"type":"Feature","properties":{"fid":2930,"handle":99166,"block":-1,"etype":18,"space":0,"layer":"J26_Funkby","olinetype":"BYLAYER","linetype":"","color":"0,255,255,254","ocolor":256,"color24":-1,"transparency":0,"lweight":-1,"linewidth":0.0,"ltscale":1.0,"visible":1,"width":0.0,"thickness":0.0,"ext":"(3:0,0,0.1)"},"geometry":{"type":"LineString","coordinates":[[14.1442612,55.9853341,17.411],[14.1443252,55.9853336,17.411],[14.1443243,55.9852976,17.411],[14.1442602,55.9852982,17.411],[14.1442612,55.9853341,17.411]]}},
{"type":"Feature","properties":{"fid":2931,"handle":99167,"block":-1,"etype":18,"space":0,"layer":"J26_Funkby","olinetype":"BYLAYER","linetype":"","color":"0,255,255,254","ocolor":256,"color24":-1,"transparency":0,"lweight":-1,"linewidth":0.0,"ltscale":1.0,"visible":1,"width":0.0,"thickness":0.0,"ext":"(3:0,0,0.1)"},"geometry":{"type":"LineString","coordinates":[[14.1442602,55.9852982,17.411],[14.1443243,55.9852976,17.411],[14.1443234,55.9852617,17.411],[14.1442593,55.9852622,17.411],[14.1442602,55.9852982,17.411]]}},
{"type":"Feature","properties":{"fid":2932,"handle":99168,"block":-1,"etype":18,"space":0,"layer":"J26_Funkby","olinetype":"BYLAYER","linetype":"","color":"0,255,255,254","ocolor":256,"color24":-1,"transparency":0,"lweight":-1,"linewidth":0.0,"ltscale":1.0,"visible":1,"width":0.0,"thickness":0.0,"ext":"(3:0,0,0.1)"},"geometry":{"type":"LineString","coordinates":[[14.1442593,55.9852622,17.411],[14.1443234,55.9852617,17.411],[14.1443225,55.9852258,17.411],[14.1442584,55.9852263,17.411],[14.1442593,55.9852622,17.411]]}},
{"type":"Feature","properties":{"fid":2933,"handle":99169,"block":-1,"etype":18,"space":0,"layer":"J26_Funkby","olinetype":"BYLAYER","linetype":"","color":"0,255,255,254","ocolor":256,"color24":-1,"transparency":0,"lweight":-1,"linewidth":0.0,"ltscale":1.0,"visible":1,"width":0.0,"thickness":0.0,"ext":"(3:0,0,0.1)"},"geometry":{"type":"LineString","coordinates":[[14.1441936,55.9851999,17.411],[14.1442577,55.9851994,17.411],[14.1442568,55.9851635,17.411],[14.1441927,55.985164,17.411],[14.1441936,55.9851999,17.411]]}},
{"type":"Feature","properties":{"fid":2934,"handle":99170,"block":-1,"etype":18,"space":0,"layer":"J26_Funkby","olinetype":"BYLAYER","linetype":"","color":"0,255,255,254","ocolor":256,"color24":-1,"transparency":0,"lweight":-1,"linewidth":0.0,"ltscale":1.0,"visible":1,"width":0.0,"thickness":0.0,"ext":"(3:0,0,0.1)"},"geometry":{"type":"LineString","coordinates":[[14.1441927,55.985164,17.411],[14.1442568,55.9851635,17.411],[14.1442559,55.9851275,17.411],[14.1441918,55.9851281,17.411],[14.1441927,55.985164,17.411]]}},
{"type":"Feature","properties":{"fid":2935,"handle":99171,"block":-1,"etype":18,"space":0,"layer":"J26_Funkby","olinetype":"BYLAYER","linetype":"","color":"0,255,255,254","ocolor":256,"color24":-1,"transparency":0,"lweight":-1,"linewidth":0.0,"ltscale":1.0,"visible":1,"width":0.0,"thickness":0.0,"ext":"(3:0,0,0.1)"},"geometry":{"type":"LineString","coordinates":[[14.1441918,55.9851281,17.411],[14.1442559,55.9851275,17.411],[14.1442549,55.9850916,17.411],[14.1441909,55.9850921,17.411],[14.1441918,55.9851281,17.411]]}},
{"type":"Feature","properties":{"fid":2936,"handle":99172,"block":-1,"etype":18,"space":0,"layer":"J26_Funkby","olinetype":"BYLAYER","linetype":"","color":"0,255,255,254","ocolor":256,"color24":-1,"transparency":0,"lweight":-1,"linewidth":0.0,"ltscale":1.0,"visible":1,"width":0.0,"thickness":0.0,"ext":"(3:0,0,0.1)"},"geometry":{"type":"LineString","coordinates":[[14.1441909,55.9850921,17.411],[14.1442549,55.9850916,17.411],[14.144254,55.9850557,17.411],[14.1441899,55.9850562,17.411],[14.1441909,55.9850921,17.411]]}},
{"type":"Feature","properties":{"fid":2937,"handle":99173,"block":-1,"etype":18,"space":0,"layer":"J26_Funkby","olinetype":"BYLAYER","linetype":"","color":"0,255,255,254","ocolor":256,"color24":-1,"transparency":0,"lweight":-1,"linewidth":0.0,"ltscale":1.0,"visible":1,"width":0.0,"thickness":0.0,"ext":"(3:0,0,0.1)"},"geometry":{"type":"LineString","coordinates":[[14.1442577,55.9851994,17.411],[14.1443218,55.9851989,17.411],[14.1443209,55.9851629,17.411],[14.1442568,55.9851635,17.411],[14.1442577,55.9851994,17.411]]}},
{"type":"Feature","properties":{"fid":2938,"handle":99174,"block":-1,"etype":18,"space":0,"layer":"J26_Funkby","olinetype":"BYLAYER","linetype":"","color":"0,255,255,254","ocolor":256,"color24":-1,"transparency":0,"lweight":-1,"linewidth":0.0,"ltscale":1.0,"visible":1,"width":0.0,"thickness":0.0,"ext":"(3:0,0,0.1)"},"geometry":{"type":"LineString","coordinates":[[14.1442568,55.9851635,17.411],[14.1443209,55.9851629,17.411],[14.1443199,55.985127,17.411],[14.1442559,55.9851275,17.411],[14.1442568,55.9851635,17.411]]}},
{"type":"Feature","properties":{"fid":2939,"handle":99175,"block":-1,"etype":18,"space":0,"layer":"J26_Funkby","olinetype":"BYLAYER","linetype":"","color":"0,255,255,254","ocolor":256,"color24":-1,"transparency":0,"lweight":-1,"linewidth":0.0,"ltscale":1.0,"visible":1,"width":0.0,"thickness":0.0,"ext":"(3:0,0,0.1)"},"geometry":{"type":"LineString","coordinates":[[14.1442559,55.9851275,17.411],[14.1443199,55.985127,17.411],[14.144319,55.9850911,17.411],[14.1442549,55.9850916,17.411],[14.1442559,55.9851275,17.411]]}},
{"type":"Feature","properties":{"fid":2940,"handle":99176,"block":-1,"etype":18,"space":0,"layer":"J26_Funkby","olinetype":"BYLAYER","linetype":"","color":"0,255,255,254","ocolor":256,"color24":-1,"transparency":0,"lweight":-1,"linewidth":0.0,"ltscale":1.0,"visible":1,"width":0.0,"thickness":0.0,"ext":"(3:0,0,0.1)"},"geometry":{"type":"LineString","coordinates":[[14.1442549,55.9850916,17.411],[14.144319,55.9850911,17.411],[14.1443181,55.9850552,17.411],[14.144254,55.9850557,17.411],[14.1442549,55.9850916,17.411]]}},
{"type":"Feature","properties":{"fid":2941,"handle":99177,"block":-1,"etype":18,"space":0,"layer":"J26_Funkby","olinetype":"BYLAYER","linetype":"","color":"0,255,255,254","ocolor":256,"color24":-1,"transparency":0,"lweight":-1,"linewidth":0.0,"ltscale":1.0,"visible":1,"width":0.0,"thickness":0.0,"ext":"(3:0,0,0.1)"},"geometry":{"type":"LineString","coordinates":[[14.1441892,55.9850293,17.411],[14.1442533,55.9850288,17.411],[14.1442524,55.9849928,17.411],[14.1441883,55.9849933,17.411],[14.1441892,55.9850293,17.411]]}},
{"type":"Feature","properties":{"fid":2942,"handle":99178,"block":-1,"etype":18,"space":0,"layer":"J26_Funkby","olinetype":"BYLAYER","linetype":"","color":"0,255,255,254","ocolor":256,"color24":-1,"transparency":0,"lweight":-1,"linewidth":0.0,"ltscale":1.0,"visible":1,"width":0.0,"thickness":0.0,"ext":"(3:0,0,0.1)"},"geometry":{"type":"LineString","coordinates":[[14.1441883,55.9849933,17.411],[14.1442524,55.9849928,17.411],[14.1442515,55.9849569,17.411],[14.1441874,55.9849574,17.411],[14.1441883,55.9849933,17.411]]}},
{"type":"Feature","properties":{"fid":2943,"handle":99179,"block":-1,"etype":18,"space":0,"layer":"J26_Funkby","olinetype":"BYLAYER","linetype":"","color":"0,255,255,254","ocolor":256,"color24":-1,"transparency":0,"lweight":-1,"linewidth":0.0,"ltscale":1.0,"visible":1,"width":0.0,"thickness":0.0,"ext":"(3:0,0,0.1)"},"geometry":{"type":"LineString","coordinates":[[14.1441874,55.9849574,17.411],[14.1442515,55.9849569,17.411],[14.1442506,55.984921,17.411],[14.1441865,55.9849215,17.411],[14.1441874,55.9849574,17.411]]}},
{"type":"Feature","properties":{"fid":2944,"handle":99180,"block":-1,"etype":18,"space":0,"layer":"J26_Funkby","olinetype":"BYLAYER","linetype":"","color":"0,255,255,254","ocolor":256,"color24":-1,"transparency":0,"lweight":-1,"linewidth":0.0,"ltscale":1.0,"visible":1,"width":0.0,"thickness":0.0,"ext":"(3:0,0,0.1)"},"geometry":{"type":"LineString","coordinates":[[14.1441865,55.9849215,17.411],[14.1442506,55.984921,17.411],[14.1442496,55.9848851,17.411],[14.1441856,55.9848856,17.411],[14.1441865,55.9849215,17.411]]}},
{"type":"Feature","properties":{"fid":2945,"handle":99181,"block":-1,"etype":18,"space":0,"layer":"J26_Funkby","olinetype":"BYLAYER","linetype":"","color":"0,255,255,254","ocolor":256,"color24":-1,"transparency":0,"lweight":-1,"linewidth":0.0,"ltscale":1.0,"visible":1,"width":0.0,"thickness":0.0,"ext":"(3:0,0,0.1)"},"geometry":{"type":"LineString","coordinates":[[14.1442533,55.9850288,17.411],[14.1443174,55.9850282,17.411],[14.1443165,55.9849923,17.411],[14.1442524,55.9849928,17.411],[14.1442533,55.9850288,17.411]]}},
{"type":"Feature","properties":{"fid":2946,"handle":99182,"block":-1,"etype":18,"space":0,"layer":"J26_Funkby","olinetype":"BYLAYER","linetype":"","color":"0,255,255,254","ocolor":256,"color24":-1,"transparency":0,"lweight":-1,"linewidth":0.0,"ltscale":1.0,"visible":1,"width":0.0,"thickness":0.0,"ext":"(3:0,0,0.1)"},"geometry":{"type":"LineString","coordinates":[[14.1442524,55.9849928,17.411],[14.1443165,55.9849923,17.411],[14.1443156,55.9849564,17.411],[14.1442515,55.9849569,17.411],[14.1442524,55.9849928,17.411]]}},
{"type":"Feature","properties":{"fid":2947,"handle":99183,"block":-1,"etype":18,"space":0,"layer":"J26_Funkby","olinetype":"BYLAYER","linetype":"","color":"0,255,255,254","ocolor":256,"color24":-1,"transparency":0,"lweight":-1,"linewidth":0.0,"ltscale":1.0,"visible":1,"width":0.0,"thickness":0.0,"ext":"(3:0,0,0.1)"},"geometry":{"type":"LineString","coordinates":[[14.1442515,55.9849569,17.411],[14.1443156,55.9849564,17.411],[14.1443146,55.9849205,17.411],[14.1442506,55.984921,17.411],[14.1442515,55.9849569,17.411]]}},
{"type":"Feature","properties":{"fid":2948,"handle":99184,"block":-1,"etype":18,"space":0,"layer":"J26_Funkby","olinetype":"BYLAYER","linetype":"","color":"0,255,255,254","ocolor":256,"color24":-1,"transparency":0,"lweight":-1,"linewidth":0.0,"ltscale":1.0,"visible":1,"width":0.0,"thickness":0.0,"ext":"(3:0,0,0.1)"},"geometry":{"type":"LineString","coordinates":[[14.1442506,55.984921,17.411],[14.1443146,55.9849205,17.411],[14.1443137,55.9848846,17.411],[14.1442496,55.9848851,17.411],[14.1442506,55.984921,17.411]]}},
{"type":"Feature","properties":{"fid":2949,"handle":99185,"block":-1,"etype":18,"space":0,"layer":"J26_Funkby","olinetype":"BYLAYER","linetype":"","color":"0,255,255,254","ocolor":256,"color24":-1,"transparency":0,"lweight":-1,"linewidth":0.0,"ltscale":1.0,"visible":1,"width":0.0,"thickness":0.0,"ext":"(3:0,0,0.1)"},"geometry":{"type":"LineString","coordinates":[[14.1441849,55.9848586,17.411],[14.1442489,55.9848581,17.411],[14.144248,55.9848222,17.411],[14.1441839,55.9848227,17.411],[14.1441849,55.9848586,17.411]]}},
{"type":"Feature","properties":{"fid":2950,"handle":99186,"block":-1,"etype":18,"space":0,"layer":"J26_Funkby","olinetype":"BYLAYER","linetype":"","color":"0,255,255,254","ocolor":256,"color24":-1,"transparency":0,"lweight":-1,"linewidth":0.0,"ltscale":1.0,"visible":1,"width":0.0,"thickness":0.0,"ext":"(3:0,0,0.1)"},"geometry":{"type":"LineString","coordinates":[[14.1441839,55.9848227,17.411],[14.144248,55.9848222,17.411],[14.1442471,55.9847863,17.411],[14.144183,55.9847868,17.411],[14.1441839,55.9848227,17.411]]}},
{"type":"Feature","properties":{"fid":2951,"handle":99187,"block":-1,"etype":18,"space":0,"layer":"J26_Funkby","olinetype":"BYLAYER","linetype":"","color":"0,255,255,254","ocolor":256,"color24":-1,"transparency":0,"lweight":-1,"linewidth":0.0,"ltscale":1.0,"visible":1,"width":0.0,"thickness":0.0,"ext":"(3:0,0,0.1)"},"geometry":{"type":"LineString","coordinates":[[14.144183,55.9847868,17.411],[14.1442471,55.9847863,17.411],[14.1442462,55.9847504,17.411],[14.1441821,55.9847509,17.411],[14.144183,55.9847868,17.411]]}},
{"type":"Feature","properties":{"fid":2952,"handle":99188,"block":-1,"etype":18,"space":0,"layer":"J26_Funkby","olinetype":"BYLAYER","linetype":"","color":"0,255,255,254","ocolor":256,"color24":-1,"transparency":0,"lweight":-1,"linewidth":0.0,"ltscale":1.0,"visible":1,"width":0.0,"thickness":0.0,"ext":"(3:0,0,0.1)"},"geometry":{"type":"LineString","coordinates":[[14.1441821,55.9847509,17.411],[14.1442462,55.9847504,17.411],[14.1442453,55.9847144,17.411],[14.1441812,55.984715,17.411],[14.1441821,55.9847509,17.411]]}},
{"type":"Feature","properties":{"fid":2953,"handle":99189,"block":-1,"etype":18,"space":0,"layer":"J26_Funkby","olinetype":"BYLAYER","linetype":"","color":"0,255,255,254","ocolor":256,"color24":-1,"transparency":0,"lweight":-1,"linewidth":0.0,"ltscale":1.0,"visible":1,"width":0.0,"thickness":0.0,"ext":"(3:0,0,0.1)"},"geometry":{"type":"LineString","coordinates":[[14.1442489,55.9848581,17.411],[14.144313,55.9848576,17.411],[14.1443121,55.9848217,17.411],[14.144248,55.9848222,17.411],[14.1442489,55.9848581,17.411]]}},
{"type":"Feature","properties":{"fid":2954,"handle":99190,"block":-1,"etype":18,"space":0,"layer":"J26_Funkby","olinetype":"BYLAYER","linetype":"","color":"0,255,255,254","ocolor":256,"color24":-1,"transparency":0,"lweight":-1,"linewidth":0.0,"ltscale":1.0,"visible":1,"width":0.0,"thickness":0.0,"ext":"(3:0,0,0.1)"},"geometry":{"type":"LineString","coordinates":[[14.144248,55.9848222,17.411],[14.1443121,55.9848217,17.411],[14.1443112,55.9847858,17.411],[14.1442471,55.9847863,17.411],[14.144248,55.9848222,17.411]]}},
{"type":"Feature","properties":{"fid":2955,"handle":99191,"block":-1,"etype":18,"space":0,"layer":"J26_Funkby","olinetype":"BYLAYER","linetype":"","color":"0,255,255,254","ocolor":256,"color24":-1,"transparency":0,"lweight":-1,"linewidth":0.0,"ltscale":1.0,"visible":1,"width":0.0,"thickness":0.0,"ext":"(3:0,0,0.1)"},"geometry":{"type":"LineString","coordinates":[[14.1442471,55.9847863,17.411],[14.1443112,55.9847858,17.411],[14.1443103,55.9847498,17.411],[14.1442462,55.9847504,17.411],[14.1442471,55.9847863,17.411]]}},
{"type":"Feature","properties":{"fid":2956,"handle":99192,"block":-1,"etype":18,"space":0,"layer":"J26_Funkby","olinetype":"BYLAYER","linetype":"","color":"0,255,255,254","ocolor":256,"color24":-1,"transparency":0,"lweight":-1,"linewidth":0.0,"ltscale":1.0,"visible":1,"width":0.0,"thickness":0.0,"ext":"(3:0,0,0.1)"},"geometry":{"type":"LineString","coordinates":[[14.1442462,55.9847504,17.411],[14.1443103,55.9847498,17.411],[14.1443093,55.9847139,17.411],[14.1442453,55.9847144,17.411],[14.1442462,55.9847504,17.411]]}},
{"type":"Feature","properties":{"fid":2957,"handle":99201,"block":-1,"etype":18,"space":0,"layer":"J26_Funkby","olinetype":"BYLAYER","linetype":"","color":"0,255,255,254","ocolor":256,"color24":-1,"transparency":0,"lweight":-1,"linewidth":0.0,"ltscale":1.0,"visible":1,"width":0.0,"thickness":0.0,"ext":"(3:0,0,0.1)"},"geometry":{"type":"LineString","coordinates":[[14.1440263,55.9855489,17.411],[14.1440904,55.9855484,17.411],[14.1440895,55.9855125,17.411],[14.1440254,55.985513,17.411],[14.1440263,55.9855489,17.411]]}},
{"type":"Feature","properties":{"fid":2958,"handle":99202,"block":-1,"etype":18,"space":0,"layer":"J26_Funkby","olinetype":"BYLAYER","linetype":"","color":"0,255,255,254","ocolor":256,"color24":-1,"transparency":0,"lweight":-1,"linewidth":0.0,"ltscale":1.0,"visible":1,"width":0.0,"thickness":0.0,"ext":"(3:0,0,0.1)"},"geometry":{"type":"LineString","coordinates":[[14.1440254,55.985513,17.411],[14.1440895,55.9855125,17.411],[14.1440886,55.9854765,17.411],[14.1440245,55.9854771,17.411],[14.1440254,55.985513,17.411]]}},
{"type":"Feature","properties":{"fid":2959,"handle":99203,"block":-1,"etype":18,"space":0,"layer":"J26_Funkby","olinetype":"BYLAYER","linetype":"","color":"0,255,255,254","ocolor":256,"color24":-1,"transparency":0,"lweight":-1,"linewidth":0.0,"ltscale":1.0,"visible":1,"width":0.0,"thickness":0.0,"ext":"(3:0,0,0.1)"},"geometry":{"type":"LineString","coordinates":[[14.1440922,55.9856202,17.411],[14.1441563,55.9856197,17.411],[14.1441554,55.9855838,17.411],[14.1440913,55.9855843,17.411],[14.1440922,55.9856202,17.411]]}},
{"type":"Feature","properties":{"fid":2960,"handle":99204,"block":-1,"etype":18,"space":0,"layer":"J26_Funkby","olinetype":"BYLAYER","linetype":"","color":"0,255,255,254","ocolor":256,"color24":-1,"transparency":0,"lweight":-1,"linewidth":0.0,"ltscale":1.0,"visible":1,"width":0.0,"thickness":0.0,"ext":"(3:0,0,0.1)"},"geometry":{"type":"LineString","coordinates":[[14.1440913,55.9855843,17.411],[14.1441554,55.9855838,17.411],[14.1441545,55.9855479,17.411],[14.1440904,55.9855484,17.411],[14.1440913,55.9855843,17.411]]}},
{"type":"Feature","properties":{"fid":2961,"handle":99205,"block":-1,"etype":18,"space":0,"layer":"J26_Funkby","olinetype":"BYLAYER","linetype":"","color":"0,255,255,254","ocolor":256,"color24":-1,"transparency":0,"lweight":-1,"linewidth":0.0,"ltscale":1.0,"visible":1,"width":0.0,"thickness":0.0,"ext":"(3:0,0,0.1)"},"geometry":{"type":"LineString","coordinates":[[14.1440904,55.9855484,17.411],[14.1441545,55.9855479,17.411],[14.1441536,55.9855119,17.411],[14.1440895,55.9855125,17.411],[14.1440904,55.9855484,17.411]]}},
{"type":"Feature","properties":{"fid":2962,"handle":99206,"block":-1,"etype":18,"space":0,"layer":"J26_Funkby","olinetype":"BYLAYER","linetype":"","color":"0,255,255,254","ocolor":256,"color24":-1,"transparency":0,"lweight":-1,"linewidth":0.0,"ltscale":1.0,"visible":1,"width":0.0,"thickness":0.0,"ext":"(3:0,0,0.1)"},"geometry":{"type":"LineString","coordinates":[[14.1440895,55.9855125,17.411],[14.1441536,55.9855119,17.411],[14.1441526,55.985476,17.411],[14.1440886,55.9854765,17.411],[14.1440895,55.9855125,17.411]]}},
{"type":"Feature","properties":{"fid":2963,"handle":99207,"block":-1,"etype":18,"space":0,"layer":"J26_Funkby","olinetype":"BYLAYER","linetype":"","color":"0,255,255,254","ocolor":256,"color24":-1,"transparency":0,"lweight":-1,"linewidth":0.0,"ltscale":1.0,"visible":1,"width":0.0,"thickness":0.0,"ext":"(3:0,0,0.1)"},"geometry":{"type":"LineString","coordinates":[[14.1440238,55.9854501,17.411],[14.1440879,55.9854496,17.411],[14.1440869,55.9854137,17.411],[14.1440229,55.9854142,17.411],[14.1440238,55.9854501,17.411]]}},
{"type":"Feature","properties":{"fid":2964,"handle":99208,"block":-1,"etype":18,"space":0,"layer":"J26_Funkby","olinetype":"BYLAYER","linetype":"","color":"0,255,255,254","ocolor":256,"color24":-1,"transparency":0,"lweight":-1,"linewidth":0.0,"ltscale":1.0,"visible":1,"width":0.0,"thickness":0.0,"ext":"(3:0,0,0.1)"},"geometry":{"type":"LineString","coordinates":[[14.1440229,55.9854142,17.411],[14.1440869,55.9854137,17.411],[14.144086,55.9853778,17.411],[14.1440219,55.9853783,17.411],[14.1440229,55.9854142,17.411]]}},
{"type":"Feature","properties":{"fid":2965,"handle":99209,"block":-1,"etype":18,"space":0,"layer":"J26_Funkby","olinetype":"BYLAYER","linetype":"","color":"0,255,255,254","ocolor":256,"color24":-1,"transparency":0,"lweight":-1,"linewidth":0.0,"ltscale":1.0,"visible":1,"width":0.0,"thickness":0.0,"ext":"(3:0,0,0.1)"},"geometry":{"type":"LineString","coordinates":[[14.1440219,55.9853783,17.411],[14.144086,55.9853778,17.411],[14.1440851,55.9853418,17.411],[14.144021,55.9853423,17.411],[14.1440219,55.9853783,17.411]]}},
{"type":"Feature","properties":{"fid":2966,"handle":99210,"block":-1,"etype":18,"space":0,"layer":"J26_Funkby","olinetype":"BYLAYER","linetype":"","color":"0,255,255,254","ocolor":256,"color24":-1,"transparency":0,"lweight":-1,"linewidth":0.0,"ltscale":1.0,"visible":1,"width":0.0,"thickness":0.0,"ext":"(3:0,0,0.1)"},"geometry":{"type":"LineString","coordinates":[[14.144021,55.9853423,17.411],[14.1440851,55.9853418,17.411],[14.1440842,55.9853059,17.411],[14.1440201,55.9853064,17.411],[14.144021,55.9853423,17.411]]}},
{"type":"Feature","properties":{"fid":2967,"handle":99211,"block":-1,"etype":18,"space":0,"layer":"J26_Funkby","olinetype":"BYLAYER","linetype":"","color":"0,255,255,254","ocolor":256,"color24":-1,"transparency":0,"lweight":-1,"linewidth":0.0,"ltscale":1.0,"visible":1,"width":0.0,"thickness":0.0,"ext":"(3:0,0,0.1)"},"geometry":{"type":"LineString","coordinates":[[14.1440879,55.9854496,17.411],[14.1441519,55.9854491,17.411],[14.144151,55.9854132,17.411],[14.1440869,55.9854137,17.411],[14.1440879,55.9854496,17.411]]}},
{"type":"Feature","properties":{"fid":2968,"handle":99212,"block":-1,"etype":18,"space":0,"layer":"J26_Funkby","olinetype":"BYLAYER","linetype":"","color":"0,255,255,254","ocolor":256,"color24":-1,"transparency":0,"lweight":-1,"linewidth":0.0,"ltscale":1.0,"visible":1,"width":0.0,"thickness":0.0,"ext":"(3:0,0,0.1)"},"geometry":{"type":"LineString","coordinates":[[14.1440869,55.9854137,17.411],[14.144151,55.9854132,17.411],[14.1441501,55.9853772,17.411],[14.144086,55.9853778,17.411],[14.1440869,55.9854137,17.411]]}},
{"type":"Feature","properties":{"fid":2969,"handle":99213,"block":-1,"etype":18,"space":0,"layer":"J26_Funkby","olinetype":"BYLAYER","linetype":"","color":"0,255,255,254","ocolor":256,"color24":-1,"transparency":0,"lweight":-1,"linewidth":0.0,"ltscale":1.0,"visible":1,"width":0.0,"thickness":0.0,"ext":"(3:0,0,0.1)"},"geometry":{"type":"LineString","coordinates":[[14.144086,55.9853778,17.411],[14.1441501,55.9853772,17.411],[14.1441492,55.9853413,17.411],[14.1440851,55.9853418,17.411],[14.144086,55.9853778,17.411]]}},
{"type":"Feature","properties":{"fid":2970,"handle":99214,"block":-1,"etype":18,"space":0,"layer":"J26_Funkby","olinetype":"BYLAYER","linetype":"","color":"0,255,255,254","ocolor":256,"color24":-1,"transparency":0,"lweight":-1,"linewidth":0.0,"ltscale":1.0,"visible":1,"width":0.0,"thickness":0.0,"ext":"(3:0,0,0.1)"},"geometry":{"type":"LineString","coordinates":[[14.1440851,55.9853418,17.411],[14.1441492,55.9853413,17.411],[14.1441483,55.9853054,17.411],[14.1440842,55.9853059,17.411],[14.1440851,55.9853418,17.411]]}},
{"type":"Feature","properties":{"fid":2971,"handle":99215,"block":-1,"etype":18,"space":0,"layer":"J26_Funkby","olinetype":"BYLAYER","linetype":"","color":"0,255,255,254","ocolor":256,"color24":-1,"transparency":0,"lweight":-1,"linewidth":0.0,"ltscale":1.0,"visible":1,"width":0.0,"thickness":0.0,"ext":"(3:0,0,0.1)"},"geometry":{"type":"LineString","coordinates":[[14.1440194,55.9852795,17.411],[14.1440835,55.985279,17.411],[14.1440826,55.985243,17.411],[14.1440185,55.9852436,17.411],[14.1440194,55.9852795,17.411]]}},
{"type":"Feature","properties":{"fid":2972,"handle":99216,"block":-1,"etype":18,"space":0,"layer":"J26_Funkby","olinetype":"BYLAYER","linetype":"","color":"0,255,255,254","ocolor":256,"color24":-1,"transparency":0,"lweight":-1,"linewidth":0.0,"ltscale":1.0,"visible":1,"width":0.0,"thickness":0.0,"ext":"(3:0,0,0.1)"},"geometry":{"type":"LineString","coordinates":[[14.1440185,55.9852436,17.411],[14.1440826,55.985243,17.411],[14.1440816,55.9852071,17.411],[14.1440176,55.9852076,17.411],[14.1440185,55.9852436,17.411]]}},
{"type":"Feature","properties":{"fid":2973,"handle":99217,"block":-1,"etype":18,"space":0,"layer":"J26_Funkby","olinetype":"BYLAYER","linetype":"","color":"0,255,255,254","ocolor":256,"color24":-1,"transparency":0,"lweight":-1,"linewidth":0.0,"ltscale":1.0,"visible":1,"width":0.0,"thickness":0.0,"ext":"(3:0,0,0.1)"},"geometry":{"type":"LineString","coordinates":[[14.1440176,55.9852076,17.411],[14.1440816,55.9852071,17.411],[14.1440807,55.9851712,17.411],[14.1440166,55.9851717,17.411],[14.1440176,55.9852076,17.411]]}},
{"type":"Feature","properties":{"fid":2974,"handle":99218,"block":-1,"etype":18,"space":0,"layer":"J26_Funkby","olinetype":"BYLAYER","linetype":"","color":"0,255,255,254","ocolor":256,"color24":-1,"transparency":0,"lweight":-1,"linewidth":0.0,"ltscale":1.0,"visible":1,"width":0.0,"thickness":0.0,"ext":"(3:0,0,0.1)"},"geometry":{"type":"LineString","coordinates":[[14.1440166,55.9851717,17.411],[14.1440807,55.9851712,17.411],[14.1440798,55.9851353,17.411],[14.1440157,55.9851358,17.411],[14.1440166,55.9851717,17.411]]}},
{"type":"Feature","properties":{"fid":2975,"handle":99219,"block":-1,"etype":18,"space":0,"layer":"J26_Funkby","olinetype":"BYLAYER","linetype":"","color":"0,255,255,254","ocolor":256,"color24":-1,"transparency":0,"lweight":-1,"linewidth":0.0,"ltscale":1.0,"visible":1,"width":0.0,"thickness":0.0,"ext":"(3:0,0,0.1)"},"geometry":{"type":"LineString","coordinates":[[14.1440835,55.985279,17.411],[14.1441476,55.9852785,17.411],[14.1441466,55.9852425,17.411],[14.1440826,55.985243,17.411],[14.1440835,55.985279,17.411]]}},
{"type":"Feature","properties":{"fid":2976,"handle":99220,"block":-1,"etype":18,"space":0,"layer":"J26_Funkby","olinetype":"BYLAYER","linetype":"","color":"0,255,255,254","ocolor":256,"color24":-1,"transparency":0,"lweight":-1,"linewidth":0.0,"ltscale":1.0,"visible":1,"width":0.0,"thickness":0.0,"ext":"(3:0,0,0.1)"},"geometry":{"type":"LineString","coordinates":[[14.1440826,55.985243,17.411],[14.1441466,55.9852425,17.411],[14.1441457,55.9852066,17.411],[14.1440816,55.9852071,17.411],[14.1440826,55.985243,17.411]]}},
{"type":"Feature","properties":{"fid":2977,"handle":99221,"block":-1,"etype":18,"space":0,"layer":"J26_Funkby","olinetype":"BYLAYER","linetype":"","color":"0,255,255,254","ocolor":256,"color24":-1,"transparency":0,"lweight":-1,"linewidth":0.0,"ltscale":1.0,"visible":1,"width":0.0,"thickness":0.0,"ext":"(3:0,0,0.1)"},"geometry":{"type":"LineString","coordinates":[[14.1440816,55.9852071,17.411],[14.1441457,55.9852066,17.411],[14.1441448,55.9851707,17.411],[14.1440807,55.9851712,17.411],[14.1440816,55.9852071,17.411]]}},
{"type":"Feature","properties":{"fid":2978,"handle":99222,"block":-1,"etype":18,"space":0,"layer":"J26_Funkby","olinetype":"BYLAYER","linetype":"","color":"0,255,255,254","ocolor":256,"color24":-1,"transparency":0,"lweight":-1,"linewidth":0.0,"ltscale":1.0,"visible":1,"width":0.0,"thickness":0.0,"ext":"(3:0,0,0.1)"},"geometry":{"type":"LineString","coordinates":[[14.1440807,55.9851712,17.411],[14.1441448,55.9851707,17.411],[14.1441439,55.9851348,17.411],[14.1440798,55.9851353,17.411],[14.1440807,55.9851712,17.411]]}},
{"type":"Feature","properties":{"fid":2979,"handle":99223,"block":-1,"etype":18,"space":0,"layer":"J26_Funkby","olinetype":"BYLAYER","linetype":"","color":"0,255,255,254","ocolor":256,"color24":-1,"transparency":0,"lweight":-1,"linewidth":0.0,"ltscale":1.0,"visible":1,"width":0.0,"thickness":0.0,"ext":"(3:0,0,0.1)"},"geometry":{"type":"LineString","coordinates":[[14.144015,55.9851089,17.411],[14.1440791,55.9851083,17.411],[14.1440782,55.9850724,17.411],[14.1440141,55.9850729,17.411],[14.144015,55.9851089,17.411]]}},
{"type":"Feature","properties":{"fid":2980,"handle":99224,"block":-1,"etype":18,"space":0,"layer":"J26_Funkby","olinetype":"BYLAYER","linetype":"","color":"0,255,255,254","ocolor":256,"color24":-1,"transparency":0,"lweight":-1,"linewidth":0.0,"ltscale":1.0,"visible":1,"width":0.0,"thickness":0.0,"ext":"(3:0,0,0.1)"},"geometry":{"type":"LineString","coordinates":[[14.1440141,55.9850729,17.411],[14.1440782,55.9850724,17.411],[14.1440773,55.9850365,17.411],[14.1440132,55.985037,17.411],[14.1440141,55.9850729,17.411]]}},
{"type":"Feature","properties":{"fid":2981,"handle":99225,"block":-1,"etype":18,"space":0,"layer":"J26_Funkby","olinetype":"BYLAYER","linetype":"","color":"0,255,255,254","ocolor":256,"color24":-1,"transparency":0,"lweight":-1,"linewidth":0.0,"ltscale":1.0,"visible":1,"width":0.0,"thickness":0.0,"ext":"(3:0,0,0.1)"},"geometry":{"type":"LineString","coordinates":[[14.1440132,55.985037,17.411],[14.1440773,55.9850365,17.411],[14.1440764,55.9850006,17.411],[14.1440123,55.9850011,17.411],[14.1440132,55.985037,17.411]]}},
{"type":"Feature","properties":{"fid":2982,"handle":99226,"block":-1,"etype":18,"space":0,"layer":"J26_Funkby","olinetype":"BYLAYER","linetype":"","color":"0,255,255,254","ocolor":256,"color24":-1,"transparency":0,"lweight":-1,"linewidth":0.0,"ltscale":1.0,"visible":1,"width":0.0,"thickness":0.0,"ext":"(3:0,0,0.1)"},"geometry":{"type":"LineString","coordinates":[[14.1440123,55.9850011,17.411],[14.1440764,55.9850006,17.411],[14.1440754,55.9849647,17.411],[14.1440114,55.9849652,17.411],[14.1440123,55.9850011,17.411]]}},
{"type":"Feature","properties":{"fid":2983,"handle":99227,"block":-1,"etype":18,"space":0,"layer":"J26_Funkby","olinetype":"BYLAYER","linetype":"","color":"0,255,255,254","ocolor":256,"color24":-1,"transparency":0,"lweight":-1,"linewidth":0.0,"ltscale":1.0,"visible":1,"width":0.0,"thickness":0.0,"ext":"(3:0,0,0.1)"},"geometry":{"type":"LineString","coordinates":[[14.1440791,55.9851083,17.411],[14.1441432,55.9851078,17.411],[14.1441423,55.9850719,17.411],[14.1440782,55.9850724,17.411],[14.1440791,55.9851083,17.411]]}},
{"type":"Feature","properties":{"fid":2984,"handle":99228,"block":-1,"etype":18,"space":0,"layer":"J26_Funkby","olinetype":"BYLAYER","linetype":"","color":"0,255,255,254","ocolor":256,"color24":-1,"transparency":0,"lweight":-1,"linewidth":0.0,"ltscale":1.0,"visible":1,"width":0.0,"thickness":0.0,"ext":"(3:0,0,0.1)"},"geometry":{"type":"LineString","coordinates":[[14.1440782,55.9850724,17.411],[14.1441423,55.9850719,17.411],[14.1441414,55.985036,17.411],[14.1440773,55.9850365,17.411],[14.1440782,55.9850724,17.411]]}},
{"type":"Feature","properties":{"fid":2985,"handle":99229,"block":-1,"etype":18,"space":0,"layer":"J26_Funkby","olinetype":"BYLAYER","linetype":"","color":"0,255,255,254","ocolor":256,"color24":-1,"transparency":0,"lweight":-1,"linewidth":0.0,"ltscale":1.0,"visible":1,"width":0.0,"thickness":0.0,"ext":"(3:0,0,0.1)"},"geometry":{"type":"LineString","coordinates":[[14.1440773,55.9850365,17.411],[14.1441414,55.985036,17.411],[14.1441404,55.9850001,17.411],[14.1440764,55.9850006,17.411],[14.1440773,55.9850365,17.411]]}},
{"type":"Feature","properties":{"fid":2986,"handle":99230,"block":-1,"etype":18,"space":0,"layer":"J26_Funkby","olinetype":"BYLAYER","linetype":"","color":"0,255,255,254","ocolor":256,"color24":-1,"transparency":0,"lweight":-1,"linewidth":0.0,"ltscale":1.0,"visible":1,"width":0.0,"thickness":0.0,"ext":"(3:0,0,0.1)"},"geometry":{"type":"LineString","coordinates":[[14.1440764,55.9850006,17.411],[14.1441404,55.9850001,17.411],[14.1441395,55.9849641,17.411],[14.1440754,55.9849647,17.411],[14.1440764,55.9850006,17.411]]}},
{"type":"Feature","properties":{"fid":2987,"handle":99231,"block":-1,"etype":18,"space":0,"layer":"J26_Funkby","olinetype":"BYLAYER","linetype":"","color":"0,255,255,254","ocolor":256,"color24":-1,"transparency":0,"lweight":-1,"linewidth":0.0,"ltscale":1.0,"visible":1,"width":0.0,"thickness":0.0,"ext":"(3:0,0,0.1)"},"geometry":{"type":"LineString","coordinates":[[14.1440107,55.9849382,17.411],[14.1440747,55.9849377,17.411],[14.1440738,55.9849018,17.411],[14.1440097,55.9849023,17.411],[14.1440107,55.9849382,17.411]]}},
{"type":"Feature","properties":{"fid":2988,"handle":99232,"block":-1,"etype":18,"space":0,"layer":"J26_Funkby","olinetype":"BYLAYER","linetype":"","color":"0,255,255,254","ocolor":256,"color24":-1,"transparency":0,"lweight":-1,"linewidth":0.0,"ltscale":1.0,"visible":1,"width":0.0,"thickness":0.0,"ext":"(3:0,0,0.1)"},"geometry":{"type":"LineString","coordinates":[[14.1440097,55.9849023,17.411],[14.1440738,55.9849018,17.411],[14.1440729,55.9848659,17.411],[14.1440088,55.9848664,17.411],[14.1440097,55.9849023,17.411]]}},
{"type":"Feature","properties":{"fid":2989,"handle":99233,"block":-1,"etype":18,"space":0,"layer":"J26_Funkby","olinetype":"BYLAYER","linetype":"","color":"0,255,255,254","ocolor":256,"color24":-1,"transparency":0,"lweight":-1,"linewidth":0.0,"ltscale":1.0,"visible":1,"width":0.0,"thickness":0.0,"ext":"(3:0,0,0.1)"},"geometry":{"type":"LineString","coordinates":[[14.1440088,55.9848664,17.411],[14.1440729,55.9848659,17.411],[14.144072,55.98483,17.411],[14.1440079,55.9848305,17.411],[14.1440088,55.9848664,17.411]]}},
{"type":"Feature","properties":{"fid":2990,"handle":99235,"block":-1,"etype":18,"space":0,"layer":"J26_Funkby","olinetype":"BYLAYER","linetype":"","color":"0,255,255,254","ocolor":256,"color24":-1,"transparency":0,"lweight":-1,"linewidth":0.0,"ltscale":1.0,"visible":1,"width":0.0,"thickness":0.0,"ext":"(3:0,0,0.1)"},"geometry":{"type":"LineString","coordinates":[[14.1440747,55.9849377,17.411],[14.1441388,55.9849372,17.411],[14.1441379,55.9849013,17.411],[14.1440738,55.9849018,17.411],[14.1440747,55.9849377,17.411]]}},
{"type":"Feature","properties":{"fid":2991,"handle":99236,"block":-1,"etype":18,"space":0,"layer":"J26_Funkby","olinetype":"BYLAYER","linetype":"","color":"0,255,255,254","ocolor":256,"color24":-1,"transparency":0,"lweight":-1,"linewidth":0.0,"ltscale":1.0,"visible":1,"width":0.0,"thickness":0.0,"ext":"(3:0,0,0.1)"},"geometry":{"type":"LineString","coordinates":[[14.1440738,55.9849018,17.411],[14.1441379,55.9849013,17.411],[14.144137,55.9848654,17.411],[14.1440729,55.9848659,17.411],[14.1440738,55.9849018,17.411]]}},
{"type":"Feature","properties":{"fid":2992,"handle":99237,"block":-1,"etype":18,"space":0,"layer":"J26_Funkby","olinetype":"BYLAYER","linetype":"","color":"0,255,255,254","ocolor":256,"color24":-1,"transparency":0,"lweight":-1,"linewidth":0.0,"ltscale":1.0,"visible":1,"width":0.0,"thickness":0.0,"ext":"(3:0,0,0.1)"},"geometry":{"type":"LineString","coordinates":[[14.1440729,55.9848659,17.411],[14.144137,55.9848654,17.411],[14.1441361,55.9848294,17.411],[14.144072,55.98483,17.411],[14.1440729,55.9848659,17.411]]}},
{"type":"Feature","properties":{"fid":2993,"handle":99238,"block":-1,"etype":18,"space":0,"layer":"J26_Funkby","olinetype":"BYLAYER","linetype":"","color":"0,255,255,254","ocolor":256,"color24":-1,"transparency":0,"lweight":-1,"linewidth":0.0,"ltscale":1.0,"visible":1,"width":0.0,"thickness":0.0,"ext":"(3:0,0,0.1)"},"geometry":{"type":"LineString","coordinates":[[14.144072,55.98483,17.411],[14.1441361,55.9848294,17.411],[14.1441351,55.9847935,17.411],[14.1440711,55.984794,17.411],[14.144072,55.98483,17.411]]}},
{"type":"Feature","properties":{"fid":2994,"handle":99243,"block":-1,"etype":18,"space":0,"layer":"J26_Funkby","olinetype":"BYLAYER","linetype":"","color":"0,255,255,254","ocolor":256,"color24":-1,"transparency":0,"lweight":-1,"linewidth":0.0,"ltscale":1.0,"visible":1,"width":0.0,"thickness":0.0,"ext":"(3:0,0,0.1)"},"geometry":{"type":"LineString","coordinates":[[14.144245,55.9847144,17.411],[14.1443091,55.9847139,17.411],[14.1443082,55.984678,17.411],[14.1442441,55.9846785,17.411],[14.144245,55.9847144,17.411]]}},
{"type":"Feature","properties":{"fid":2995,"handle":99254,"block":-1,"etype":18,"space":0,"layer":"J26_Funkby","olinetype":"BYLAYER","linetype":"","color":"0,255,255,254","ocolor":256,"color24":-1,"transparency":0,"lweight":-1,"linewidth":0.0,"ltscale":1.0,"visible":1,"width":0.0,"thickness":0.0,"ext":"(3:0,0,0.1)"},"geometry":{"type":"LineString","coordinates":[[14.1438474,55.985445,17.411],[14.1439115,55.9854445,17.411],[14.1439106,55.9854086,17.411],[14.1438465,55.9854091,17.411],[14.1438474,55.985445,17.411]]}},
{"type":"Feature","properties":{"fid":2996,"handle":99255,"block":-1,"etype":18,"space":0,"layer":"J26_Funkby","olinetype":"BYLAYER","linetype":"","color":"0,255,255,254","ocolor":256,"color24":-1,"transparency":0,"lweight":-1,"linewidth":0.0,"ltscale":1.0,"visible":1,"width":0.0,"thickness":0.0,"ext":"(3:0,0,0.1)"},"geometry":{"type":"LineString","coordinates":[[14.1438465,55.9854091,17.411],[14.1439106,55.9854086,17.411],[14.1439096,55.9853727,17.411],[14.1438456,55.9853732,17.411],[14.1438465,55.9854091,17.411]]}},
{"type":"Feature","properties":{"fid":2997,"handle":99256,"block":-1,"etype":18,"space":0,"layer":"J26_Funkby","olinetype":"BYLAYER","linetype":"","color":"0,255,255,254","ocolor":256,"color24":-1,"transparency":0,"lweight":-1,"linewidth":0.0,"ltscale":1.0,"visible":1,"width":0.0,"thickness":0.0,"ext":"(3:0,0,0.1)"},"geometry":{"type":"LineString","coordinates":[[14.1438456,55.9853732,17.411],[14.1439096,55.9853727,17.411],[14.1439087,55.9853368,17.411],[14.1438446,55.9853373,17.411],[14.1438456,55.9853732,17.411]]}},
{"type":"Feature","properties":{"fid":2998,"handle":99257,"block":-1,"etype":18,"space":0,"layer":"J26_Funkby","olinetype":"BYLAYER","linetype":"","color":"0,255,255,254","ocolor":256,"color24":-1,"transparency":0,"lweight":-1,"linewidth":0.0,"ltscale":1.0,"visible":1,"width":0.0,"thickness":0.0,"ext":"(3:0,0,0.1)"},"geometry":{"type":"LineString","coordinates":[[14.1439124,55.9854805,17.411],[14.1439765,55.9854799,17.411],[14.1439756,55.985444,17.411],[14.1439115,55.9854445,17.411],[14.1439124,55.9854805,17.411]]}},
{"type":"Feature","properties":{"fid":2999,"handle":99258,"block":-1,"etype":18,"space":0,"layer":"J26_Funkby","olinetype":"BYLAYER","linetype":"","color":"0,255,255,254","ocolor":256,"color24":-1,"transparency":0,"lweight":-1,"linewidth":0.0,"ltscale":1.0,"visible":1,"width":0.0,"thickness":0.0,"ext":"(3:0,0,0.1)"},"geometry":{"type":"LineString","coordinates":[[14.1439115,55.9854445,17.411],[14.1439756,55.985444,17.411],[14.1439746,55.9854081,17.411],[14.1439106,55.9854086,17.411],[14.1439115,55.9854445,17.411]]}},
{"type":"Feature","properties":{"fid":3000,"handle":99259,"block":-1,"etype":18,"space":0,"layer":"J26_Funkby","olinetype":"BYLAYER","linetype":"","color":"0,255,255,254","ocolor":256,"color24":-1,"transparency":0,"lweight":-1,"linewidth":0.0,"ltscale":1.0,"visible":1,"width":0.0,"thickness":0.0,"ext":"(3:0,0,0.1)"},"geometry":{"type":"LineString","coordinates":[[14.1439106,55.9854086,17.411],[14.1439746,55.9854081,17.411],[14.1439737,55.9853722,17.411],[14.1439096,55.9853727,17.411],[14.1439106,55.9854086,17.411]]}},
{"type":"Feature","properties":{"fid":3001,"handle":99260,"block":-1,"etype":18,"space":0,"layer":"J26_Funkby","olinetype":"BYLAYER","linetype":"","color":"0,255,255,254","ocolor":256,"color24":-1,"transparency":0,"lweight":-1,"linewidth":0.0,"ltscale":1.0,"visible":1,"width":0.0,"thickness":0.0,"ext":"(3:0,0,0.1)"},"geometry":{"type":"LineString","coordinates":[[14.1439096,55.9853727,17.411],[14.1439737,55.9853722,17.411],[14.1439728,55.9853362,17.411],[14.1439087,55.9853368,17.411],[14.1439096,55.9853727,17.411]]}},
{"type":"Feature","properties":{"fid":3002,"handle":99261,"block":-1,"etype":18,"space":0,"layer":"J26_Funkby","olinetype":"BYLAYER","linetype":"","color":"0,255,255,254","ocolor":256,"color24":-1,"transparency":0,"lweight":-1,"linewidth":0.0,"ltscale":1.0,"visible":1,"width":0.0,"thickness":0.0,"ext":"(3:0,0,0.1)"},"geometry":{"type":"LineString","coordinates":[[14.143844,55.9853103,17.411],[14.143908,55.9853098,17.411],[14.1439071,55.9852739,17.411],[14.143843,55.9852744,17.411],[14.143844,55.9853103,17.411]]}},
{"type":"Feature","properties":{"fid":3003,"handle":99262,"block":-1,"etype":18,"space":0,"layer":"J26_Funkby","olinetype":"BYLAYER","linetype":"","color":"0,255,255,254","ocolor":256,"color24":-1,"transparency":0,"lweight":-1,"linewidth":0.0,"ltscale":1.0,"visible":1,"width":0.0,"thickness":0.0,"ext":"(3:0,0,0.1)"},"geometry":{"type":"LineString","coordinates":[[14.143843,55.9852744,17.411],[14.1439071,55.9852739,17.411],[14.1439062,55.985238,17.411],[14.1438421,55.9852385,17.411],[14.143843,55.9852744,17.411]]}},
{"type":"Feature","properties":{"fid":3004,"handle":99263,"block":-1,"etype":18,"space":0,"layer":"J26_Funkby","olinetype":"BYLAYER","linetype":"","color":"0,255,255,254","ocolor":256,"color24":-1,"transparency":0,"lweight":-1,"linewidth":0.0,"ltscale":1.0,"visible":1,"width":0.0,"thickness":0.0,"ext":"(3:0,0,0.1)"},"geometry":{"type":"LineString","coordinates":[[14.1438421,55.9852385,17.411],[14.1439062,55.985238,17.411],[14.1439053,55.9852021,17.411],[14.1438412,55.9852026,17.411],[14.1438421,55.9852385,17.411]]}},
{"type":"Feature","properties":{"fid":3005,"handle":99264,"block":-1,"etype":18,"space":0,"layer":"J26_Funkby","olinetype":"BYLAYER","linetype":"","color":"0,255,255,254","ocolor":256,"color24":-1,"transparency":0,"lweight":-1,"linewidth":0.0,"ltscale":1.0,"visible":1,"width":0.0,"thickness":0.0,"ext":"(3:0,0,0.1)"},"geometry":{"type":"LineString","coordinates":[[14.1438412,55.9852026,17.411],[14.1439053,55.9852021,17.411],[14.1439043,55.9851661,17.411],[14.1438403,55.9851667,17.411],[14.1438412,55.9852026,17.411]]}},
{"type":"Feature","properties":{"fid":3006,"handle":99265,"block":-1,"etype":18,"space":0,"layer":"J26_Funkby","olinetype":"BYLAYER","linetype":"","color":"0,255,255,254","ocolor":256,"color24":-1,"transparency":0,"lweight":-1,"linewidth":0.0,"ltscale":1.0,"visible":1,"width":0.0,"thickness":0.0,"ext":"(3:0,0,0.1)"},"geometry":{"type":"LineString","coordinates":[[14.143908,55.9853098,17.411],[14.1439721,55.9853093,17.411],[14.1439712,55.9852734,17.411],[14.1439071,55.9852739,17.411],[14.143908,55.9853098,17.411]]}},
{"type":"Feature","properties":{"fid":3007,"handle":99266,"block":-1,"etype":18,"space":0,"layer":"J26_Funkby","olinetype":"BYLAYER","linetype":"","color":"0,255,255,254","ocolor":256,"color24":-1,"transparency":0,"lweight":-1,"linewidth":0.0,"ltscale":1.0,"visible":1,"width":0.0,"thickness":0.0,"ext":"(3:0,0,0.1)"},"geometry":{"type":"LineString","coordinates":[[14.1439071,55.9852739,17.411],[14.1439712,55.9852734,17.411],[14.1439703,55.9852375,17.411],[14.1439062,55.985238,17.411],[14.1439071,55.9852739,17.411]]}},
{"type":"Feature","properties":{"fid":3008,"handle":99267,"block":-1,"etype":18,"space":0,"layer":"J26_Funkby","olinetype":"BYLAYER","linetype":"","color":"0,255,255,254","ocolor":256,"color24":-1,"transparency":0,"lweight":-1,"linewidth":0.0,"ltscale":1.0,"visible":1,"width":0.0,"thickness":0.0,"ext":"(3:0,0,0.1)"},"geometry":{"type":"LineString","coordinates":[[14.1439062,55.985238,17.411],[14.1439703,55.9852375,17.411],[14.1439693,55.9852015,17.411],[14.1439053,55.9852021,17.411],[14.1439062,55.985238,17.411]]}},
{"type":"Feature","properties":{"fid":3009,"handle":99268,"block":-1,"etype":18,"space":0,"layer":"J26_Funkby","olinetype":"BYLAYER","linetype":"","color":"0,255,255,254","ocolor":256,"color24":-1,"transparency":0,"lweight":-1,"linewidth":0.0,"ltscale":1.0,"visible":1,"width":0.0,"thickness":0.0,"ext":"(3:0,0,0.1)"},"geometry":{"type":"LineString","coordinates":[[14.1439053,55.9852021,17.411],[14.1439693,55.9852015,17.411],[14.1439684,55.9851656,17.411],[14.1439043,55.9851661,17.411],[14.1439053,55.9852021,17.411]]}},
{"type":"Feature","properties":{"fid":3010,"handle":99269,"block":-1,"etype":18,"space":0,"layer":"J26_Funkby","olinetype":"BYLAYER","linetype":"","color":"0,255,255,254","ocolor":256,"color24":-1,"transparency":0,"lweight":-1,"linewidth":0.0,"ltscale":1.0,"visible":1,"width":0.0,"thickness":0.0,"ext":"(3:0,0,0.1)"},"geometry":{"type":"LineString","coordinates":[[14.1438396,55.9851397,17.411],[14.1439037,55.9851392,17.411],[14.1439027,55.9851033,17.411],[14.1438387,55.9851038,17.411],[14.1438396,55.9851397,17.411]]}},
{"type":"Feature","properties":{"fid":3011,"handle":99270,"block":-1,"etype":18,"space":0,"layer":"J26_Funkby","olinetype":"BYLAYER","linetype":"","color":"0,255,255,254","ocolor":256,"color24":-1,"transparency":0,"lweight":-1,"linewidth":0.0,"ltscale":1.0,"visible":1,"width":0.0,"thickness":0.0,"ext":"(3:0,0,0.1)"},"geometry":{"type":"LineString","coordinates":[[14.1438387,55.9851038,17.411],[14.1439027,55.9851033,17.411],[14.1439018,55.9850674,17.411],[14.1438377,55.9850679,17.411],[14.1438387,55.9851038,17.411]]}},
{"type":"Feature","properties":{"fid":3012,"handle":99271,"block":-1,"etype":18,"space":0,"layer":"J26_Funkby","olinetype":"BYLAYER","linetype":"","color":"0,255,255,254","ocolor":256,"color24":-1,"transparency":0,"lweight":-1,"linewidth":0.0,"ltscale":1.0,"visible":1,"width":0.0,"thickness":0.0,"ext":"(3:0,0,0.1)"},"geometry":{"type":"LineString","coordinates":[[14.1438377,55.9850679,17.411],[14.1439018,55.9850674,17.411],[14.1439009,55.9850314,17.411],[14.1438368,55.985032,17.411],[14.1438377,55.9850679,17.411]]}},
{"type":"Feature","properties":{"fid":3013,"handle":99272,"block":-1,"etype":18,"space":0,"layer":"J26_Funkby","olinetype":"BYLAYER","linetype":"","color":"0,255,255,254","ocolor":256,"color24":-1,"transparency":0,"lweight":-1,"linewidth":0.0,"ltscale":1.0,"visible":1,"width":0.0,"thickness":0.0,"ext":"(3:0,0,0.1)"},"geometry":{"type":"LineString","coordinates":[[14.1438368,55.985032,17.411],[14.1439009,55.9850314,17.411],[14.1439,55.9849955,17.411],[14.1438359,55.984996,17.411],[14.1438368,55.985032,17.411]]}},
{"type":"Feature","properties":{"fid":3014,"handle":99273,"block":-1,"etype":18,"space":0,"layer":"J26_Funkby","olinetype":"BYLAYER","linetype":"","color":"0,255,255,254","ocolor":256,"color24":-1,"transparency":0,"lweight":-1,"linewidth":0.0,"ltscale":1.0,"visible":1,"width":0.0,"thickness":0.0,"ext":"(3:0,0,0.1)"},"geometry":{"type":"LineString","coordinates":[[14.1439037,55.9851392,17.411],[14.1439677,55.9851387,17.411],[14.1439668,55.9851028,17.411],[14.1439027,55.9851033,17.411],[14.1439037,55.9851392,17.411]]}},
{"type":"Feature","properties":{"fid":3015,"handle":99274,"block":-1,"etype":18,"space":0,"layer":"J26_Funkby","olinetype":"BYLAYER","linetype":"","color":"0,255,255,254","ocolor":256,"color24":-1,"transparency":0,"lweight":-1,"linewidth":0.0,"ltscale":1.0,"visible":1,"width":0.0,"thickness":0.0,"ext":"(3:0,0,0.1)"},"geometry":{"type":"LineString","coordinates":[[14.1439027,55.9851033,17.411],[14.1439668,55.9851028,17.411],[14.1439659,55.9850668,17.411],[14.1439018,55.9850674,17.411],[14.1439027,55.9851033,17.411]]}},
{"type":"Feature","properties":{"fid":3016,"handle":99275,"block":-1,"etype":18,"space":0,"layer":"J26_Funkby","olinetype":"BYLAYER","linetype":"","color":"0,255,255,254","ocolor":256,"color24":-1,"transparency":0,"lweight":-1,"linewidth":0.0,"ltscale":1.0,"visible":1,"width":0.0,"thickness":0.0,"ext":"(3:0,0,0.1)"},"geometry":{"type":"LineString","coordinates":[[14.1439018,55.9850674,17.411],[14.1439659,55.9850668,17.411],[14.143965,55.9850309,17.411],[14.1439009,55.9850314,17.411],[14.1439018,55.9850674,17.411]]}},
{"type":"Feature","properties":{"fid":3017,"handle":99276,"block":-1,"etype":18,"space":0,"layer":"J26_Funkby","olinetype":"BYLAYER","linetype":"","color":"0,255,255,254","ocolor":256,"color24":-1,"transparency":0,"lweight":-1,"linewidth":0.0,"ltscale":1.0,"visible":1,"width":0.0,"thickness":0.0,"ext":"(3:0,0,0.1)"},"geometry":{"type":"LineString","coordinates":[[14.1439009,55.9850314,17.411],[14.143965,55.9850309,17.411],[14.1439641,55.984995,17.411],[14.1439,55.9849955,17.411],[14.1439009,55.9850314,17.411]]}},
{"type":"Feature","properties":{"fid":3018,"handle":99281,"block":-1,"etype":18,"space":0,"layer":"J26_Funkby","olinetype":"BYLAYER","linetype":"","color":"0,255,255,254","ocolor":256,"color24":-1,"transparency":0,"lweight":-1,"linewidth":0.0,"ltscale":1.0,"visible":1,"width":0.0,"thickness":0.0,"ext":"(3:0,0,0.1)"},"geometry":{"type":"LineString","coordinates":[[14.1438993,55.9849686,17.411],[14.1439634,55.9849681,17.411],[14.1439624,55.9849321,17.411],[14.1438984,55.9849327,17.411],[14.1438993,55.9849686,17.411]]}},
{"type":"Feature","properties":{"fid":3019,"handle":99308,"block":-1,"etype":18,"space":0,"layer":"J26_Funkby","olinetype":"BYLAYER","linetype":"","color":"0,255,255,254","ocolor":256,"color24":-1,"transparency":0,"lweight":-1,"linewidth":0.0,"ltscale":1.0,"visible":1,"width":0.0,"thickness":0.0,"ext":"(3:0,0,0.1)"},"geometry":{"type":"LineString","coordinates":[[14.1436692,55.9853731,17.411],[14.1437332,55.9853726,17.411],[14.1437323,55.9853367,17.411],[14.1436682,55.9853372,17.411],[14.1436692,55.9853731,17.411]]}},
{"type":"Feature","properties":{"fid":3020,"handle":99309,"block":-1,"etype":18,"space":0,"layer":"J26_Funkby","olinetype":"BYLAYER","linetype":"","color":"0,255,255,254","ocolor":256,"color24":-1,"transparency":0,"lweight":-1,"linewidth":0.0,"ltscale":1.0,"visible":1,"width":0.0,"thickness":0.0,"ext":"(3:0,0,0.1)"},"geometry":{"type":"LineString","coordinates":[[14.1436682,55.9853372,17.411],[14.1437323,55.9853367,17.411],[14.1437314,55.9853008,17.411],[14.1436673,55.9853013,17.411],[14.1436682,55.9853372,17.411]]}},
{"type":"Feature","properties":{"fid":3021,"handle":99310,"block":-1,"etype":18,"space":0,"layer":"J26_Funkby","olinetype":"BYLAYER","linetype":"","color":"0,255,255,254","ocolor":256,"color24":-1,"transparency":0,"lweight":-1,"linewidth":0.0,"ltscale":1.0,"visible":1,"width":0.0,"thickness":0.0,"ext":"(3:0,0,0.1)"},"geometry":{"type":"LineString","coordinates":[[14.1436673,55.9853013,17.411],[14.1437314,55.9853008,17.411],[14.1437305,55.9852648,17.411],[14.1436664,55.9852654,17.411],[14.1436673,55.9853013,17.411]]}},
{"type":"Feature","properties":{"fid":3022,"handle":99311,"block":-1,"etype":18,"space":0,"layer":"J26_Funkby","olinetype":"BYLAYER","linetype":"","color":"0,255,255,254","ocolor":256,"color24":-1,"transparency":0,"lweight":-1,"linewidth":0.0,"ltscale":1.0,"visible":1,"width":0.0,"thickness":0.0,"ext":"(3:0,0,0.1)"},"geometry":{"type":"LineString","coordinates":[[14.1437342,55.9854085,17.411],[14.1437982,55.985408,17.411],[14.1437973,55.9853721,17.411],[14.1437332,55.9853726,17.411],[14.1437342,55.9854085,17.411]]}},
{"type":"Feature","properties":{"fid":3023,"handle":99312,"block":-1,"etype":18,"space":0,"layer":"J26_Funkby","olinetype":"BYLAYER","linetype":"","color":"0,255,255,254","ocolor":256,"color24":-1,"transparency":0,"lweight":-1,"linewidth":0.0,"ltscale":1.0,"visible":1,"width":0.0,"thickness":0.0,"ext":"(3:0,0,0.1)"},"geometry":{"type":"LineString","coordinates":[[14.1437332,55.9853726,17.411],[14.1437973,55.9853721,17.411],[14.1437964,55.9853362,17.411],[14.1437323,55.9853367,17.411],[14.1437332,55.9853726,17.411]]}},
{"type":"Feature","properties":{"fid":3024,"handle":99313,"block":-1,"etype":18,"space":0,"layer":"J26_Funkby","olinetype":"BYLAYER","linetype":"","color":"0,255,255,254","ocolor":256,"color24":-1,"transparency":0,"lweight":-1,"linewidth":0.0,"ltscale":1.0,"visible":1,"width":0.0,"thickness":0.0,"ext":"(3:0,0,0.1)"},"geometry":{"type":"LineString","coordinates":[[14.1437323,55.9853367,17.411],[14.1437964,55.9853362,17.411],[14.1437955,55.9853002,17.411],[14.1437314,55.9853008,17.411],[14.1437323,55.9853367,17.411]]}},
{"type":"Feature","properties":{"fid":3025,"handle":99314,"block":-1,"etype":18,"space":0,"layer":"J26_Funkby","olinetype":"BYLAYER","linetype":"","color":"0,255,255,254","ocolor":256,"color24":-1,"transparency":0,"lweight":-1,"linewidth":0.0,"ltscale":1.0,"visible":1,"width":0.0,"thickness":0.0,"ext":"(3:0,0,0.1)"},"geometry":{"type":"LineString","coordinates":[[14.1437314,55.9853008,17.411],[14.1437955,55.9853002,17.411],[14.1437945,55.9852643,17.411],[14.1437305,55.9852648,17.411],[14.1437314,55.9853008,17.411]]}},
{"type":"Feature","properties":{"fid":3026,"handle":99315,"block":-1,"etype":18,"space":0,"layer":"J26_Funkby","olinetype":"BYLAYER","linetype":"","color":"0,255,255,254","ocolor":256,"color24":-1,"transparency":0,"lweight":-1,"linewidth":0.0,"ltscale":1.0,"visible":1,"width":0.0,"thickness":0.0,"ext":"(3:0,0,0.1)"},"geometry":{"type":"LineString","coordinates":[[14.1436657,55.9852384,17.411],[14.1437298,55.9852379,17.411],[14.1437289,55.985202,17.411],[14.1436648,55.9852025,17.411],[14.1436657,55.9852384,17.411]]}},
{"type":"Feature","properties":{"fid":3027,"handle":99316,"block":-1,"etype":18,"space":0,"layer":"J26_Funkby","olinetype":"BYLAYER","linetype":"","color":"0,255,255,254","ocolor":256,"color24":-1,"transparency":0,"lweight":-1,"linewidth":0.0,"ltscale":1.0,"visible":1,"width":0.0,"thickness":0.0,"ext":"(3:0,0,0.1)"},"geometry":{"type":"LineString","coordinates":[[14.1436648,55.9852025,17.411],[14.1437289,55.985202,17.411],[14.1437279,55.9851661,17.411],[14.1436639,55.9851666,17.411],[14.1436648,55.9852025,17.411]]}},
{"type":"Feature","properties":{"fid":3028,"handle":99317,"block":-1,"etype":18,"space":0,"layer":"J26_Funkby","olinetype":"BYLAYER","linetype":"","color":"0,255,255,254","ocolor":256,"color24":-1,"transparency":0,"lweight":-1,"linewidth":0.0,"ltscale":1.0,"visible":1,"width":0.0,"thickness":0.0,"ext":"(3:0,0,0.1)"},"geometry":{"type":"LineString","coordinates":[[14.1436639,55.9851666,17.411],[14.1437279,55.9851661,17.411],[14.143727,55.9851301,17.411],[14.1436629,55.9851306,17.411],[14.1436639,55.9851666,17.411]]}},
{"type":"Feature","properties":{"fid":3029,"handle":99318,"block":-1,"etype":18,"space":0,"layer":"J26_Funkby","olinetype":"BYLAYER","linetype":"","color":"0,255,255,254","ocolor":256,"color24":-1,"transparency":0,"lweight":-1,"linewidth":0.0,"ltscale":1.0,"visible":1,"width":0.0,"thickness":0.0,"ext":"(3:0,0,0.1)"},"geometry":{"type":"LineString","coordinates":[[14.1436629,55.9851306,17.411],[14.143727,55.9851301,17.411],[14.1437261,55.9850942,17.411],[14.143662,55.9850947,17.411],[14.1436629,55.9851306,17.411]]}},
{"type":"Feature","properties":{"fid":3030,"handle":99319,"block":-1,"etype":18,"space":0,"layer":"J26_Funkby","olinetype":"BYLAYER","linetype":"","color":"0,255,255,254","ocolor":256,"color24":-1,"transparency":0,"lweight":-1,"linewidth":0.0,"ltscale":1.0,"visible":1,"width":0.0,"thickness":0.0,"ext":"(3:0,0,0.1)"},"geometry":{"type":"LineString","coordinates":[[14.1437298,55.9852379,17.411],[14.1437939,55.9852374,17.411],[14.1437929,55.9852015,17.411],[14.1437289,55.985202,17.411],[14.1437298,55.9852379,17.411]]}},
{"type":"Feature","properties":{"fid":3031,"handle":99320,"block":-1,"etype":18,"space":0,"layer":"J26_Funkby","olinetype":"BYLAYER","linetype":"","color":"0,255,255,254","ocolor":256,"color24":-1,"transparency":0,"lweight":-1,"linewidth":0.0,"ltscale":1.0,"visible":1,"width":0.0,"thickness":0.0,"ext":"(3:0,0,0.1)"},"geometry":{"type":"LineString","coordinates":[[14.1437289,55.985202,17.411],[14.1437929,55.9852015,17.411],[14.143792,55.9851655,17.411],[14.1437279,55.9851661,17.411],[14.1437289,55.985202,17.411]]}},
{"type":"Feature","properties":{"fid":3032,"handle":99321,"block":-1,"etype":18,"space":0,"layer":"J26_Funkby","olinetype":"BYLAYER","linetype":"","color":"0,255,255,254","ocolor":256,"color24":-1,"transparency":0,"lweight":-1,"linewidth":0.0,"ltscale":1.0,"visible":1,"width":0.0,"thickness":0.0,"ext":"(3:0,0,0.1)"},"geometry":{"type":"LineString","coordinates":[[14.1437279,55.9851661,17.411],[14.143792,55.9851655,17.411],[14.1437911,55.9851296,17.411],[14.143727,55.9851301,17.411],[14.1437279,55.9851661,17.411]]}},
{"type":"Feature","properties":{"fid":3033,"handle":99322,"block":-1,"etype":18,"space":0,"layer":"J26_Funkby","olinetype":"BYLAYER","linetype":"","color":"0,255,255,254","ocolor":256,"color24":-1,"transparency":0,"lweight":-1,"linewidth":0.0,"ltscale":1.0,"visible":1,"width":0.0,"thickness":0.0,"ext":"(3:0,0,0.1)"},"geometry":{"type":"LineString","coordinates":[[14.143727,55.9851301,17.411],[14.1437911,55.9851296,17.411],[14.1437902,55.9850937,17.411],[14.1437261,55.9850942,17.411],[14.143727,55.9851301,17.411]]}},
{"type":"Feature","properties":{"fid":3034,"handle":99327,"block":-1,"etype":18,"space":0,"layer":"J26_Funkby","olinetype":"BYLAYER","linetype":"","color":"0,255,255,254","ocolor":256,"color24":-1,"transparency":0,"lweight":-1,"linewidth":0.0,"ltscale":1.0,"visible":1,"width":0.0,"thickness":0.0,"ext":"(3:0,0,0.1)"},"geometry":{"type":"LineString","coordinates":[[14.1437254,55.9850673,17.411],[14.1437895,55.9850668,17.411],[14.1437886,55.9850308,17.411],[14.1437245,55.9850313,17.411],[14.1437254,55.9850673,17.411]]}},
{"type":"Feature","properties":{"fid":3035,"handle":99370,"block":-1,"etype":18,"space":0,"layer":"J26_Funkby","olinetype":"BYLAYER","linetype":"","color":"0,255,255,254","ocolor":256,"color24":-1,"transparency":0,"lweight":-1,"linewidth":0.0,"ltscale":1.0,"visible":1,"width":0.0,"thickness":0.0,"ext":"(3:0,0,0.1)"},"geometry":{"type":"LineString","coordinates":[[14.1434906,55.9852848,17.411],[14.1435547,55.9852843,17.411],[14.1435538,55.9852484,17.411],[14.1434897,55.9852489,17.411],[14.1434906,55.9852848,17.411]]}},
{"type":"Feature","properties":{"fid":3036,"handle":99371,"block":-1,"etype":18,"space":0,"layer":"J26_Funkby","olinetype":"BYLAYER","linetype":"","color":"0,255,255,254","ocolor":256,"color24":-1,"transparency":0,"lweight":-1,"linewidth":0.0,"ltscale":1.0,"visible":1,"width":0.0,"thickness":0.0,"ext":"(3:0,0,0.1)"},"geometry":{"type":"LineString","coordinates":[[14.1434897,55.9852489,17.411],[14.1435538,55.9852484,17.411],[14.1435529,55.9852124,17.411],[14.1434888,55.9852129,17.411],[14.1434897,55.9852489,17.411]]}},
{"type":"Feature","properties":{"fid":3037,"handle":99372,"block":-1,"etype":18,"space":0,"layer":"J26_Funkby","olinetype":"BYLAYER","linetype":"","color":"0,255,255,254","ocolor":256,"color24":-1,"transparency":0,"lweight":-1,"linewidth":0.0,"ltscale":1.0,"visible":1,"width":0.0,"thickness":0.0,"ext":"(3:0,0,0.1)"},"geometry":{"type":"LineString","coordinates":[[14.1434888,55.9852129,17.411],[14.1435529,55.9852124,17.411],[14.143552,55.9851765,17.411],[14.1434879,55.985177,17.411],[14.1434888,55.9852129,17.411]]}},
{"type":"Feature","properties":{"fid":3038,"handle":99373,"block":-1,"etype":18,"space":0,"layer":"J26_Funkby","olinetype":"BYLAYER","linetype":"","color":"0,255,255,254","ocolor":256,"color24":-1,"transparency":0,"lweight":-1,"linewidth":0.0,"ltscale":1.0,"visible":1,"width":0.0,"thickness":0.0,"ext":"(3:0,0,0.1)"},"geometry":{"type":"LineString","coordinates":[[14.1435556,55.9853202,17.411],[14.1436197,55.9853197,17.411],[14.1436188,55.9852838,17.411],[14.1435547,55.9852843,17.411],[14.1435556,55.9853202,17.411]]}},
{"type":"Feature","properties":{"fid":3039,"handle":99374,"block":-1,"etype":18,"space":0,"layer":"J26_Funkby","olinetype":"BYLAYER","linetype":"","color":"0,255,255,254","ocolor":256,"color24":-1,"transparency":0,"lweight":-1,"linewidth":0.0,"ltscale":1.0,"visible":1,"width":0.0,"thickness":0.0,"ext":"(3:0,0,0.1)"},"geometry":{"type":"LineString","coordinates":[[14.1435547,55.9852843,17.411],[14.1436188,55.9852838,17.411],[14.1436179,55.9852478,17.411],[14.1435538,55.9852484,17.411],[14.1435547,55.9852843,17.411]]}},
{"type":"Feature","properties":{"fid":3040,"handle":99375,"block":-1,"etype":18,"space":0,"layer":"J26_Funkby","olinetype":"BYLAYER","linetype":"","color":"0,255,255,254","ocolor":256,"color24":-1,"transparency":0,"lweight":-1,"linewidth":0.0,"ltscale":1.0,"visible":1,"width":0.0,"thickness":0.0,"ext":"(3:0,0,0.1)"},"geometry":{"type":"LineString","coordinates":[[14.1435538,55.9852484,17.411],[14.1436179,55.9852478,17.411],[14.143617,55.9852119,17.411],[14.1435529,55.9852124,17.411],[14.1435538,55.9852484,17.411]]}},
{"type":"Feature","properties":{"fid":3041,"handle":99376,"block":-1,"etype":18,"space":0,"layer":"J26_Funkby","olinetype":"BYLAYER","linetype":"","color":"0,255,255,254","ocolor":256,"color24":-1,"transparency":0,"lweight":-1,"linewidth":0.0,"ltscale":1.0,"visible":1,"width":0.0,"thickness":0.0,"ext":"(3:0,0,0.1)"},"geometry":{"type":"LineString","coordinates":[[14.1435529,55.9852124,17.411],[14.143617,55.9852119,17.411],[14.143616,55.985176,17.411],[14.143552,55.9851765,17.411],[14.1435529,55.9852124,17.411]]}},
{"type":"Feature","properties":{"fid":3042,"handle":99415,"block":-1,"etype":18,"space":0,"layer":"J26_Funkby","olinetype":"BYLAYER","linetype":"","color":"0,255,255,254","ocolor":256,"color24":-1,"transparency":0,"lweight":-1,"linewidth":0.0,"ltscale":1.0,"visible":1,"width":0.0,"thickness":0.0,"ext":"(3:0,0,0.1)"},"geometry":{"type":"LineString","coordinates":[[14.1442717,55.9857472,17.411],[14.1443358,55.9857467,17.411],[14.1443349,55.9857107,17.411],[14.1442708,55.9857113,17.411],[14.1442717,55.9857472,17.411]]}},
{"type":"Feature","properties":{"fid":3043,"handle":99416,"block":-1,"etype":18,"space":0,"layer":"J26_Funkby","olinetype":"BYLAYER","linetype":"","color":"0,255,255,254","ocolor":256,"color24":-1,"transparency":0,"lweight":-1,"linewidth":0.0,"ltscale":1.0,"visible":1,"width":0.0,"thickness":0.0,"ext":"(3:0,0,0.1)"},"geometry":{"type":"LineString","coordinates":[[14.143552,55.9851765,17.411],[14.143616,55.985176,17.411],[14.1436151,55.9851401,17.411],[14.143551,55.9851406,17.411],[14.143552,55.9851765,17.411]]}},
{"type":"Feature","properties":{"fid":3044,"handle":99417,"block":-1,"etype":18,"space":0,"layer":"J26_Funkby","olinetype":"BYLAYER","linetype":"","color":"0,255,255,254","ocolor":256,"color24":-1,"transparency":0,"lweight":-1,"linewidth":0.0,"ltscale":1.0,"visible":1,"width":0.0,"thickness":0.0,"ext":"(3:0,0,0.1)"},"geometry":{"type":"LineString","coordinates":[[14.1443855,55.98456,17.411],[14.1444496,55.9845595,17.411],[14.1444487,55.9845235,17.411],[14.1443846,55.984524,17.411],[14.1443855,55.98456,17.411]]}},
{"type":"Feature","properties":{"fid":3045,"handle":99841,"block":-1,"etype":18,"space":0,"layer":"J26_Funkby","olinetype":"BYLAYER","linetype":"","color":"0,255,255,254","ocolor":256,"color24":-1,"transparency":0,"lweight":-1,"linewidth":0.0,"ltscale":1.0,"visible":1,"width":0.0,"thickness":0.0,"ext":"(3:0,0,0.1)"},"geometry":{"type":"LineString","coordinates":[[14.1444149,55.9841352,0.0],[14.1444598,55.9841097,0.0],[14.1444142,55.9840844,0.0],[14.1443692,55.98411,0.0],[14.1444149,55.9841352,0.0]]}},
{"type":"Feature","properties":{"fid":3046,"handle":99842,"block":-1,"etype":18,"space":0,"layer":"J26_Funkby","olinetype":"BYLAYER","linetype":"","color":"0,255,255,254","ocolor":256,"color24":-1,"transparency":0,"lweight":-1,"linewidth":0.0,"ltscale":1.0,"visible":1,"width":0.0,"thickness":0.0,"ext":"(3:0,0,0.1)"},"geometry":{"type":"LineString","coordinates":[[14.1432672,55.9841444,0.0],[14.1433121,55.9841188,0.0],[14.1432665,55.9840936,0.0],[14.1432215,55.9841192,0.0],[14.1432672,55.9841444,0.0]]}},
{"type":"Feature","properties":{"fid":3048,"handle":99994,"block":-1,"etype":18,"space":0,"layer":"J26_Funkby","olinetype":"BYLAYER","linetype":"","color":"0,255,255,254","ocolor":256,"color24":-1,"transparency":0,"lweight":-1,"linewidth":0.0,"ltscale":1.0,"visible":1,"width":0.0,"thickness":0.0,"ext":"(3:0,0,0.1)"},"geometry":{"type":"LineString","coordinates":[[14.1433321,55.9847224,0.0],[14.1433771,55.9846968,0.0],[14.1433314,55.9846716,0.0],[14.1432865,55.9846972,0.0],[14.1433321,55.9847224,0.0]]}},
{"type":"Feature","properties":{"fid":3049,"handle":99995,"block":-1,"etype":18,"space":0,"layer":"J26_Funkby","olinetype":"BYLAYER","linetype":"","color":"0,255,255,254","ocolor":256,"color24":-1,"transparency":0,"lweight":-1,"linewidth":0.0,"ltscale":1.0,"visible":1,"width":0.0,"thickness":0.0,"ext":"(3:0,0,0.1)"},"geometry":{"type":"LineString","coordinates":[[14.1432865,55.9846972,0.0],[14.1433314,55.9846716,0.0],[14.1432858,55.9846463,0.0],[14.1432408,55.9846719,0.0],[14.1432865,55.9846972,0.0]]}},
{"type":"Feature","properties":{"fid":3050,"handle":99996,"block":-1,"etype":18,"space":0,"layer":"J26_Funkby","olinetype":"BYLAYER","linetype":"","color":"0,255,255,254","ocolor":256,"color24":-1,"transparency":0,"lweight":-1,"linewidth":0.0,"ltscale":1.0,"visible":1,"width":0.0,"thickness":0.0,"ext":"(3:0,0,0.1)"},"geometry":{"type":"LineString","coordinates":[[14.1432408,55.9846719,0.0],[14.1432858,55.9846463,0.0],[14.1432401,55.9846211,0.0],[14.1431952,55.9846467,0.0],[14.1432408,55.9846719,0.0]]}},
{"type":"Feature","properties":{"fid":3051,"handle":99997,"block":-1,"etype":18,"space":0,"layer":"J26_Funkby","olinetype":"BYLAYER","linetype":"","color":"0,255,255,254","ocolor":256,"color24":-1,"transparency":0,"lweight":-1,"linewidth":0.0,"ltscale":1.0,"visible":1,"width":0.0,"thickness":0.0,"ext":"(3:0,0,0.1)"},"geometry":{"type":"LineString","coordinates":[[14.1431952,55.9846467,0.0],[14.1432401,55.9846211,0.0],[14.1431945,55.9845959,0.0],[14.1431495,55.9846215,0.0],[14.1431952,55.9846467,0.0]]}},
{"type":"Feature","properties":{"fid":3052,"handle":99998,"block":-1,"etype":18,"space":0,"layer":"J26_Funkby","olinetype":"BYLAYER","linetype":"","color":"0,255,255,254","ocolor":256,"color24":-1,"transparency":0,"lweight":-1,"linewidth":0.0,"ltscale":1.0,"visible":1,"width":0.0,"thickness":0.0,"ext":"(3:0,0,0.1)"},"geometry":{"type":"LineString","coordinates":[[14.1433771,55.9846968,0.0],[14.1434221,55.9846712,0.0],[14.1433764,55.984646,0.0],[14.1433314,55.9846716,0.0],[14.1433771,55.9846968,0.0]]}},
{"type":"Feature","properties":{"fid":3053,"handle":99999,"block":-1,"etype":18,"space":0,"layer":"J26_Funkby","olinetype":"BYLAYER","linetype":"","color":"0,255,255,254","ocolor":256,"color24":-1,"transparency":0,"lweight":-1,"linewidth":0.0,"ltscale":1.0,"visible":1,"width":0.0,"thickness":0.0,"ext":"(3:0,0,0.1)"},"geometry":{"type":"LineString","coordinates":[[14.1433314,55.9846716,0.0],[14.1433764,55.984646,0.0],[14.1433308,55.9846208,0.0],[14.1432858,55.9846463,0.0],[14.1433314,55.9846716,0.0]]}},
{"type":"Feature","properties":{"fid":3054,"handle":100000,"block":-1,"etype":18,"space":0,"layer":"J26_Funkby","olinetype":"BYLAYER","linetype":"","color":"0,255,255,254","ocolor":256,"color24":-1,"transparency":0,"lweight":-1,"linewidth":0.0,"ltscale":1.0,"visible":1,"width":0.0,"thickness":0.0,"ext":"(3:0,0,0.1)"},"geometry":{"type":"LineString","coordinates":[[14.1432858,55.9846463,0.0],[14.1433308,55.9846208,0.0],[14.1432851,55.9845955,0.0],[14.1432401,55.9846211,0.0],[14.1432858,55.9846463,0.0]]}},
{"type":"Feature","properties":{"fid":3055,"handle":100001,"block":-1,"etype":18,"space":0,"layer":"J26_Funkby","olinetype":"BYLAYER","linetype":"","color":"0,255,255,254","ocolor":256,"color24":-1,"transparency":0,"lweight":-1,"linewidth":0.0,"ltscale":1.0,"visible":1,"width":0.0,"thickness":0.0,"ext":"(3:0,0,0.1)"},"geometry":{"type":"LineString","coordinates":[[14.1432401,55.9846211,0.0],[14.1432851,55.9845955,0.0],[14.1432395,55.9845703,0.0],[14.1431945,55.9845959,0.0],[14.1432401,55.9846211,0.0]]}},
{"type":"Feature","properties":{"fid":3056,"handle":100002,"block":-1,"etype":18,"space":0,"layer":"J26_Funkby","olinetype":"BYLAYER","linetype":"","color":"0,255,255,254","ocolor":256,"color24":-1,"transparency":0,"lweight":-1,"linewidth":0.0,"ltscale":1.0,"visible":1,"width":0.0,"thickness":0.0,"ext":"(3:0,0,0.1)"},"geometry":{"type":"LineString","coordinates":[[14.1431153,55.9846026,0.0],[14.1431603,55.984577,0.0],[14.1431146,55.9845518,0.0],[14.1430696,55.9845774,0.0],[14.1431153,55.9846026,0.0]]}},
{"type":"Feature","properties":{"fid":3057,"handle":100003,"block":-1,"etype":18,"space":0,"layer":"J26_Funkby","olinetype":"BYLAYER","linetype":"","color":"0,255,255,254","ocolor":256,"color24":-1,"transparency":0,"lweight":-1,"linewidth":0.0,"ltscale":1.0,"visible":1,"width":0.0,"thickness":0.0,"ext":"(3:0,0,0.1)"},"geometry":{"type":"LineString","coordinates":[[14.1430696,55.9845774,0.0],[14.1431146,55.9845518,0.0],[14.1430689,55.9845266,0.0],[14.143024,55.9845522,0.0],[14.1430696,55.9845774,0.0]]}},
{"type":"Feature","properties":{"fid":3058,"handle":100004,"block":-1,"etype":18,"space":0,"layer":"J26_Funkby","olinetype":"BYLAYER","linetype":"","color":"0,255,255,254","ocolor":256,"color24":-1,"transparency":0,"lweight":-1,"linewidth":0.0,"ltscale":1.0,"visible":1,"width":0.0,"thickness":0.0,"ext":"(3:0,0,0.1)"},"geometry":{"type":"LineString","coordinates":[[14.143024,55.9845522,0.0],[14.1430689,55.9845266,0.0],[14.1430233,55.9845014,0.0],[14.1429783,55.984527,0.0],[14.143024,55.9845522,0.0]]}},
{"type":"Feature","properties":{"fid":3059,"handle":100005,"block":-1,"etype":18,"space":0,"layer":"J26_Funkby","olinetype":"BYLAYER","linetype":"","color":"0,255,255,254","ocolor":256,"color24":-1,"transparency":0,"lweight":-1,"linewidth":0.0,"ltscale":1.0,"visible":1,"width":0.0,"thickness":0.0,"ext":"(3:0,0,0.1)"},"geometry":{"type":"LineString","coordinates":[[14.1429783,55.984527,0.0],[14.1430233,55.9845014,0.0],[14.1429776,55.9844762,0.0],[14.1429327,55.9845018,0.0],[14.1429783,55.984527,0.0]]}},
{"type":"Feature","properties":{"fid":3060,"handle":100006,"block":-1,"etype":18,"space":0,"layer":"J26_Funkby","olinetype":"BYLAYER","linetype":"","color":"0,255,255,254","ocolor":256,"color24":-1,"transparency":0,"lweight":-1,"linewidth":0.0,"ltscale":1.0,"visible":1,"width":0.0,"thickness":0.0,"ext":"(3:0,0,0.1)"},"geometry":{"type":"LineString","coordinates":[[14.1431603,55.984577,0.0],[14.1432052,55.9845514,0.0],[14.1431596,55.9845262,0.0],[14.1431146,55.9845518,0.0],[14.1431603,55.984577,0.0]]}},
{"type":"Feature","properties":{"fid":3061,"handle":100007,"block":-1,"etype":18,"space":0,"layer":"J26_Funkby","olinetype":"BYLAYER","linetype":"","color":"0,255,255,254","ocolor":256,"color24":-1,"transparency":0,"lweight":-1,"linewidth":0.0,"ltscale":1.0,"visible":1,"width":0.0,"thickness":0.0,"ext":"(3:0,0,0.1)"},"geometry":{"type":"LineString","coordinates":[[14.1431146,55.9845518,0.0],[14.1431596,55.9845262,0.0],[14.1431139,55.984501,0.0],[14.1430689,55.9845266,0.0],[14.1431146,55.9845518,0.0]]}},
{"type":"Feature","properties":{"fid":3062,"handle":100008,"block":-1,"etype":18,"space":0,"layer":"J26_Funkby","olinetype":"BYLAYER","linetype":"","color":"0,255,255,254","ocolor":256,"color24":-1,"transparency":0,"lweight":-1,"linewidth":0.0,"ltscale":1.0,"visible":1,"width":0.0,"thickness":0.0,"ext":"(3:0,0,0.1)"},"geometry":{"type":"LineString","coordinates":[[14.1430689,55.9845266,0.0],[14.1431139,55.984501,0.0],[14.1430683,55.9844758,0.0],[14.1430233,55.9845014,0.0],[14.1430689,55.9845266,0.0]]}},
{"type":"Feature","properties":{"fid":3063,"handle":100009,"block":-1,"etype":18,"space":0,"layer":"J26_Funkby","olinetype":"BYLAYER","linetype":"","color":"0,255,255,254","ocolor":256,"color24":-1,"transparency":0,"lweight":-1,"linewidth":0.0,"ltscale":1.0,"visible":1,"width":0.0,"thickness":0.0,"ext":"(3:0,0,0.1)"},"geometry":{"type":"LineString","coordinates":[[14.1430233,55.9845014,0.0],[14.1430683,55.9844758,0.0],[14.1430226,55.9844506,0.0],[14.1429776,55.9844762,0.0],[14.1430233,55.9845014,0.0]]}},
{"type":"Feature","properties":{"fid":3064,"handle":100021,"block":-1,"etype":18,"space":0,"layer":"J26_Funkby","olinetype":"BYLAYER","linetype":"","color":"0,255,255,254","ocolor":256,"color24":-1,"transparency":0,"lweight":-1,"linewidth":0.0,"ltscale":1.0,"visible":1,"width":0.0,"thickness":0.0,"ext":"(3:0,0,0.1)"},"geometry":{"type":"LineString","coordinates":[[14.1431993,55.9847877,0.0],[14.1432443,55.9847621,0.0],[14.1431986,55.9847369,0.0],[14.1431536,55.9847625,0.0],[14.1431993,55.9847877,0.0]]}},
{"type":"Feature","properties":{"fid":3065,"handle":100022,"block":-1,"etype":18,"space":0,"layer":"J26_Funkby","olinetype":"BYLAYER","linetype":"","color":"0,255,255,254","ocolor":256,"color24":-1,"transparency":0,"lweight":-1,"linewidth":0.0,"ltscale":1.0,"visible":1,"width":0.0,"thickness":0.0,"ext":"(3:0,0,0.1)"},"geometry":{"type":"LineString","coordinates":[[14.1431536,55.9847625,0.0],[14.1431986,55.9847369,0.0],[14.143153,55.9847117,0.0],[14.143108,55.9847373,0.0],[14.1431536,55.9847625,0.0]]}},
{"type":"Feature","properties":{"fid":3066,"handle":100023,"block":-1,"etype":18,"space":0,"layer":"J26_Funkby","olinetype":"BYLAYER","linetype":"","color":"0,255,255,254","ocolor":256,"color24":-1,"transparency":0,"lweight":-1,"linewidth":0.0,"ltscale":1.0,"visible":1,"width":0.0,"thickness":0.0,"ext":"(3:0,0,0.1)"},"geometry":{"type":"LineString","coordinates":[[14.143108,55.9847373,0.0],[14.143153,55.9847117,0.0],[14.1431073,55.9846865,0.0],[14.1430623,55.9847121,0.0],[14.143108,55.9847373,0.0]]}},
{"type":"Feature","properties":{"fid":3067,"handle":100024,"block":-1,"etype":18,"space":0,"layer":"J26_Funkby","olinetype":"BYLAYER","linetype":"","color":"0,255,255,254","ocolor":256,"color24":-1,"transparency":0,"lweight":-1,"linewidth":0.0,"ltscale":1.0,"visible":1,"width":0.0,"thickness":0.0,"ext":"(3:0,0,0.1)"},"geometry":{"type":"LineString","coordinates":[[14.1430623,55.9847121,0.0],[14.1431073,55.9846865,0.0],[14.1430617,55.9846612,0.0],[14.1430167,55.9846868,0.0],[14.1430623,55.9847121,0.0]]}},
{"type":"Feature","properties":{"fid":3068,"handle":100025,"block":-1,"etype":18,"space":0,"layer":"J26_Funkby","olinetype":"BYLAYER","linetype":"","color":"0,255,255,254","ocolor":256,"color24":-1,"transparency":0,"lweight":-1,"linewidth":0.0,"ltscale":1.0,"visible":1,"width":0.0,"thickness":0.0,"ext":"(3:0,0,0.1)"},"geometry":{"type":"LineString","coordinates":[[14.1432443,55.9847621,0.0],[14.1432892,55.9847365,0.0],[14.1432436,55.9847113,0.0],[14.1431986,55.9847369,0.0],[14.1432443,55.9847621,0.0]]}},
{"type":"Feature","properties":{"fid":3069,"handle":100026,"block":-1,"etype":18,"space":0,"layer":"J26_Funkby","olinetype":"BYLAYER","linetype":"","color":"0,255,255,254","ocolor":256,"color24":-1,"transparency":0,"lweight":-1,"linewidth":0.0,"ltscale":1.0,"visible":1,"width":0.0,"thickness":0.0,"ext":"(3:0,0,0.1)"},"geometry":{"type":"LineString","coordinates":[[14.1431986,55.9847369,0.0],[14.1432436,55.9847113,0.0],[14.1431979,55.9846861,0.0],[14.143153,55.9847117,0.0],[14.1431986,55.9847369,0.0]]}},
{"type":"Feature","properties":{"fid":3070,"handle":100027,"block":-1,"etype":18,"space":0,"layer":"J26_Funkby","olinetype":"BYLAYER","linetype":"","color":"0,255,255,254","ocolor":256,"color24":-1,"transparency":0,"lweight":-1,"linewidth":0.0,"ltscale":1.0,"visible":1,"width":0.0,"thickness":0.0,"ext":"(3:0,0,0.1)"},"geometry":{"type":"LineString","coordinates":[[14.143153,55.9847117,0.0],[14.1431979,55.9846861,0.0],[14.1431523,55.9846609,0.0],[14.1431073,55.9846865,0.0],[14.143153,55.9847117,0.0]]}},
{"type":"Feature","properties":{"fid":3071,"handle":100028,"block":-1,"etype":18,"space":0,"layer":"J26_Funkby","olinetype":"BYLAYER","linetype":"","color":"0,255,255,254","ocolor":256,"color24":-1,"transparency":0,"lweight":-1,"linewidth":0.0,"ltscale":1.0,"visible":1,"width":0.0,"thickness":0.0,"ext":"(3:0,0,0.1)"},"geometry":{"type":"LineString","coordinates":[[14.1431073,55.9846865,0.0],[14.1431523,55.9846609,0.0],[14.1431066,55.9846357,0.0],[14.1430617,55.9846612,0.0],[14.1431073,55.9846865,0.0]]}},
{"type":"Feature","properties":{"fid":3072,"handle":100029,"block":-1,"etype":18,"space":0,"layer":"J26_Funkby","olinetype":"BYLAYER","linetype":"","color":"0,255,255,254","ocolor":256,"color24":-1,"transparency":0,"lweight":-1,"linewidth":0.0,"ltscale":1.0,"visible":1,"width":0.0,"thickness":0.0,"ext":"(3:0,0,0.1)"},"geometry":{"type":"LineString","coordinates":[[14.1429825,55.9846679,0.0],[14.1430274,55.9846423,0.0],[14.1429818,55.9846171,0.0],[14.1429368,55.9846427,0.0],[14.1429825,55.9846679,0.0]]}},
{"type":"Feature","properties":{"fid":3073,"handle":100030,"block":-1,"etype":18,"space":0,"layer":"J26_Funkby","olinetype":"BYLAYER","linetype":"","color":"0,255,255,254","ocolor":256,"color24":-1,"transparency":0,"lweight":-1,"linewidth":0.0,"ltscale":1.0,"visible":1,"width":0.0,"thickness":0.0,"ext":"(3:0,0,0.1)"},"geometry":{"type":"LineString","coordinates":[[14.1429368,55.9846427,0.0],[14.1429818,55.9846171,0.0],[14.1429361,55.9845919,0.0],[14.1428912,55.9846175,0.0],[14.1429368,55.9846427,0.0]]}},
{"type":"Feature","properties":{"fid":3074,"handle":100031,"block":-1,"etype":18,"space":0,"layer":"J26_Funkby","olinetype":"BYLAYER","linetype":"","color":"0,255,255,254","ocolor":256,"color24":-1,"transparency":0,"lweight":-1,"linewidth":0.0,"ltscale":1.0,"visible":1,"width":0.0,"thickness":0.0,"ext":"(3:0,0,0.1)"},"geometry":{"type":"LineString","coordinates":[[14.1428912,55.9846175,0.0],[14.1429361,55.9845919,0.0],[14.1428905,55.9845667,0.0],[14.1428455,55.9845923,0.0],[14.1428912,55.9846175,0.0]]}},
{"type":"Feature","properties":{"fid":3075,"handle":100032,"block":-1,"etype":18,"space":0,"layer":"J26_Funkby","olinetype":"BYLAYER","linetype":"","color":"0,255,255,254","ocolor":256,"color24":-1,"transparency":0,"lweight":-1,"linewidth":0.0,"ltscale":1.0,"visible":1,"width":0.0,"thickness":0.0,"ext":"(3:0,0,0.1)"},"geometry":{"type":"LineString","coordinates":[[14.1428455,55.9845923,0.0],[14.1428905,55.9845667,0.0],[14.1428448,55.9845415,0.0],[14.1427998,55.9845671,0.0],[14.1428455,55.9845923,0.0]]}},
{"type":"Feature","properties":{"fid":3076,"handle":100033,"block":-1,"etype":18,"space":0,"layer":"J26_Funkby","olinetype":"BYLAYER","linetype":"","color":"0,255,255,254","ocolor":256,"color24":-1,"transparency":0,"lweight":-1,"linewidth":0.0,"ltscale":1.0,"visible":1,"width":0.0,"thickness":0.0,"ext":"(3:0,0,0.1)"},"geometry":{"type":"LineString","coordinates":[[14.1430274,55.9846423,0.0],[14.1430724,55.9846167,0.0],[14.1430267,55.9845915,0.0],[14.1429818,55.9846171,0.0],[14.1430274,55.9846423,0.0]]}},
{"type":"Feature","properties":{"fid":3077,"handle":100034,"block":-1,"etype":18,"space":0,"layer":"J26_Funkby","olinetype":"BYLAYER","linetype":"","color":"0,255,255,254","ocolor":256,"color24":-1,"transparency":0,"lweight":-1,"linewidth":0.0,"ltscale":1.0,"visible":1,"width":0.0,"thickness":0.0,"ext":"(3:0,0,0.1)"},"geometry":{"type":"LineString","coordinates":[[14.1429818,55.9846171,0.0],[14.1430267,55.9845915,0.0],[14.1429811,55.9845663,0.0],[14.1429361,55.9845919,0.0],[14.1429818,55.9846171,0.0]]}},
{"type":"Feature","properties":{"fid":3078,"handle":100035,"block":-1,"etype":18,"space":0,"layer":"J26_Funkby","olinetype":"BYLAYER","linetype":"","color":"0,255,255,254","ocolor":256,"color24":-1,"transparency":0,"lweight":-1,"linewidth":0.0,"ltscale":1.0,"visible":1,"width":0.0,"thickness":0.0,"ext":"(3:0,0,0.1)"},"geometry":{"type":"LineString","coordinates":[[14.1429361,55.9845919,0.0],[14.1429811,55.9845663,0.0],[14.1429354,55.9845411,0.0],[14.1428905,55.9845667,0.0],[14.1429361,55.9845919,0.0]]}},
{"type":"Feature","properties":{"fid":3079,"handle":100036,"block":-1,"etype":18,"space":0,"layer":"J26_Funkby","olinetype":"BYLAYER","linetype":"","color":"0,255,255,254","ocolor":256,"color24":-1,"transparency":0,"lweight":-1,"linewidth":0.0,"ltscale":1.0,"visible":1,"width":0.0,"thickness":0.0,"ext":"(3:0,0,0.1)"},"geometry":{"type":"LineString","coordinates":[[14.1428905,55.9845667,0.0],[14.1429354,55.9845411,0.0],[14.1428898,55.9845159,0.0],[14.1428448,55.9845415,0.0],[14.1428905,55.9845667,0.0]]}},
{"type":"Feature","properties":{"fid":3080,"handle":100040,"block":-1,"etype":18,"space":0,"layer":"J26_Funkby","olinetype":"BYLAYER","linetype":"","color":"0,255,255,254","ocolor":256,"color24":-1,"transparency":0,"lweight":-1,"linewidth":0.0,"ltscale":1.0,"visible":1,"width":0.0,"thickness":0.0,"ext":"(3:0,0,0.1)"},"geometry":{"type":"LineString","coordinates":[[14.1432365,55.9849671,0.0],[14.1432815,55.9849415,0.0],[14.1432359,55.9849163,0.0],[14.1431909,55.9849419,0.0],[14.1432365,55.9849671,0.0]]}},
{"type":"Feature","properties":{"fid":3081,"handle":100041,"block":-1,"etype":18,"space":0,"layer":"J26_Funkby","olinetype":"BYLAYER","linetype":"","color":"0,255,255,254","ocolor":256,"color24":-1,"transparency":0,"lweight":-1,"linewidth":0.0,"ltscale":1.0,"visible":1,"width":0.0,"thickness":0.0,"ext":"(3:0,0,0.1)"},"geometry":{"type":"LineString","coordinates":[[14.1431909,55.9849419,0.0],[14.1432359,55.9849163,0.0],[14.1431902,55.9848911,0.0],[14.1431452,55.9849167,0.0],[14.1431909,55.9849419,0.0]]}},
{"type":"Feature","properties":{"fid":3082,"handle":100042,"block":-1,"etype":18,"space":0,"layer":"J26_Funkby","olinetype":"BYLAYER","linetype":"","color":"0,255,255,254","ocolor":256,"color24":-1,"transparency":0,"lweight":-1,"linewidth":0.0,"ltscale":1.0,"visible":1,"width":0.0,"thickness":0.0,"ext":"(3:0,0,0.1)"},"geometry":{"type":"LineString","coordinates":[[14.1431452,55.9849167,0.0],[14.1431902,55.9848911,0.0],[14.1431446,55.9848659,0.0],[14.1430996,55.9848914,0.0],[14.1431452,55.9849167,0.0]]}},
{"type":"Feature","properties":{"fid":3083,"handle":100043,"block":-1,"etype":18,"space":0,"layer":"J26_Funkby","olinetype":"BYLAYER","linetype":"","color":"0,255,255,254","ocolor":256,"color24":-1,"transparency":0,"lweight":-1,"linewidth":0.0,"ltscale":1.0,"visible":1,"width":0.0,"thickness":0.0,"ext":"(3:0,0,0.1)"},"geometry":{"type":"LineString","coordinates":[[14.1430996,55.9848914,0.0],[14.1431446,55.9848659,0.0],[14.1430989,55.9848406,0.0],[14.1430539,55.9848662,0.0],[14.1430996,55.9848914,0.0]]}},
{"type":"Feature","properties":{"fid":3084,"handle":100044,"block":-1,"etype":18,"space":0,"layer":"J26_Funkby","olinetype":"BYLAYER","linetype":"","color":"0,255,255,254","ocolor":256,"color24":-1,"transparency":0,"lweight":-1,"linewidth":0.0,"ltscale":1.0,"visible":1,"width":0.0,"thickness":0.0,"ext":"(3:0,0,0.1)"},"geometry":{"type":"LineString","coordinates":[[14.1432815,55.9849415,0.0],[14.1433265,55.9849159,0.0],[14.1432808,55.9848907,0.0],[14.1432359,55.9849163,0.0],[14.1432815,55.9849415,0.0]]}},
{"type":"Feature","properties":{"fid":3085,"handle":100045,"block":-1,"etype":18,"space":0,"layer":"J26_Funkby","olinetype":"BYLAYER","linetype":"","color":"0,255,255,254","ocolor":256,"color24":-1,"transparency":0,"lweight":-1,"linewidth":0.0,"ltscale":1.0,"visible":1,"width":0.0,"thickness":0.0,"ext":"(3:0,0,0.1)"},"geometry":{"type":"LineString","coordinates":[[14.1432359,55.9849163,0.0],[14.1432808,55.9848907,0.0],[14.1432352,55.9848655,0.0],[14.1431902,55.9848911,0.0],[14.1432359,55.9849163,0.0]]}},
{"type":"Feature","properties":{"fid":3086,"handle":100046,"block":-1,"etype":18,"space":0,"layer":"J26_Funkby","olinetype":"BYLAYER","linetype":"","color":"0,255,255,254","ocolor":256,"color24":-1,"transparency":0,"lweight":-1,"linewidth":0.0,"ltscale":1.0,"visible":1,"width":0.0,"thickness":0.0,"ext":"(3:0,0,0.1)"},"geometry":{"type":"LineString","coordinates":[[14.1431902,55.9848911,0.0],[14.1432352,55.9848655,0.0],[14.1431895,55.9848403,0.0],[14.1431446,55.9848659,0.0],[14.1431902,55.9848911,0.0]]}},
{"type":"Feature","properties":{"fid":3087,"handle":100047,"block":-1,"etype":18,"space":0,"layer":"J26_Funkby","olinetype":"BYLAYER","linetype":"","color":"0,255,255,254","ocolor":256,"color24":-1,"transparency":0,"lweight":-1,"linewidth":0.0,"ltscale":1.0,"visible":1,"width":0.0,"thickness":0.0,"ext":"(3:0,0,0.1)"},"geometry":{"type":"LineString","coordinates":[[14.1431446,55.9848659,0.0],[14.1431895,55.9848403,0.0],[14.1431439,55.984815,0.0],[14.1430989,55.9848406,0.0],[14.1431446,55.9848659,0.0]]}},
{"type":"Feature","properties":{"fid":3088,"handle":100048,"block":-1,"etype":18,"space":0,"layer":"J26_Funkby","olinetype":"BYLAYER","linetype":"","color":"0,255,255,254","ocolor":256,"color24":-1,"transparency":0,"lweight":-1,"linewidth":0.0,"ltscale":1.0,"visible":1,"width":0.0,"thickness":0.0,"ext":"(3:0,0,0.1)"},"geometry":{"type":"LineString","coordinates":[[14.1430377,55.9848371,0.0],[14.1430826,55.9848115,0.0],[14.143037,55.9847863,0.0],[14.142992,55.9848119,0.0],[14.1430377,55.9848371,0.0]]}},
{"type":"Feature","properties":{"fid":3089,"handle":100049,"block":-1,"etype":18,"space":0,"layer":"J26_Funkby","olinetype":"BYLAYER","linetype":"","color":"0,255,255,254","ocolor":256,"color24":-1,"transparency":0,"lweight":-1,"linewidth":0.0,"ltscale":1.0,"visible":1,"width":0.0,"thickness":0.0,"ext":"(3:0,0,0.1)"},"geometry":{"type":"LineString","coordinates":[[14.142992,55.9848119,0.0],[14.143037,55.9847863,0.0],[14.1429913,55.9847611,0.0],[14.1429464,55.9847867,0.0],[14.142992,55.9848119,0.0]]}},
{"type":"Feature","properties":{"fid":3090,"handle":100050,"block":-1,"etype":18,"space":0,"layer":"J26_Funkby","olinetype":"BYLAYER","linetype":"","color":"0,255,255,254","ocolor":256,"color24":-1,"transparency":0,"lweight":-1,"linewidth":0.0,"ltscale":1.0,"visible":1,"width":0.0,"thickness":0.0,"ext":"(3:0,0,0.1)"},"geometry":{"type":"LineString","coordinates":[[14.1429464,55.9847867,0.0],[14.1429913,55.9847611,0.0],[14.1429457,55.9847359,0.0],[14.1429007,55.9847615,0.0],[14.1429464,55.9847867,0.0]]}},
{"type":"Feature","properties":{"fid":3091,"handle":100051,"block":-1,"etype":18,"space":0,"layer":"J26_Funkby","olinetype":"BYLAYER","linetype":"","color":"0,255,255,254","ocolor":256,"color24":-1,"transparency":0,"lweight":-1,"linewidth":0.0,"ltscale":1.0,"visible":1,"width":0.0,"thickness":0.0,"ext":"(3:0,0,0.1)"},"geometry":{"type":"LineString","coordinates":[[14.1429007,55.9847615,0.0],[14.1429457,55.9847359,0.0],[14.1429,55.9847107,0.0],[14.1428551,55.9847363,0.0],[14.1429007,55.9847615,0.0]]}},
{"type":"Feature","properties":{"fid":3092,"handle":100052,"block":-1,"etype":18,"space":0,"layer":"J26_Funkby","olinetype":"BYLAYER","linetype":"","color":"0,255,255,254","ocolor":256,"color24":-1,"transparency":0,"lweight":-1,"linewidth":0.0,"ltscale":1.0,"visible":1,"width":0.0,"thickness":0.0,"ext":"(3:0,0,0.1)"},"geometry":{"type":"LineString","coordinates":[[14.1430826,55.9848115,0.0],[14.1431276,55.9847859,0.0],[14.143082,55.9847607,0.0],[14.143037,55.9847863,0.0],[14.1430826,55.9848115,0.0]]}},
{"type":"Feature","properties":{"fid":3093,"handle":100053,"block":-1,"etype":18,"space":0,"layer":"J26_Funkby","olinetype":"BYLAYER","linetype":"","color":"0,255,255,254","ocolor":256,"color24":-1,"transparency":0,"lweight":-1,"linewidth":0.0,"ltscale":1.0,"visible":1,"width":0.0,"thickness":0.0,"ext":"(3:0,0,0.1)"},"geometry":{"type":"LineString","coordinates":[[14.143037,55.9847863,0.0],[14.143082,55.9847607,0.0],[14.1430363,55.9847355,0.0],[14.1429913,55.9847611,0.0],[14.143037,55.9847863,0.0]]}},
{"type":"Feature","properties":{"fid":3094,"handle":100054,"block":-1,"etype":18,"space":0,"layer":"J26_Funkby","olinetype":"BYLAYER","linetype":"","color":"0,255,255,254","ocolor":256,"color24":-1,"transparency":0,"lweight":-1,"linewidth":0.0,"ltscale":1.0,"visible":1,"width":0.0,"thickness":0.0,"ext":"(3:0,0,0.1)"},"geometry":{"type":"LineString","coordinates":[[14.1429913,55.9847611,0.0],[14.1430363,55.9847355,0.0],[14.1429907,55.9847103,0.0],[14.1429457,55.9847359,0.0],[14.1429913,55.9847611,0.0]]}},
{"type":"Feature","properties":{"fid":3095,"handle":100055,"block":-1,"etype":18,"space":0,"layer":"J26_Funkby","olinetype":"BYLAYER","linetype":"","color":"0,255,255,254","ocolor":256,"color24":-1,"transparency":0,"lweight":-1,"linewidth":0.0,"ltscale":1.0,"visible":1,"width":0.0,"thickness":0.0,"ext":"(3:0,0,0.1)"},"geometry":{"type":"LineString","coordinates":[[14.1429457,55.9847359,0.0],[14.1429907,55.9847103,0.0],[14.142945,55.9846851,0.0],[14.1429,55.9847107,0.0],[14.1429457,55.9847359,0.0]]}},
{"type":"Feature","properties":{"fid":3096,"handle":100056,"block":-1,"etype":18,"space":0,"layer":"J26_Funkby","olinetype":"BYLAYER","linetype":"","color":"0,255,255,254","ocolor":256,"color24":-1,"transparency":0,"lweight":-1,"linewidth":0.0,"ltscale":1.0,"visible":1,"width":0.0,"thickness":0.0,"ext":"(3:0,0,0.1)"},"geometry":{"type":"LineString","coordinates":[[14.1428208,55.9847173,0.0],[14.1428658,55.9846918,0.0],[14.1428201,55.9846665,0.0],[14.1427752,55.9846921,0.0],[14.1428208,55.9847173,0.0]]}},
{"type":"Feature","properties":{"fid":3097,"handle":100057,"block":-1,"etype":18,"space":0,"layer":"J26_Funkby","olinetype":"BYLAYER","linetype":"","color":"0,255,255,254","ocolor":256,"color24":-1,"transparency":0,"lweight":-1,"linewidth":0.0,"ltscale":1.0,"visible":1,"width":0.0,"thickness":0.0,"ext":"(3:0,0,0.1)"},"geometry":{"type":"LineString","coordinates":[[14.1427752,55.9846921,0.0],[14.1428201,55.9846665,0.0],[14.1427745,55.9846413,0.0],[14.1427295,55.9846669,0.0],[14.1427752,55.9846921,0.0]]}},
{"type":"Feature","properties":{"fid":3098,"handle":100058,"block":-1,"etype":18,"space":0,"layer":"J26_Funkby","olinetype":"BYLAYER","linetype":"","color":"0,255,255,254","ocolor":256,"color24":-1,"transparency":0,"lweight":-1,"linewidth":0.0,"ltscale":1.0,"visible":1,"width":0.0,"thickness":0.0,"ext":"(3:0,0,0.1)"},"geometry":{"type":"LineString","coordinates":[[14.1427295,55.9846669,0.0],[14.1427745,55.9846413,0.0],[14.1427288,55.9846161,0.0],[14.1426839,55.9846417,0.0],[14.1427295,55.9846669,0.0]]}},
{"type":"Feature","properties":{"fid":3099,"handle":100059,"block":-1,"etype":18,"space":0,"layer":"J26_Funkby","olinetype":"BYLAYER","linetype":"","color":"0,255,255,254","ocolor":256,"color24":-1,"transparency":0,"lweight":-1,"linewidth":0.0,"ltscale":1.0,"visible":1,"width":0.0,"thickness":0.0,"ext":"(3:0,0,0.1)"},"geometry":{"type":"LineString","coordinates":[[14.1426839,55.9846417,0.0],[14.1427288,55.9846161,0.0],[14.1426832,55.9845909,0.0],[14.1426382,55.9846165,0.0],[14.1426839,55.9846417,0.0]]}},
{"type":"Feature","properties":{"fid":3100,"handle":100060,"block":-1,"etype":18,"space":0,"layer":"J26_Funkby","olinetype":"BYLAYER","linetype":"","color":"0,255,255,254","ocolor":256,"color24":-1,"transparency":0,"lweight":-1,"linewidth":0.0,"ltscale":1.0,"visible":1,"width":0.0,"thickness":0.0,"ext":"(3:0,0,0.1)"},"geometry":{"type":"LineString","coordinates":[[14.1428658,55.9846918,0.0],[14.1429108,55.9846662,0.0],[14.1428651,55.9846409,0.0],[14.1428201,55.9846665,0.0],[14.1428658,55.9846918,0.0]]}},
{"type":"Feature","properties":{"fid":3101,"handle":100061,"block":-1,"etype":18,"space":0,"layer":"J26_Funkby","olinetype":"BYLAYER","linetype":"","color":"0,255,255,254","ocolor":256,"color24":-1,"transparency":0,"lweight":-1,"linewidth":0.0,"ltscale":1.0,"visible":1,"width":0.0,"thickness":0.0,"ext":"(3:0,0,0.1)"},"geometry":{"type":"LineString","coordinates":[[14.1428201,55.9846665,0.0],[14.1428651,55.9846409,0.0],[14.1428195,55.9846157,0.0],[14.1427745,55.9846413,0.0],[14.1428201,55.9846665,0.0]]}},
{"type":"Feature","properties":{"fid":3102,"handle":100062,"block":-1,"etype":18,"space":0,"layer":"J26_Funkby","olinetype":"BYLAYER","linetype":"","color":"0,255,255,254","ocolor":256,"color24":-1,"transparency":0,"lweight":-1,"linewidth":0.0,"ltscale":1.0,"visible":1,"width":0.0,"thickness":0.0,"ext":"(3:0,0,0.1)"},"geometry":{"type":"LineString","coordinates":[[14.1427745,55.9846413,0.0],[14.1428195,55.9846157,0.0],[14.1427738,55.9845905,0.0],[14.1427288,55.9846161,0.0],[14.1427745,55.9846413,0.0]]}},
{"type":"Feature","properties":{"fid":3103,"handle":100063,"block":-1,"etype":18,"space":0,"layer":"J26_Funkby","olinetype":"BYLAYER","linetype":"","color":"0,255,255,254","ocolor":256,"color24":-1,"transparency":0,"lweight":-1,"linewidth":0.0,"ltscale":1.0,"visible":1,"width":0.0,"thickness":0.0,"ext":"(3:0,0,0.1)"},"geometry":{"type":"LineString","coordinates":[[14.1427288,55.9846161,0.0],[14.1427738,55.9845905,0.0],[14.1427282,55.9845653,0.0],[14.1426832,55.9845909,0.0],[14.1427288,55.9846161,0.0]]}},
{"type":"Feature","properties":{"fid":3104,"handle":100067,"block":-1,"etype":18,"space":0,"layer":"J26_Funkby","olinetype":"BYLAYER","linetype":"","color":"0,255,255,254","ocolor":256,"color24":-1,"transparency":0,"lweight":-1,"linewidth":0.0,"ltscale":1.0,"visible":1,"width":0.0,"thickness":0.0,"ext":"(3:0,0,0.1)"},"geometry":{"type":"LineString","coordinates":[[14.1430578,55.9850066,0.0],[14.1431028,55.984981,0.0],[14.1430572,55.9849558,0.0],[14.1430122,55.9849814,0.0],[14.1430578,55.9850066,0.0]]}},
{"type":"Feature","properties":{"fid":3105,"handle":100068,"block":-1,"etype":18,"space":0,"layer":"J26_Funkby","olinetype":"BYLAYER","linetype":"","color":"0,255,255,254","ocolor":256,"color24":-1,"transparency":0,"lweight":-1,"linewidth":0.0,"ltscale":1.0,"visible":1,"width":0.0,"thickness":0.0,"ext":"(3:0,0,0.1)"},"geometry":{"type":"LineString","coordinates":[[14.1430122,55.9849814,0.0],[14.1430572,55.9849558,0.0],[14.1430115,55.9849306,0.0],[14.1429665,55.9849562,0.0],[14.1430122,55.9849814,0.0]]}},
{"type":"Feature","properties":{"fid":3106,"handle":100069,"block":-1,"etype":18,"space":0,"layer":"J26_Funkby","olinetype":"BYLAYER","linetype":"","color":"0,255,255,254","ocolor":256,"color24":-1,"transparency":0,"lweight":-1,"linewidth":0.0,"ltscale":1.0,"visible":1,"width":0.0,"thickness":0.0,"ext":"(3:0,0,0.1)"},"geometry":{"type":"LineString","coordinates":[[14.1429665,55.9849562,0.0],[14.1430115,55.9849306,0.0],[14.1429659,55.9849054,0.0],[14.1429209,55.984931,0.0],[14.1429665,55.9849562,0.0]]}},
{"type":"Feature","properties":{"fid":3107,"handle":100070,"block":-1,"etype":18,"space":0,"layer":"J26_Funkby","olinetype":"BYLAYER","linetype":"","color":"0,255,255,254","ocolor":256,"color24":-1,"transparency":0,"lweight":-1,"linewidth":0.0,"ltscale":1.0,"visible":1,"width":0.0,"thickness":0.0,"ext":"(3:0,0,0.1)"},"geometry":{"type":"LineString","coordinates":[[14.1429209,55.984931,0.0],[14.1429659,55.9849054,0.0],[14.1429202,55.9848801,0.0],[14.1428752,55.9849057,0.0],[14.1429209,55.984931,0.0]]}},
{"type":"Feature","properties":{"fid":3108,"handle":100071,"block":-1,"etype":18,"space":0,"layer":"J26_Funkby","olinetype":"BYLAYER","linetype":"","color":"0,255,255,254","ocolor":256,"color24":-1,"transparency":0,"lweight":-1,"linewidth":0.0,"ltscale":1.0,"visible":1,"width":0.0,"thickness":0.0,"ext":"(3:0,0,0.1)"},"geometry":{"type":"LineString","coordinates":[[14.1431028,55.984981,0.0],[14.1431478,55.9849554,0.0],[14.1431021,55.9849302,0.0],[14.1430572,55.9849558,0.0],[14.1431028,55.984981,0.0]]}},
{"type":"Feature","properties":{"fid":3109,"handle":100072,"block":-1,"etype":18,"space":0,"layer":"J26_Funkby","olinetype":"BYLAYER","linetype":"","color":"0,255,255,254","ocolor":256,"color24":-1,"transparency":0,"lweight":-1,"linewidth":0.0,"ltscale":1.0,"visible":1,"width":0.0,"thickness":0.0,"ext":"(3:0,0,0.1)"},"geometry":{"type":"LineString","coordinates":[[14.1430572,55.9849558,0.0],[14.1431021,55.9849302,0.0],[14.1430565,55.984905,0.0],[14.1430115,55.9849306,0.0],[14.1430572,55.9849558,0.0]]}},
{"type":"Feature","properties":{"fid":3110,"handle":100073,"block":-1,"etype":18,"space":0,"layer":"J26_Funkby","olinetype":"BYLAYER","linetype":"","color":"0,255,255,254","ocolor":256,"color24":-1,"transparency":0,"lweight":-1,"linewidth":0.0,"ltscale":1.0,"visible":1,"width":0.0,"thickness":0.0,"ext":"(3:0,0,0.1)"},"geometry":{"type":"LineString","coordinates":[[14.1430115,55.9849306,0.0],[14.1430565,55.984905,0.0],[14.1430108,55.9848798,0.0],[14.1429659,55.9849054,0.0],[14.1430115,55.9849306,0.0]]}},
{"type":"Feature","properties":{"fid":3111,"handle":100074,"block":-1,"etype":18,"space":0,"layer":"J26_Funkby","olinetype":"BYLAYER","linetype":"","color":"0,255,255,254","ocolor":256,"color24":-1,"transparency":0,"lweight":-1,"linewidth":0.0,"ltscale":1.0,"visible":1,"width":0.0,"thickness":0.0,"ext":"(3:0,0,0.1)"},"geometry":{"type":"LineString","coordinates":[[14.1429659,55.9849054,0.0],[14.1430108,55.9848798,0.0],[14.1429652,55.9848546,0.0],[14.1429202,55.9848801,0.0],[14.1429659,55.9849054,0.0]]}},
{"type":"Feature","properties":{"fid":3112,"handle":100075,"block":-1,"etype":18,"space":0,"layer":"J26_Funkby","olinetype":"BYLAYER","linetype":"","color":"0,255,255,254","ocolor":256,"color24":-1,"transparency":0,"lweight":-1,"linewidth":0.0,"ltscale":1.0,"visible":1,"width":0.0,"thickness":0.0,"ext":"(3:0,0,0.1)"},"geometry":{"type":"LineString","coordinates":[[14.142841,55.9848868,0.0],[14.142886,55.9848612,0.0],[14.1428403,55.984836,0.0],[14.1427954,55.9848616,0.0],[14.142841,55.9848868,0.0]]}},
{"type":"Feature","properties":{"fid":3113,"handle":100076,"block":-1,"etype":18,"space":0,"layer":"J26_Funkby","olinetype":"BYLAYER","linetype":"","color":"0,255,255,254","ocolor":256,"color24":-1,"transparency":0,"lweight":-1,"linewidth":0.0,"ltscale":1.0,"visible":1,"width":0.0,"thickness":0.0,"ext":"(3:0,0,0.1)"},"geometry":{"type":"LineString","coordinates":[[14.1427954,55.9848616,0.0],[14.1428403,55.984836,0.0],[14.1427947,55.9848108,0.0],[14.1427497,55.9848364,0.0],[14.1427954,55.9848616,0.0]]}},
{"type":"Feature","properties":{"fid":3114,"handle":100077,"block":-1,"etype":18,"space":0,"layer":"J26_Funkby","olinetype":"BYLAYER","linetype":"","color":"0,255,255,254","ocolor":256,"color24":-1,"transparency":0,"lweight":-1,"linewidth":0.0,"ltscale":1.0,"visible":1,"width":0.0,"thickness":0.0,"ext":"(3:0,0,0.1)"},"geometry":{"type":"LineString","coordinates":[[14.1427497,55.9848364,0.0],[14.1427947,55.9848108,0.0],[14.142749,55.9847856,0.0],[14.1427041,55.9848112,0.0],[14.1427497,55.9848364,0.0]]}},
{"type":"Feature","properties":{"fid":3115,"handle":100078,"block":-1,"etype":18,"space":0,"layer":"J26_Funkby","olinetype":"BYLAYER","linetype":"","color":"0,255,255,254","ocolor":256,"color24":-1,"transparency":0,"lweight":-1,"linewidth":0.0,"ltscale":1.0,"visible":1,"width":0.0,"thickness":0.0,"ext":"(3:0,0,0.1)"},"geometry":{"type":"LineString","coordinates":[[14.1427041,55.9848112,0.0],[14.142749,55.9847856,0.0],[14.1427034,55.9847604,0.0],[14.1426584,55.984786,0.0],[14.1427041,55.9848112,0.0]]}},
{"type":"Feature","properties":{"fid":3116,"handle":100079,"block":-1,"etype":18,"space":0,"layer":"J26_Funkby","olinetype":"BYLAYER","linetype":"","color":"0,255,255,254","ocolor":256,"color24":-1,"transparency":0,"lweight":-1,"linewidth":0.0,"ltscale":1.0,"visible":1,"width":0.0,"thickness":0.0,"ext":"(3:0,0,0.1)"},"geometry":{"type":"LineString","coordinates":[[14.142886,55.9848612,0.0],[14.142931,55.9848356,0.0],[14.1428853,55.9848104,0.0],[14.1428403,55.984836,0.0],[14.142886,55.9848612,0.0]]}},
{"type":"Feature","properties":{"fid":3117,"handle":100080,"block":-1,"etype":18,"space":0,"layer":"J26_Funkby","olinetype":"BYLAYER","linetype":"","color":"0,255,255,254","ocolor":256,"color24":-1,"transparency":0,"lweight":-1,"linewidth":0.0,"ltscale":1.0,"visible":1,"width":0.0,"thickness":0.0,"ext":"(3:0,0,0.1)"},"geometry":{"type":"LineString","coordinates":[[14.1428403,55.984836,0.0],[14.1428853,55.9848104,0.0],[14.1428397,55.9847852,0.0],[14.1427947,55.9848108,0.0],[14.1428403,55.984836,0.0]]}},
{"type":"Feature","properties":{"fid":3118,"handle":100081,"block":-1,"etype":18,"space":0,"layer":"J26_Funkby","olinetype":"BYLAYER","linetype":"","color":"0,255,255,254","ocolor":256,"color24":-1,"transparency":0,"lweight":-1,"linewidth":0.0,"ltscale":1.0,"visible":1,"width":0.0,"thickness":0.0,"ext":"(3:0,0,0.1)"},"geometry":{"type":"LineString","coordinates":[[14.1427947,55.9848108,0.0],[14.1428397,55.9847852,0.0],[14.142794,55.98476,0.0],[14.142749,55.9847856,0.0],[14.1427947,55.9848108,0.0]]}},
{"type":"Feature","properties":{"fid":3119,"handle":100082,"block":-1,"etype":18,"space":0,"layer":"J26_Funkby","olinetype":"BYLAYER","linetype":"","color":"0,255,255,254","ocolor":256,"color24":-1,"transparency":0,"lweight":-1,"linewidth":0.0,"ltscale":1.0,"visible":1,"width":0.0,"thickness":0.0,"ext":"(3:0,0,0.1)"},"geometry":{"type":"LineString","coordinates":[[14.142749,55.9847856,0.0],[14.142794,55.98476,0.0],[14.1427484,55.9847348,0.0],[14.1427034,55.9847604,0.0],[14.142749,55.9847856,0.0]]}},
{"type":"Feature","properties":{"fid":3120,"handle":100083,"block":-1,"etype":18,"space":0,"layer":"J26_Funkby","olinetype":"BYLAYER","linetype":"","color":"0,255,255,254","ocolor":256,"color24":-1,"transparency":0,"lweight":-1,"linewidth":0.0,"ltscale":1.0,"visible":1,"width":0.0,"thickness":0.0,"ext":"(3:0,0,0.1)"},"geometry":{"type":"LineString","coordinates":[[14.1426242,55.9847671,0.0],[14.1426691,55.9847415,0.0],[14.1426235,55.9847163,0.0],[14.1425785,55.9847419,0.0],[14.1426242,55.9847671,0.0]]}},
{"type":"Feature","properties":{"fid":3121,"handle":100084,"block":-1,"etype":18,"space":0,"layer":"J26_Funkby","olinetype":"BYLAYER","linetype":"","color":"0,255,255,254","ocolor":256,"color24":-1,"transparency":0,"lweight":-1,"linewidth":0.0,"ltscale":1.0,"visible":1,"width":0.0,"thickness":0.0,"ext":"(3:0,0,0.1)"},"geometry":{"type":"LineString","coordinates":[[14.1425785,55.9847419,0.0],[14.1426235,55.9847163,0.0],[14.1425778,55.9846911,0.0],[14.1425329,55.9847166,0.0],[14.1425785,55.9847419,0.0]]}},
{"type":"Feature","properties":{"fid":3122,"handle":100085,"block":-1,"etype":18,"space":0,"layer":"J26_Funkby","olinetype":"BYLAYER","linetype":"","color":"0,255,255,254","ocolor":256,"color24":-1,"transparency":0,"lweight":-1,"linewidth":0.0,"ltscale":1.0,"visible":1,"width":0.0,"thickness":0.0,"ext":"(3:0,0,0.1)"},"geometry":{"type":"LineString","coordinates":[[14.1425329,55.9847166,0.0],[14.1425778,55.9846911,0.0],[14.1425322,55.9846658,0.0],[14.1424872,55.9846914,0.0],[14.1425329,55.9847166,0.0]]}},
{"type":"Feature","properties":{"fid":3123,"handle":100086,"block":-1,"etype":18,"space":0,"layer":"J26_Funkby","olinetype":"BYLAYER","linetype":"","color":"0,255,255,254","ocolor":256,"color24":-1,"transparency":0,"lweight":-1,"linewidth":0.0,"ltscale":1.0,"visible":1,"width":0.0,"thickness":0.0,"ext":"(3:0,0,0.1)"},"geometry":{"type":"LineString","coordinates":[[14.1424872,55.9846914,0.0],[14.1425322,55.9846658,0.0],[14.1424865,55.9846406,0.0],[14.1424416,55.9846662,0.0],[14.1424872,55.9846914,0.0]]}},
{"type":"Feature","properties":{"fid":3124,"handle":100087,"block":-1,"etype":18,"space":0,"layer":"J26_Funkby","olinetype":"BYLAYER","linetype":"","color":"0,255,255,254","ocolor":256,"color24":-1,"transparency":0,"lweight":-1,"linewidth":0.0,"ltscale":1.0,"visible":1,"width":0.0,"thickness":0.0,"ext":"(3:0,0,0.1)"},"geometry":{"type":"LineString","coordinates":[[14.1426691,55.9847415,0.0],[14.1427141,55.9847159,0.0],[14.1426685,55.9846907,0.0],[14.1426235,55.9847163,0.0],[14.1426691,55.9847415,0.0]]}},
{"type":"Feature","properties":{"fid":3125,"handle":100088,"block":-1,"etype":18,"space":0,"layer":"J26_Funkby","olinetype":"BYLAYER","linetype":"","color":"0,255,255,254","ocolor":256,"color24":-1,"transparency":0,"lweight":-1,"linewidth":0.0,"ltscale":1.0,"visible":1,"width":0.0,"thickness":0.0,"ext":"(3:0,0,0.1)"},"geometry":{"type":"LineString","coordinates":[[14.1426235,55.9847163,0.0],[14.1426685,55.9846907,0.0],[14.1426228,55.9846655,0.0],[14.1425778,55.9846911,0.0],[14.1426235,55.9847163,0.0]]}},
{"type":"Feature","properties":{"fid":3126,"handle":100089,"block":-1,"etype":18,"space":0,"layer":"J26_Funkby","olinetype":"BYLAYER","linetype":"","color":"0,255,255,254","ocolor":256,"color24":-1,"transparency":0,"lweight":-1,"linewidth":0.0,"ltscale":1.0,"visible":1,"width":0.0,"thickness":0.0,"ext":"(3:0,0,0.1)"},"geometry":{"type":"LineString","coordinates":[[14.1425778,55.9846911,0.0],[14.1426228,55.9846655,0.0],[14.1425772,55.9846402,0.0],[14.1425322,55.9846658,0.0],[14.1425778,55.9846911,0.0]]}},
{"type":"Feature","properties":{"fid":3127,"handle":100090,"block":-1,"etype":18,"space":0,"layer":"J26_Funkby","olinetype":"BYLAYER","linetype":"","color":"0,255,255,254","ocolor":256,"color24":-1,"transparency":0,"lweight":-1,"linewidth":0.0,"ltscale":1.0,"visible":1,"width":0.0,"thickness":0.0,"ext":"(3:0,0,0.1)"},"geometry":{"type":"LineString","coordinates":[[14.1425322,55.9846658,0.0],[14.1425772,55.9846402,0.0],[14.1425315,55.984615,0.0],[14.1424865,55.9846406,0.0],[14.1425322,55.9846658,0.0]]}},
{"type":"Feature","properties":{"fid":3128,"handle":100094,"block":-1,"etype":18,"space":0,"layer":"J26_Funkby","olinetype":"BYLAYER","linetype":"","color":"0,255,255,254","ocolor":256,"color24":-1,"transparency":0,"lweight":-1,"linewidth":0.0,"ltscale":1.0,"visible":1,"width":0.0,"thickness":0.0,"ext":"(3:0,0,0.1)"},"geometry":{"type":"LineString","coordinates":[[14.142826,55.9850177,0.0],[14.142871,55.9849921,0.0],[14.1428253,55.9849669,0.0],[14.1427804,55.9849925,0.0],[14.142826,55.9850177,0.0]]}},
{"type":"Feature","properties":{"fid":3129,"handle":100095,"block":-1,"etype":18,"space":0,"layer":"J26_Funkby","olinetype":"BYLAYER","linetype":"","color":"0,255,255,254","ocolor":256,"color24":-1,"transparency":0,"lweight":-1,"linewidth":0.0,"ltscale":1.0,"visible":1,"width":0.0,"thickness":0.0,"ext":"(3:0,0,0.1)"},"geometry":{"type":"LineString","coordinates":[[14.1427804,55.9849925,0.0],[14.1428253,55.9849669,0.0],[14.1427797,55.9849417,0.0],[14.1427347,55.9849673,0.0],[14.1427804,55.9849925,0.0]]}},
{"type":"Feature","properties":{"fid":3130,"handle":100096,"block":-1,"etype":18,"space":0,"layer":"J26_Funkby","olinetype":"BYLAYER","linetype":"","color":"0,255,255,254","ocolor":256,"color24":-1,"transparency":0,"lweight":-1,"linewidth":0.0,"ltscale":1.0,"visible":1,"width":0.0,"thickness":0.0,"ext":"(3:0,0,0.1)"},"geometry":{"type":"LineString","coordinates":[[14.1427347,55.9849673,0.0],[14.1427797,55.9849417,0.0],[14.142734,55.9849165,0.0],[14.1426891,55.9849421,0.0],[14.1427347,55.9849673,0.0]]}},
{"type":"Feature","properties":{"fid":3131,"handle":100097,"block":-1,"etype":18,"space":0,"layer":"J26_Funkby","olinetype":"BYLAYER","linetype":"","color":"0,255,255,254","ocolor":256,"color24":-1,"transparency":0,"lweight":-1,"linewidth":0.0,"ltscale":1.0,"visible":1,"width":0.0,"thickness":0.0,"ext":"(3:0,0,0.1)"},"geometry":{"type":"LineString","coordinates":[[14.1426891,55.9849421,0.0],[14.142734,55.9849165,0.0],[14.1426884,55.9848913,0.0],[14.1426434,55.9849169,0.0],[14.1426891,55.9849421,0.0]]}},
{"type":"Feature","properties":{"fid":3132,"handle":100098,"block":-1,"etype":18,"space":0,"layer":"J26_Funkby","olinetype":"BYLAYER","linetype":"","color":"0,255,255,254","ocolor":256,"color24":-1,"transparency":0,"lweight":-1,"linewidth":0.0,"ltscale":1.0,"visible":1,"width":0.0,"thickness":0.0,"ext":"(3:0,0,0.1)"},"geometry":{"type":"LineString","coordinates":[[14.142871,55.9849921,0.0],[14.142916,55.9849665,0.0],[14.1428703,55.9849413,0.0],[14.1428253,55.9849669,0.0],[14.142871,55.9849921,0.0]]}},
{"type":"Feature","properties":{"fid":3133,"handle":100099,"block":-1,"etype":18,"space":0,"layer":"J26_Funkby","olinetype":"BYLAYER","linetype":"","color":"0,255,255,254","ocolor":256,"color24":-1,"transparency":0,"lweight":-1,"linewidth":0.0,"ltscale":1.0,"visible":1,"width":0.0,"thickness":0.0,"ext":"(3:0,0,0.1)"},"geometry":{"type":"LineString","coordinates":[[14.1428253,55.9849669,0.0],[14.1428703,55.9849413,0.0],[14.1428247,55.9849161,0.0],[14.1427797,55.9849417,0.0],[14.1428253,55.9849669,0.0]]}},
{"type":"Feature","properties":{"fid":3134,"handle":100100,"block":-1,"etype":18,"space":0,"layer":"J26_Funkby","olinetype":"BYLAYER","linetype":"","color":"0,255,255,254","ocolor":256,"color24":-1,"transparency":0,"lweight":-1,"linewidth":0.0,"ltscale":1.0,"visible":1,"width":0.0,"thickness":0.0,"ext":"(3:0,0,0.1)"},"geometry":{"type":"LineString","coordinates":[[14.1427797,55.9849417,0.0],[14.1428247,55.9849161,0.0],[14.142779,55.9848909,0.0],[14.142734,55.9849165,0.0],[14.1427797,55.9849417,0.0]]}},
{"type":"Feature","properties":{"fid":3135,"handle":100101,"block":-1,"etype":18,"space":0,"layer":"J26_Funkby","olinetype":"BYLAYER","linetype":"","color":"0,255,255,254","ocolor":256,"color24":-1,"transparency":0,"lweight":-1,"linewidth":0.0,"ltscale":1.0,"visible":1,"width":0.0,"thickness":0.0,"ext":"(3:0,0,0.1)"},"geometry":{"type":"LineString","coordinates":[[14.142734,55.9849165,0.0],[14.142779,55.9848909,0.0],[14.1427333,55.9848657,0.0],[14.1426884,55.9848913,0.0],[14.142734,55.9849165,0.0]]}},
{"type":"Feature","properties":{"fid":3136,"handle":100102,"block":-1,"etype":18,"space":0,"layer":"J26_Funkby","olinetype":"BYLAYER","linetype":"","color":"0,255,255,254","ocolor":256,"color24":-1,"transparency":0,"lweight":-1,"linewidth":0.0,"ltscale":1.0,"visible":1,"width":0.0,"thickness":0.0,"ext":"(3:0,0,0.1)"},"geometry":{"type":"LineString","coordinates":[[14.1426092,55.984898,0.0],[14.1426541,55.9848724,0.0],[14.1426085,55.9848471,0.0],[14.1425635,55.9848727,0.0],[14.1426092,55.984898,0.0]]}},
{"type":"Feature","properties":{"fid":3137,"handle":100103,"block":-1,"etype":18,"space":0,"layer":"J26_Funkby","olinetype":"BYLAYER","linetype":"","color":"0,255,255,254","ocolor":256,"color24":-1,"transparency":0,"lweight":-1,"linewidth":0.0,"ltscale":1.0,"visible":1,"width":0.0,"thickness":0.0,"ext":"(3:0,0,0.1)"},"geometry":{"type":"LineString","coordinates":[[14.1425635,55.9848727,0.0],[14.1426085,55.9848471,0.0],[14.1425628,55.9848219,0.0],[14.1425179,55.9848475,0.0],[14.1425635,55.9848727,0.0]]}},
{"type":"Feature","properties":{"fid":3138,"handle":100104,"block":-1,"etype":18,"space":0,"layer":"J26_Funkby","olinetype":"BYLAYER","linetype":"","color":"0,255,255,254","ocolor":256,"color24":-1,"transparency":0,"lweight":-1,"linewidth":0.0,"ltscale":1.0,"visible":1,"width":0.0,"thickness":0.0,"ext":"(3:0,0,0.1)"},"geometry":{"type":"LineString","coordinates":[[14.1425179,55.9848475,0.0],[14.1425628,55.9848219,0.0],[14.1425172,55.9847967,0.0],[14.1424722,55.9848223,0.0],[14.1425179,55.9848475,0.0]]}},
{"type":"Feature","properties":{"fid":3139,"handle":100105,"block":-1,"etype":18,"space":0,"layer":"J26_Funkby","olinetype":"BYLAYER","linetype":"","color":"0,255,255,254","ocolor":256,"color24":-1,"transparency":0,"lweight":-1,"linewidth":0.0,"ltscale":1.0,"visible":1,"width":0.0,"thickness":0.0,"ext":"(3:0,0,0.1)"},"geometry":{"type":"LineString","coordinates":[[14.1424722,55.9848223,0.0],[14.1425172,55.9847967,0.0],[14.1424715,55.9847715,0.0],[14.1424266,55.9847971,0.0],[14.1424722,55.9848223,0.0]]}},
{"type":"Feature","properties":{"fid":3140,"handle":100106,"block":-1,"etype":18,"space":0,"layer":"J26_Funkby","olinetype":"BYLAYER","linetype":"","color":"0,255,255,254","ocolor":256,"color24":-1,"transparency":0,"lweight":-1,"linewidth":0.0,"ltscale":1.0,"visible":1,"width":0.0,"thickness":0.0,"ext":"(3:0,0,0.1)"},"geometry":{"type":"LineString","coordinates":[[14.1426541,55.9848724,0.0],[14.1426991,55.9848468,0.0],[14.1426535,55.9848216,0.0],[14.1426085,55.9848471,0.0],[14.1426541,55.9848724,0.0]]}},
{"type":"Feature","properties":{"fid":3141,"handle":100107,"block":-1,"etype":18,"space":0,"layer":"J26_Funkby","olinetype":"BYLAYER","linetype":"","color":"0,255,255,254","ocolor":256,"color24":-1,"transparency":0,"lweight":-1,"linewidth":0.0,"ltscale":1.0,"visible":1,"width":0.0,"thickness":0.0,"ext":"(3:0,0,0.1)"},"geometry":{"type":"LineString","coordinates":[[14.1426085,55.9848471,0.0],[14.1426535,55.9848216,0.0],[14.1426078,55.9847963,0.0],[14.1425628,55.9848219,0.0],[14.1426085,55.9848471,0.0]]}},
{"type":"Feature","properties":{"fid":3142,"handle":100108,"block":-1,"etype":18,"space":0,"layer":"J26_Funkby","olinetype":"BYLAYER","linetype":"","color":"0,255,255,254","ocolor":256,"color24":-1,"transparency":0,"lweight":-1,"linewidth":0.0,"ltscale":1.0,"visible":1,"width":0.0,"thickness":0.0,"ext":"(3:0,0,0.1)"},"geometry":{"type":"LineString","coordinates":[[14.1425628,55.9848219,0.0],[14.1426078,55.9847963,0.0],[14.1425622,55.9847711,0.0],[14.1425172,55.9847967,0.0],[14.1425628,55.9848219,0.0]]}},
{"type":"Feature","properties":{"fid":3143,"handle":100109,"block":-1,"etype":18,"space":0,"layer":"J26_Funkby","olinetype":"BYLAYER","linetype":"","color":"0,255,255,254","ocolor":256,"color24":-1,"transparency":0,"lweight":-1,"linewidth":0.0,"ltscale":1.0,"visible":1,"width":0.0,"thickness":0.0,"ext":"(3:0,0,0.1)"},"geometry":{"type":"LineString","coordinates":[[14.1425172,55.9847967,0.0],[14.1425622,55.9847711,0.0],[14.1425165,55.9847459,0.0],[14.1424715,55.9847715,0.0],[14.1425172,55.9847967,0.0]]}},
{"type":"Feature","properties":{"fid":3144,"handle":100110,"block":-1,"etype":18,"space":0,"layer":"J26_Funkby","olinetype":"BYLAYER","linetype":"","color":"0,255,255,254","ocolor":256,"color24":-1,"transparency":0,"lweight":-1,"linewidth":0.0,"ltscale":1.0,"visible":1,"width":0.0,"thickness":0.0,"ext":"(3:0,0,0.1)"},"geometry":{"type":"LineString","coordinates":[[14.1423923,55.9847782,0.0],[14.1424373,55.9847526,0.0],[14.1423916,55.9847274,0.0],[14.1423467,55.984753,0.0],[14.1423923,55.9847782,0.0]]}},
{"type":"Feature","properties":{"fid":3145,"handle":100111,"block":-1,"etype":18,"space":0,"layer":"J26_Funkby","olinetype":"BYLAYER","linetype":"","color":"0,255,255,254","ocolor":256,"color24":-1,"transparency":0,"lweight":-1,"linewidth":0.0,"ltscale":1.0,"visible":1,"width":0.0,"thickness":0.0,"ext":"(3:0,0,0.1)"},"geometry":{"type":"LineString","coordinates":[[14.1423467,55.984753,0.0],[14.1423916,55.9847274,0.0],[14.142346,55.9847022,0.0],[14.142301,55.9847278,0.0],[14.1423467,55.984753,0.0]]}},
{"type":"Feature","properties":{"fid":3146,"handle":100112,"block":-1,"etype":18,"space":0,"layer":"J26_Funkby","olinetype":"BYLAYER","linetype":"","color":"0,255,255,254","ocolor":256,"color24":-1,"transparency":0,"lweight":-1,"linewidth":0.0,"ltscale":1.0,"visible":1,"width":0.0,"thickness":0.0,"ext":"(3:0,0,0.1)"},"geometry":{"type":"LineString","coordinates":[[14.142301,55.9847278,0.0],[14.142346,55.9847022,0.0],[14.1423003,55.984677,0.0],[14.1422554,55.9847026,0.0],[14.142301,55.9847278,0.0]]}},
{"type":"Feature","properties":{"fid":3147,"handle":100113,"block":-1,"etype":18,"space":0,"layer":"J26_Funkby","olinetype":"BYLAYER","linetype":"","color":"0,255,255,254","ocolor":256,"color24":-1,"transparency":0,"lweight":-1,"linewidth":0.0,"ltscale":1.0,"visible":1,"width":0.0,"thickness":0.0,"ext":"(3:0,0,0.1)"},"geometry":{"type":"LineString","coordinates":[[14.1422554,55.9847026,0.0],[14.1423003,55.984677,0.0],[14.1422547,55.9846517,0.0],[14.1422097,55.9846773,0.0],[14.1422554,55.9847026,0.0]]}},
{"type":"Feature","properties":{"fid":3148,"handle":100114,"block":-1,"etype":18,"space":0,"layer":"J26_Funkby","olinetype":"BYLAYER","linetype":"","color":"0,255,255,254","ocolor":256,"color24":-1,"transparency":0,"lweight":-1,"linewidth":0.0,"ltscale":1.0,"visible":1,"width":0.0,"thickness":0.0,"ext":"(3:0,0,0.1)"},"geometry":{"type":"LineString","coordinates":[[14.1424373,55.9847526,0.0],[14.1424823,55.984727,0.0],[14.1424366,55.9847018,0.0],[14.1423916,55.9847274,0.0],[14.1424373,55.9847526,0.0]]}},
{"type":"Feature","properties":{"fid":3149,"handle":100115,"block":-1,"etype":18,"space":0,"layer":"J26_Funkby","olinetype":"BYLAYER","linetype":"","color":"0,255,255,254","ocolor":256,"color24":-1,"transparency":0,"lweight":-1,"linewidth":0.0,"ltscale":1.0,"visible":1,"width":0.0,"thickness":0.0,"ext":"(3:0,0,0.1)"},"geometry":{"type":"LineString","coordinates":[[14.1423916,55.9847274,0.0],[14.1424366,55.9847018,0.0],[14.142391,55.9846766,0.0],[14.142346,55.9847022,0.0],[14.1423916,55.9847274,0.0]]}},
{"type":"Feature","properties":{"fid":3150,"handle":100116,"block":-1,"etype":18,"space":0,"layer":"J26_Funkby","olinetype":"BYLAYER","linetype":"","color":"0,255,255,254","ocolor":256,"color24":-1,"transparency":0,"lweight":-1,"linewidth":0.0,"ltscale":1.0,"visible":1,"width":0.0,"thickness":0.0,"ext":"(3:0,0,0.1)"},"geometry":{"type":"LineString","coordinates":[[14.142346,55.9847022,0.0],[14.142391,55.9846766,0.0],[14.1423453,55.9846514,0.0],[14.1423003,55.984677,0.0],[14.142346,55.9847022,0.0]]}},
{"type":"Feature","properties":{"fid":3151,"handle":100117,"block":-1,"etype":18,"space":0,"layer":"J26_Funkby","olinetype":"BYLAYER","linetype":"","color":"0,255,255,254","ocolor":256,"color24":-1,"transparency":0,"lweight":-1,"linewidth":0.0,"ltscale":1.0,"visible":1,"width":0.0,"thickness":0.0,"ext":"(3:0,0,0.1)"},"geometry":{"type":"LineString","coordinates":[[14.1423003,55.984677,0.0],[14.1423453,55.9846514,0.0],[14.1422997,55.9846262,0.0],[14.1422547,55.9846517,0.0],[14.1423003,55.984677,0.0]]}},
{"type":"Feature","properties":{"fid":3152,"handle":100122,"block":-1,"etype":18,"space":0,"layer":"J26_Funkby","olinetype":"BYLAYER","linetype":"","color":"0,255,255,254","ocolor":256,"color24":-1,"transparency":0,"lweight":-1,"linewidth":0.0,"ltscale":1.0,"visible":1,"width":0.0,"thickness":0.0,"ext":"(3:0,0,0.1)"},"geometry":{"type":"LineString","coordinates":[[14.1430885,55.9851627,0.0],[14.1431335,55.9851371,0.0],[14.1430878,55.9851119,0.0],[14.1430428,55.9851375,0.0],[14.1430885,55.9851627,0.0]]}},
{"type":"Feature","properties":{"fid":3153,"handle":100125,"block":-1,"etype":18,"space":0,"layer":"J26_Funkby","olinetype":"BYLAYER","linetype":"","color":"0,255,255,254","ocolor":256,"color24":-1,"transparency":0,"lweight":-1,"linewidth":0.0,"ltscale":1.0,"visible":1,"width":0.0,"thickness":0.0,"ext":"(3:0,0,0.1)"},"geometry":{"type":"LineString","coordinates":[[14.1431791,55.9851623,0.0],[14.1432241,55.9851367,0.0],[14.1431784,55.9851115,0.0],[14.1431335,55.9851371,0.0],[14.1431791,55.9851623,0.0]]}},
{"type":"Feature","properties":{"fid":3154,"handle":100126,"block":-1,"etype":18,"space":0,"layer":"J26_Funkby","olinetype":"BYLAYER","linetype":"","color":"0,255,255,254","ocolor":256,"color24":-1,"transparency":0,"lweight":-1,"linewidth":0.0,"ltscale":1.0,"visible":1,"width":0.0,"thickness":0.0,"ext":"(3:0,0,0.1)"},"geometry":{"type":"LineString","coordinates":[[14.1431335,55.9851371,0.0],[14.1431784,55.9851115,0.0],[14.1431328,55.9850863,0.0],[14.1430878,55.9851119,0.0],[14.1431335,55.9851371,0.0]]}},
{"type":"Feature","properties":{"fid":3155,"handle":100127,"block":-1,"etype":18,"space":0,"layer":"J26_Funkby","olinetype":"BYLAYER","linetype":"","color":"0,255,255,254","ocolor":256,"color24":-1,"transparency":0,"lweight":-1,"linewidth":0.0,"ltscale":1.0,"visible":1,"width":0.0,"thickness":0.0,"ext":"(3:0,0,0.1)"},"geometry":{"type":"LineString","coordinates":[[14.143412,55.9847665,0.0],[14.143457,55.9847409,0.0],[14.1434113,55.9847157,0.0],[14.1433664,55.9847413,0.0],[14.143412,55.9847665,0.0]]}},
{"type":"Feature","properties":{"fid":3156,"handle":100130,"block":-1,"etype":18,"space":0,"layer":"J26_Funkby","olinetype":"BYLAYER","linetype":"","color":"0,255,255,254","ocolor":256,"color24":-1,"transparency":0,"lweight":-1,"linewidth":0.0,"ltscale":1.0,"visible":1,"width":0.0,"thickness":0.0,"ext":"(3:0,0,0.1)"},"geometry":{"type":"LineString","coordinates":[[14.1434077,55.9850616,0.0],[14.1434527,55.985036,0.0],[14.1434071,55.9850108,0.0],[14.1433621,55.9850364,0.0],[14.1434077,55.9850616,0.0]]}},
{"type":"Feature","properties":{"fid":3157,"handle":100131,"block":-1,"etype":18,"space":0,"layer":"J26_Funkby","olinetype":"BYLAYER","linetype":"","color":"0,255,255,254","ocolor":256,"color24":-1,"transparency":0,"lweight":-1,"linewidth":0.0,"ltscale":1.0,"visible":1,"width":0.0,"thickness":0.0,"ext":"(3:0,0,0.1)"},"geometry":{"type":"LineString","coordinates":[[14.1433621,55.9850364,0.0],[14.1434071,55.9850108,0.0],[14.1433614,55.9849856,0.0],[14.1433164,55.9850112,0.0],[14.1433621,55.9850364,0.0]]}},
{"type":"Feature","properties":{"fid":3158,"handle":100132,"block":-1,"etype":18,"space":0,"layer":"J26_Funkby","olinetype":"BYLAYER","linetype":"","color":"0,255,255,254","ocolor":256,"color24":-1,"transparency":0,"lweight":-1,"linewidth":0.0,"ltscale":1.0,"visible":1,"width":0.0,"thickness":0.0,"ext":"(3:0,0,0.1)"},"geometry":{"type":"LineString","coordinates":[[14.1433164,55.9850112,0.0],[14.1433614,55.9849856,0.0],[14.1433158,55.9849604,0.0],[14.1432708,55.984986,0.0],[14.1433164,55.9850112,0.0]]}},
{"type":"Feature","properties":{"fid":3159,"handle":100134,"block":-1,"etype":18,"space":0,"layer":"J26_Funkby","olinetype":"BYLAYER","linetype":"","color":"0,255,255,254","ocolor":256,"color24":-1,"transparency":0,"lweight":-1,"linewidth":0.0,"ltscale":1.0,"visible":1,"width":0.0,"thickness":0.0,"ext":"(3:0,0,0.1)"},"geometry":{"type":"LineString","coordinates":[[14.1435483,55.9847913,0.0],[14.1435933,55.9847657,0.0],[14.1435476,55.9847405,0.0],[14.1435026,55.9847661,0.0],[14.1435483,55.9847913,0.0]]}},
{"type":"Feature","properties":{"fid":3160,"handle":100135,"block":-1,"etype":18,"space":0,"layer":"J26_Funkby","olinetype":"BYLAYER","linetype":"","color":"0,255,255,254","ocolor":256,"color24":-1,"transparency":0,"lweight":-1,"linewidth":0.0,"ltscale":1.0,"visible":1,"width":0.0,"thickness":0.0,"ext":"(3:0,0,0.1)"},"geometry":{"type":"LineString","coordinates":[[14.1435026,55.9847661,0.0],[14.1435476,55.9847405,0.0],[14.143502,55.9847153,0.0],[14.143457,55.9847409,0.0],[14.1435026,55.9847661,0.0]]}},
{"type":"Feature","properties":{"fid":3161,"handle":100136,"block":-1,"etype":18,"space":0,"layer":"J26_Funkby","olinetype":"BYLAYER","linetype":"","color":"0,255,255,254","ocolor":256,"color24":-1,"transparency":0,"lweight":-1,"linewidth":0.0,"ltscale":1.0,"visible":1,"width":0.0,"thickness":0.0,"ext":"(3:0,0,0.1)"},"geometry":{"type":"LineString","coordinates":[[14.143457,55.9847409,0.0],[14.143502,55.9847153,0.0],[14.1434563,55.9846901,0.0],[14.1434113,55.9847157,0.0],[14.143457,55.9847409,0.0]]}},
{"type":"Feature","properties":{"fid":3162,"handle":100137,"block":-1,"etype":18,"space":0,"layer":"J26_Funkby","olinetype":"BYLAYER","linetype":"","color":"0,255,255,254","ocolor":256,"color24":-1,"transparency":0,"lweight":-1,"linewidth":0.0,"ltscale":1.0,"visible":1,"width":0.0,"thickness":0.0,"ext":"(3:0,0,0.1)"},"geometry":{"type":"LineString","coordinates":[[14.1432747,55.9851263,0.0],[14.1433197,55.9851008,0.0],[14.143274,55.9850755,0.0],[14.143229,55.9851011,0.0],[14.1432747,55.9851263,0.0]]}},
{"type":"Feature","properties":{"fid":3163,"handle":100138,"block":-1,"etype":18,"space":0,"layer":"J26_Funkby","olinetype":"BYLAYER","linetype":"","color":"0,255,255,254","ocolor":256,"color24":-1,"transparency":0,"lweight":-1,"linewidth":0.0,"ltscale":1.0,"visible":1,"width":0.0,"thickness":0.0,"ext":"(3:0,0,0.1)"},"geometry":{"type":"LineString","coordinates":[[14.143229,55.9851011,0.0],[14.143274,55.9850755,0.0],[14.1432284,55.9850503,0.0],[14.1431834,55.9850759,0.0],[14.143229,55.9851011,0.0]]}},
{"type":"Feature","properties":{"fid":3164,"handle":100139,"block":-1,"etype":18,"space":0,"layer":"J26_Funkby","olinetype":"BYLAYER","linetype":"","color":"0,255,255,254","ocolor":256,"color24":-1,"transparency":0,"lweight":-1,"linewidth":0.0,"ltscale":1.0,"visible":1,"width":0.0,"thickness":0.0,"ext":"(3:0,0,0.1)"},"geometry":{"type":"LineString","coordinates":[[14.1431834,55.9850759,0.0],[14.1432284,55.9850503,0.0],[14.1431827,55.9850251,0.0],[14.1431377,55.9850507,0.0],[14.1431834,55.9850759,0.0]]}},
{"type":"Feature","properties":{"fid":3165,"handle":100140,"block":-1,"etype":18,"space":0,"layer":"J26_Funkby","olinetype":"BYLAYER","linetype":"","color":"0,255,255,254","ocolor":256,"color24":-1,"transparency":0,"lweight":-1,"linewidth":0.0,"ltscale":1.0,"visible":1,"width":0.0,"thickness":0.0,"ext":"(3:0,0,0.1)"},"geometry":{"type":"LineString","coordinates":[[14.1431377,55.9850507,0.0],[14.1431827,55.9850251,0.0],[14.1431371,55.9849999,0.0],[14.1430921,55.9850255,0.0],[14.1431377,55.9850507,0.0]]}},
{"type":"Feature","properties":{"fid":3166,"handle":100141,"block":-1,"etype":18,"space":0,"layer":"J26_Funkby","olinetype":"BYLAYER","linetype":"","color":"0,255,255,254","ocolor":256,"color24":-1,"transparency":0,"lweight":-1,"linewidth":0.0,"ltscale":1.0,"visible":1,"width":0.0,"thickness":0.0,"ext":"(3:0,0,0.1)"},"geometry":{"type":"LineString","coordinates":[[14.1433197,55.9851008,0.0],[14.1433646,55.9850752,0.0],[14.143319,55.98505,0.0],[14.143274,55.9850755,0.0],[14.1433197,55.9851008,0.0]]}},
{"type":"Feature","properties":{"fid":3167,"handle":100142,"block":-1,"etype":18,"space":0,"layer":"J26_Funkby","olinetype":"BYLAYER","linetype":"","color":"0,255,255,254","ocolor":256,"color24":-1,"transparency":0,"lweight":-1,"linewidth":0.0,"ltscale":1.0,"visible":1,"width":0.0,"thickness":0.0,"ext":"(3:0,0,0.1)"},"geometry":{"type":"LineString","coordinates":[[14.143274,55.9850755,0.0],[14.143319,55.98505,0.0],[14.1432733,55.9850247,0.0],[14.1432284,55.9850503,0.0],[14.143274,55.9850755,0.0]]}},
{"type":"Feature","properties":{"fid":3168,"handle":100143,"block":-1,"etype":18,"space":0,"layer":"J26_Funkby","olinetype":"BYLAYER","linetype":"","color":"0,255,255,254","ocolor":256,"color24":-1,"transparency":0,"lweight":-1,"linewidth":0.0,"ltscale":1.0,"visible":1,"width":0.0,"thickness":0.0,"ext":"(3:0,0,0.1)"},"geometry":{"type":"LineString","coordinates":[[14.1432284,55.9850503,0.0],[14.1432733,55.9850247,0.0],[14.1432277,55.9849995,0.0],[14.1431827,55.9850251,0.0],[14.1432284,55.9850503,0.0]]}},
{"type":"Feature","properties":{"fid":3169,"handle":100144,"block":-1,"etype":18,"space":0,"layer":"J26_Funkby","olinetype":"BYLAYER","linetype":"","color":"0,255,255,254","ocolor":256,"color24":-1,"transparency":0,"lweight":-1,"linewidth":0.0,"ltscale":1.0,"visible":1,"width":0.0,"thickness":0.0,"ext":"(3:0,0,0.1)"},"geometry":{"type":"LineString","coordinates":[[14.1431827,55.9850251,0.0],[14.1432277,55.9849995,0.0],[14.143182,55.9849743,0.0],[14.1431371,55.9849999,0.0],[14.1431827,55.9850251,0.0]]}},
{"type":"Feature","properties":{"fid":3170,"handle":100145,"block":-1,"etype":18,"space":0,"layer":"J26_Funkby","olinetype":"BYLAYER","linetype":"","color":"0,255,255,254","ocolor":256,"color24":-1,"transparency":0,"lweight":-1,"linewidth":0.0,"ltscale":1.0,"visible":1,"width":0.0,"thickness":0.0,"ext":"(3:0,0,0.1)"},"geometry":{"type":"LineString","coordinates":[[14.1430428,55.9851375,0.0],[14.1430878,55.9851119,0.0],[14.1430422,55.9850867,0.0],[14.1429972,55.9851123,0.0],[14.1430428,55.9851375,0.0]]}},
{"type":"Feature","properties":{"fid":3171,"handle":100146,"block":-1,"etype":18,"space":0,"layer":"J26_Funkby","olinetype":"BYLAYER","linetype":"","color":"0,255,255,254","ocolor":256,"color24":-1,"transparency":0,"lweight":-1,"linewidth":0.0,"ltscale":1.0,"visible":1,"width":0.0,"thickness":0.0,"ext":"(3:0,0,0.1)"},"geometry":{"type":"LineString","coordinates":[[14.1429972,55.9851123,0.0],[14.1430422,55.9850867,0.0],[14.1429965,55.9850615,0.0],[14.1429515,55.985087,0.0],[14.1429972,55.9851123,0.0]]}},
{"type":"Feature","properties":{"fid":3172,"handle":100147,"block":-1,"etype":18,"space":0,"layer":"J26_Funkby","olinetype":"BYLAYER","linetype":"","color":"0,255,255,254","ocolor":256,"color24":-1,"transparency":0,"lweight":-1,"linewidth":0.0,"ltscale":1.0,"visible":1,"width":0.0,"thickness":0.0,"ext":"(3:0,0,0.1)"},"geometry":{"type":"LineString","coordinates":[[14.1429515,55.985087,0.0],[14.1429965,55.9850615,0.0],[14.1429509,55.9850362,0.0],[14.1429059,55.9850618,0.0],[14.1429515,55.985087,0.0]]}},
{"type":"Feature","properties":{"fid":3173,"handle":100148,"block":-1,"etype":18,"space":0,"layer":"J26_Funkby","olinetype":"BYLAYER","linetype":"","color":"0,255,255,254","ocolor":256,"color24":-1,"transparency":0,"lweight":-1,"linewidth":0.0,"ltscale":1.0,"visible":1,"width":0.0,"thickness":0.0,"ext":"(3:0,0,0.1)"},"geometry":{"type":"LineString","coordinates":[[14.1429059,55.9850618,0.0],[14.1429509,55.9850362,0.0],[14.1429052,55.985011,0.0],[14.1428602,55.9850366,0.0],[14.1429059,55.9850618,0.0]]}},
{"type":"Feature","properties":{"fid":3174,"handle":100149,"block":-1,"etype":18,"space":0,"layer":"J26_Funkby","olinetype":"BYLAYER","linetype":"","color":"0,255,255,254","ocolor":256,"color24":-1,"transparency":0,"lweight":-1,"linewidth":0.0,"ltscale":1.0,"visible":1,"width":0.0,"thickness":0.0,"ext":"(3:0,0,0.1)"},"geometry":{"type":"LineString","coordinates":[[14.1430878,55.9851119,0.0],[14.1431328,55.9850863,0.0],[14.1430871,55.9850611,0.0],[14.1430422,55.9850867,0.0],[14.1430878,55.9851119,0.0]]}},
{"type":"Feature","properties":{"fid":3175,"handle":100150,"block":-1,"etype":18,"space":0,"layer":"J26_Funkby","olinetype":"BYLAYER","linetype":"","color":"0,255,255,254","ocolor":256,"color24":-1,"transparency":0,"lweight":-1,"linewidth":0.0,"ltscale":1.0,"visible":1,"width":0.0,"thickness":0.0,"ext":"(3:0,0,0.1)"},"geometry":{"type":"LineString","coordinates":[[14.1430422,55.9850867,0.0],[14.1430871,55.9850611,0.0],[14.1430415,55.9850359,0.0],[14.1429965,55.9850615,0.0],[14.1430422,55.9850867,0.0]]}},
{"type":"Feature","properties":{"fid":3176,"handle":100151,"block":-1,"etype":18,"space":0,"layer":"J26_Funkby","olinetype":"BYLAYER","linetype":"","color":"0,255,255,254","ocolor":256,"color24":-1,"transparency":0,"lweight":-1,"linewidth":0.0,"ltscale":1.0,"visible":1,"width":0.0,"thickness":0.0,"ext":"(3:0,0,0.1)"},"geometry":{"type":"LineString","coordinates":[[14.1429965,55.9850615,0.0],[14.1430415,55.9850359,0.0],[14.1429958,55.9850106,0.0],[14.1429509,55.9850362,0.0],[14.1429965,55.9850615,0.0]]}},
{"type":"Feature","properties":{"fid":3177,"handle":100152,"block":-1,"etype":18,"space":0,"layer":"J26_Funkby","olinetype":"BYLAYER","linetype":"","color":"0,255,255,254","ocolor":256,"color24":-1,"transparency":0,"lweight":-1,"linewidth":0.0,"ltscale":1.0,"visible":1,"width":0.0,"thickness":0.0,"ext":"(3:0,0,0.1)"},"geometry":{"type":"LineString","coordinates":[[14.1429509,55.9850362,0.0],[14.1429958,55.9850106,0.0],[14.1429502,55.9849854,0.0],[14.1429052,55.985011,0.0],[14.1429509,55.9850362,0.0]]}},
{"type":"Feature","properties":{"fid":3180,"handle":100182,"block":-1,"etype":18,"space":0,"layer":"J26_Funkby","olinetype":"BYLAYER","linetype":"","color":"0,255,255,254","ocolor":256,"color24":-1,"transparency":0,"lweight":-1,"linewidth":0.0,"ltscale":1.0,"visible":1,"width":0.0,"thickness":0.0,"ext":"(3:0,0,0.1)"},"geometry":{"type":"LineString","coordinates":[[14.1433617,55.9848975,0.0],[14.1434066,55.9848719,0.0],[14.143361,55.9848467,0.0],[14.143316,55.9848723,0.0],[14.1433617,55.9848975,0.0]]}},
{"type":"Feature","properties":{"fid":3181,"handle":100183,"block":-1,"etype":18,"space":0,"layer":"J26_Funkby","olinetype":"BYLAYER","linetype":"","color":"0,255,255,254","ocolor":256,"color24":-1,"transparency":0,"lweight":-1,"linewidth":0.0,"ltscale":1.0,"visible":1,"width":0.0,"thickness":0.0,"ext":"(3:0,0,0.1)"},"geometry":{"type":"LineString","coordinates":[[14.143316,55.9848723,0.0],[14.143361,55.9848467,0.0],[14.1433153,55.9848215,0.0],[14.1432704,55.9848471,0.0],[14.143316,55.9848723,0.0]]}},
{"type":"Feature","properties":{"fid":3182,"handle":100184,"block":-1,"etype":18,"space":0,"layer":"J26_Funkby","olinetype":"BYLAYER","linetype":"","color":"0,255,255,254","ocolor":256,"color24":-1,"transparency":0,"lweight":-1,"linewidth":0.0,"ltscale":1.0,"visible":1,"width":0.0,"thickness":0.0,"ext":"(3:0,0,0.1)"},"geometry":{"type":"LineString","coordinates":[[14.1432704,55.9848471,0.0],[14.1433153,55.9848215,0.0],[14.1432697,55.9847963,0.0],[14.1432247,55.9848219,0.0],[14.1432704,55.9848471,0.0]]}},
{"type":"Feature","properties":{"fid":3375,"handle":100544,"block":-1,"etype":18,"space":0,"layer":"J26_Funkby","olinetype":"BYLAYER","linetype":"","color":"0,255,255,254","ocolor":256,"color24":-1,"transparency":0,"lweight":-1,"linewidth":0.0,"ltscale":1.0,"visible":1,"width":0.0,"thickness":0.0,"ext":"(3:0,0,0.1)"},"geometry":{"type":"LineString","coordinates":[[14.1434073,55.9849227,0.0],[14.1434523,55.9848971,0.0],[14.1434066,55.9848719,0.0],[14.1433617,55.9848975,0.0],[14.1434073,55.9849227,0.0]]}},
{"type":"Feature","properties":{"fid":3376,"handle":100545,"block":-1,"etype":18,"space":0,"layer":"J26_Funkby","olinetype":"BYLAYER","linetype":"","color":"0,255,255,254","ocolor":256,"color24":-1,"transparency":0,"lweight":-1,"linewidth":0.0,"ltscale":1.0,"visible":1,"width":0.0,"thickness":0.0,"ext":"(3:0,0,0.1)"},"geometry":{"type":"LineString","coordinates":[[14.1442441,55.9846785,17.411],[14.1443082,55.984678,17.411],[14.1443073,55.9846421,17.411],[14.1442432,55.9846426,17.411],[14.1442441,55.9846785,17.411]]}},
{"type":"Feature","properties":{"fid":3377,"handle":100565,"block":-1,"etype":18,"space":0,"layer":"J26_Funkby","olinetype":"BYLAYER","linetype":"","color":"0,255,255,254","ocolor":256,"color24":-1,"transparency":0,"lweight":-1,"linewidth":0.0,"ltscale":1.0,"visible":1,"width":0.0,"thickness":0.0,"ext":"(3:0,0,0.1)"},"geometry":{"type":"LineString","coordinates":[[14.1410892,55.9837574,0.0],[14.1410621,55.98379,0.0],[14.1411202,55.9838052,0.0],[14.1411473,55.9837726,0.0],[14.1410892,55.9837574,0.0]]}},
{"type":"Feature","properties":{"fid":3378,"handle":100566,"block":-1,"etype":18,"space":0,"layer":"J26_Funkby","olinetype":"BYLAYER","linetype":"","color":"0,255,255,254","ocolor":256,"color24":-1,"transparency":0,"lweight":-1,"linewidth":0.0,"ltscale":1.0,"visible":1,"width":0.0,"thickness":0.0,"ext":"(3:0,0,0.1)"},"geometry":{"type":"LineString","coordinates":[[14.1411473,55.9837726,0.0],[14.1411202,55.9838052,0.0],[14.1411783,55.9838203,0.0],[14.1412054,55.9837878,0.0],[14.1411473,55.9837726,0.0]]}},
{"type":"Feature","properties":{"fid":3379,"handle":100567,"block":-1,"etype":18,"space":0,"layer":"J26_Funkby","olinetype":"BYLAYER","linetype":"","color":"0,255,255,254","ocolor":256,"color24":-1,"transparency":0,"lweight":-1,"linewidth":0.0,"ltscale":1.0,"visible":1,"width":0.0,"thickness":0.0,"ext":"(3:0,0,0.1)"},"geometry":{"type":"LineString","coordinates":[[14.1412054,55.9837878,0.0],[14.1411783,55.9838203,0.0],[14.1412363,55.9838355,0.0],[14.1412634,55.983803,0.0],[14.1412054,55.9837878,0.0]]}},
{"type":"Feature","properties":{"fid":3380,"handle":100568,"block":-1,"etype":18,"space":0,"layer":"J26_Funkby","olinetype":"BYLAYER","linetype":"","color":"0,255,255,254","ocolor":256,"color24":-1,"transparency":0,"lweight":-1,"linewidth":0.0,"ltscale":1.0,"visible":1,"width":0.0,"thickness":0.0,"ext":"(3:0,0,0.1)"},"geometry":{"type":"LineString","coordinates":[[14.1412634,55.983803,0.0],[14.1412363,55.9838355,0.0],[14.1412944,55.9838507,0.0],[14.1413215,55.9838182,0.0],[14.1412634,55.983803,0.0]]}},
{"type":"Feature","properties":{"fid":3381,"handle":100570,"block":-1,"etype":18,"space":0,"layer":"J26_Funkby","olinetype":"BYLAYER","linetype":"","color":"0,255,255,254","ocolor":256,"color24":-1,"transparency":0,"lweight":-1,"linewidth":0.0,"ltscale":1.0,"visible":1,"width":0.0,"thickness":0.0,"ext":"(3:0,0,0.1)"},"geometry":{"type":"LineString","coordinates":[[14.1411202,55.9838052,0.0],[14.1410931,55.9838377,0.0],[14.1411512,55.9838529,0.0],[14.1411783,55.9838203,0.0],[14.1411202,55.9838052,0.0]]}},
{"type":"Feature","properties":{"fid":3382,"handle":100571,"block":-1,"etype":18,"space":0,"layer":"J26_Funkby","olinetype":"BYLAYER","linetype":"","color":"0,255,255,254","ocolor":256,"color24":-1,"transparency":0,"lweight":-1,"linewidth":0.0,"ltscale":1.0,"visible":1,"width":0.0,"thickness":0.0,"ext":"(3:0,0,0.1)"},"geometry":{"type":"LineString","coordinates":[[14.1411783,55.9838203,0.0],[14.1411512,55.9838529,0.0],[14.1412092,55.9838681,0.0],[14.1412363,55.9838355,0.0],[14.1411783,55.9838203,0.0]]}},
{"type":"Feature","properties":{"fid":3383,"handle":100572,"block":-1,"etype":18,"space":0,"layer":"J26_Funkby","olinetype":"BYLAYER","linetype":"","color":"0,255,255,254","ocolor":256,"color24":-1,"transparency":0,"lweight":-1,"linewidth":0.0,"ltscale":1.0,"visible":1,"width":0.0,"thickness":0.0,"ext":"(3:0,0,0.1)"},"geometry":{"type":"LineString","coordinates":[[14.1412363,55.9838355,0.0],[14.1412092,55.9838681,0.0],[14.1412673,55.9838833,0.0],[14.1412944,55.9838507,0.0],[14.1412363,55.9838355,0.0]]}},
{"type":"Feature","properties":{"fid":3384,"handle":100574,"block":-1,"etype":18,"space":0,"layer":"J26_Funkby","olinetype":"BYLAYER","linetype":"","color":"0,255,255,254","ocolor":256,"color24":-1,"transparency":0,"lweight":-1,"linewidth":0.0,"ltscale":1.0,"visible":1,"width":0.0,"thickness":0.0,"ext":"(3:0,0,0.1)"},"geometry":{"type":"LineString","coordinates":[[14.141036,55.9840706,0.0],[14.1410942,55.9840858,0.0],[14.1411211,55.9840532,0.0],[14.141063,55.984038,0.0],[14.141036,55.9840706,0.0]]}},
{"type":"Feature","properties":{"fid":3385,"handle":100575,"block":-1,"etype":18,"space":0,"layer":"J26_Funkby","olinetype":"BYLAYER","linetype":"","color":"0,255,255,254","ocolor":256,"color24":-1,"transparency":0,"lweight":-1,"linewidth":0.0,"ltscale":1.0,"visible":1,"width":0.0,"thickness":0.0,"ext":"(3:0,0,0.1)"},"geometry":{"type":"LineString","coordinates":[[14.141063,55.984038,0.0],[14.1411211,55.9840532,0.0],[14.1411481,55.9840206,0.0],[14.14109,55.9840055,0.0],[14.141063,55.984038,0.0]]}},
{"type":"Feature","properties":{"fid":3386,"handle":100576,"block":-1,"etype":18,"space":0,"layer":"J26_Funkby","olinetype":"BYLAYER","linetype":"","color":"0,255,255,254","ocolor":256,"color24":-1,"transparency":0,"lweight":-1,"linewidth":0.0,"ltscale":1.0,"visible":1,"width":0.0,"thickness":0.0,"ext":"(3:0,0,0.1)"},"geometry":{"type":"LineString","coordinates":[[14.14109,55.9840055,0.0],[14.1411481,55.9840206,0.0],[14.1411751,55.983988,0.0],[14.141117,55.9839729,0.0],[14.14109,55.9840055,0.0]]}},
{"type":"Feature","properties":{"fid":3387,"handle":100577,"block":-1,"etype":18,"space":0,"layer":"J26_Funkby","olinetype":"BYLAYER","linetype":"","color":"0,255,255,254","ocolor":256,"color24":-1,"transparency":0,"lweight":-1,"linewidth":0.0,"ltscale":1.0,"visible":1,"width":0.0,"thickness":0.0,"ext":"(3:0,0,0.1)"},"geometry":{"type":"LineString","coordinates":[[14.141117,55.9839729,0.0],[14.1411751,55.983988,0.0],[14.1412021,55.9839554,0.0],[14.141144,55.9839403,0.0],[14.141117,55.9839729,0.0]]}},
{"type":"Feature","properties":{"fid":3388,"handle":100578,"block":-1,"etype":18,"space":0,"layer":"J26_Funkby","olinetype":"BYLAYER","linetype":"","color":"0,255,255,254","ocolor":256,"color24":-1,"transparency":0,"lweight":-1,"linewidth":0.0,"ltscale":1.0,"visible":1,"width":0.0,"thickness":0.0,"ext":"(3:0,0,0.1)"},"geometry":{"type":"LineString","coordinates":[[14.1410942,55.9840858,0.0],[14.1411523,55.9841009,0.0],[14.1411793,55.9840683,0.0],[14.1411211,55.9840532,0.0],[14.1410942,55.9840858,0.0]]}},
{"type":"Feature","properties":{"fid":3389,"handle":100579,"block":-1,"etype":18,"space":0,"layer":"J26_Funkby","olinetype":"BYLAYER","linetype":"","color":"0,255,255,254","ocolor":256,"color24":-1,"transparency":0,"lweight":-1,"linewidth":0.0,"ltscale":1.0,"visible":1,"width":0.0,"thickness":0.0,"ext":"(3:0,0,0.1)"},"geometry":{"type":"LineString","coordinates":[[14.1411211,55.9840532,0.0],[14.1411793,55.9840683,0.0],[14.1412063,55.9840357,0.0],[14.1411481,55.9840206,0.0],[14.1411211,55.9840532,0.0]]}},
{"type":"Feature","properties":{"fid":3390,"handle":100580,"block":-1,"etype":18,"space":0,"layer":"J26_Funkby","olinetype":"BYLAYER","linetype":"","color":"0,255,255,254","ocolor":256,"color24":-1,"transparency":0,"lweight":-1,"linewidth":0.0,"ltscale":1.0,"visible":1,"width":0.0,"thickness":0.0,"ext":"(3:0,0,0.1)"},"geometry":{"type":"LineString","coordinates":[[14.1411481,55.9840206,0.0],[14.1412063,55.9840357,0.0],[14.1412332,55.9840031,0.0],[14.1411751,55.983988,0.0],[14.1411481,55.9840206,0.0]]}},
{"type":"Feature","properties":{"fid":3391,"handle":100581,"block":-1,"etype":18,"space":0,"layer":"J26_Funkby","olinetype":"BYLAYER","linetype":"","color":"0,255,255,254","ocolor":256,"color24":-1,"transparency":0,"lweight":-1,"linewidth":0.0,"ltscale":1.0,"visible":1,"width":0.0,"thickness":0.0,"ext":"(3:0,0,0.1)"},"geometry":{"type":"LineString","coordinates":[[14.1411751,55.983988,0.0],[14.1412332,55.9840031,0.0],[14.1412602,55.9839705,0.0],[14.1412021,55.9839554,0.0],[14.1411751,55.983988,0.0]]}},
{"type":"Feature","properties":{"fid":3392,"handle":100600,"block":-1,"etype":18,"space":0,"layer":"J26_Funkby","olinetype":"BYLAYER","linetype":"","color":"0,255,255,254","ocolor":256,"color24":-1,"transparency":0,"lweight":-1,"linewidth":0.0,"ltscale":1.0,"visible":1,"width":0.0,"thickness":0.0,"ext":"(3:0,0,0.1)"},"geometry":{"type":"LineString","coordinates":[[14.1411241,55.9838856,0.0],[14.1411822,55.9839007,0.0],[14.1412092,55.9838681,0.0],[14.1411511,55.983853,0.0],[14.1411241,55.9838856,0.0]]}},
{"type":"Feature","properties":{"fid":3393,"handle":100601,"block":-1,"etype":18,"space":0,"layer":"J26_Funkby","olinetype":"BYLAYER","linetype":"","color":"0,255,255,254","ocolor":256,"color24":-1,"transparency":0,"lweight":-1,"linewidth":0.0,"ltscale":1.0,"visible":1,"width":0.0,"thickness":0.0,"ext":"(3:0,0,0.1)"},"geometry":{"type":"LineString","coordinates":[[14.1411822,55.9839007,0.0],[14.1412403,55.9839159,0.0],[14.1412673,55.9838833,0.0],[14.1412092,55.9838681,0.0],[14.1411822,55.9839007,0.0]]}},
{"type":"Feature","properties":{"fid":3394,"handle":100603,"block":-1,"etype":18,"space":0,"layer":"J26_Funkby","olinetype":"BYLAYER","linetype":"","color":"0,255,255,254","ocolor":256,"color24":-1,"transparency":0,"lweight":-1,"linewidth":0.0,"ltscale":1.0,"visible":1,"width":0.0,"thickness":0.0,"ext":"(3:0,0,0.1)"},"geometry":{"type":"LineString","coordinates":[[14.141066,55.9838705,0.0],[14.1411241,55.9838856,0.0],[14.1411511,55.983853,0.0],[14.1410929,55.9838379,0.0],[14.141066,55.9838705,0.0]]}},
{"type":"Feature","properties":{"fid":3395,"handle":100604,"block":-1,"etype":18,"space":0,"layer":"J26_Funkby","olinetype":"BYLAYER","linetype":"","color":"0,255,255,254","ocolor":256,"color24":-1,"transparency":0,"lweight":-1,"linewidth":0.0,"ltscale":1.0,"visible":1,"width":0.0,"thickness":0.0,"ext":"(3:0,0,0.1)"},"geometry":{"type":"LineString","coordinates":[[14.1411687,55.9841448,0.0],[14.1412269,55.9841599,0.0],[14.1412538,55.9841273,0.0],[14.1411957,55.9841122,0.0],[14.1411687,55.9841448,0.0]]}},
{"type":"Feature","properties":{"fid":3396,"handle":100605,"block":-1,"etype":18,"space":0,"layer":"J26_Funkby","olinetype":"BYLAYER","linetype":"","color":"0,255,255,254","ocolor":256,"color24":-1,"transparency":0,"lweight":-1,"linewidth":0.0,"ltscale":1.0,"visible":1,"width":0.0,"thickness":0.0,"ext":"(3:0,0,0.1)"},"geometry":{"type":"LineString","coordinates":[[14.1411957,55.9841122,0.0],[14.1412538,55.9841273,0.0],[14.1412808,55.9840947,0.0],[14.1412227,55.9840796,0.0],[14.1411957,55.9841122,0.0]]}},
{"type":"Feature","properties":{"fid":3397,"handle":100606,"block":-1,"etype":18,"space":0,"layer":"J26_Funkby","olinetype":"BYLAYER","linetype":"","color":"0,255,255,254","ocolor":256,"color24":-1,"transparency":0,"lweight":-1,"linewidth":0.0,"ltscale":1.0,"visible":1,"width":0.0,"thickness":0.0,"ext":"(3:0,0,0.1)"},"geometry":{"type":"LineString","coordinates":[[14.1412227,55.9840796,0.0],[14.1412808,55.9840947,0.0],[14.1413078,55.9840621,0.0],[14.1412497,55.984047,0.0],[14.1412227,55.9840796,0.0]]}},
{"type":"Feature","properties":{"fid":3398,"handle":100607,"block":-1,"etype":18,"space":0,"layer":"J26_Funkby","olinetype":"BYLAYER","linetype":"","color":"0,255,255,254","ocolor":256,"color24":-1,"transparency":0,"lweight":-1,"linewidth":0.0,"ltscale":1.0,"visible":1,"width":0.0,"thickness":0.0,"ext":"(3:0,0,0.1)"},"geometry":{"type":"LineString","coordinates":[[14.1412497,55.984047,0.0],[14.1413078,55.9840621,0.0],[14.1413348,55.9840296,0.0],[14.1412767,55.9840144,0.0],[14.1412497,55.984047,0.0]]}},
{"type":"Feature","properties":{"fid":3399,"handle":100608,"block":-1,"etype":18,"space":0,"layer":"J26_Funkby","olinetype":"BYLAYER","linetype":"","color":"0,255,255,254","ocolor":256,"color24":-1,"transparency":0,"lweight":-1,"linewidth":0.0,"ltscale":1.0,"visible":1,"width":0.0,"thickness":0.0,"ext":"(3:0,0,0.1)"},"geometry":{"type":"LineString","coordinates":[[14.1412269,55.9841599,0.0],[14.141285,55.984175,0.0],[14.141312,55.9841424,0.0],[14.1412538,55.9841273,0.0],[14.1412269,55.9841599,0.0]]}},
{"type":"Feature","properties":{"fid":3400,"handle":100609,"block":-1,"etype":18,"space":0,"layer":"J26_Funkby","olinetype":"BYLAYER","linetype":"","color":"0,255,255,254","ocolor":256,"color24":-1,"transparency":0,"lweight":-1,"linewidth":0.0,"ltscale":1.0,"visible":1,"width":0.0,"thickness":0.0,"ext":"(3:0,0,0.1)"},"geometry":{"type":"LineString","coordinates":[[14.1412538,55.9841273,0.0],[14.141312,55.9841424,0.0],[14.141339,55.9841098,0.0],[14.1412808,55.9840947,0.0],[14.1412538,55.9841273,0.0]]}},
{"type":"Feature","properties":{"fid":3401,"handle":100610,"block":-1,"etype":18,"space":0,"layer":"J26_Funkby","olinetype":"BYLAYER","linetype":"","color":"0,255,255,254","ocolor":256,"color24":-1,"transparency":0,"lweight":-1,"linewidth":0.0,"ltscale":1.0,"visible":1,"width":0.0,"thickness":0.0,"ext":"(3:0,0,0.1)"},"geometry":{"type":"LineString","coordinates":[[14.1412808,55.9840947,0.0],[14.141339,55.9841098,0.0],[14.1413659,55.9840773,0.0],[14.1413078,55.9840621,0.0],[14.1412808,55.9840947,0.0]]}},
{"type":"Feature","properties":{"fid":3402,"handle":100611,"block":-1,"etype":18,"space":0,"layer":"J26_Funkby","olinetype":"BYLAYER","linetype":"","color":"0,255,255,254","ocolor":256,"color24":-1,"transparency":0,"lweight":-1,"linewidth":0.0,"ltscale":1.0,"visible":1,"width":0.0,"thickness":0.0,"ext":"(3:0,0,0.1)"},"geometry":{"type":"LineString","coordinates":[[14.1413078,55.9840621,0.0],[14.1413659,55.9840773,0.0],[14.1413929,55.9840447,0.0],[14.1413348,55.9840296,0.0],[14.1413078,55.9840621,0.0]]}},
{"type":"Feature","properties":{"fid":3403,"handle":100613,"block":-1,"etype":18,"space":0,"layer":"J26_Funkby","olinetype":"BYLAYER","linetype":"","color":"0,255,255,254","ocolor":256,"color24":-1,"transparency":0,"lweight":-1,"linewidth":0.0,"ltscale":1.0,"visible":1,"width":0.0,"thickness":0.0,"ext":"(3:0,0,0.1)"},"geometry":{"type":"LineString","coordinates":[[14.1410406,55.9842995,0.0],[14.1410987,55.9843147,0.0],[14.1411257,55.9842821,0.0],[14.1410676,55.984267,0.0],[14.1410406,55.9842995,0.0]]}},
{"type":"Feature","properties":{"fid":3404,"handle":100614,"block":-1,"etype":18,"space":0,"layer":"J26_Funkby","olinetype":"BYLAYER","linetype":"","color":"0,255,255,254","ocolor":256,"color24":-1,"transparency":0,"lweight":-1,"linewidth":0.0,"ltscale":1.0,"visible":1,"width":0.0,"thickness":0.0,"ext":"(3:0,0,0.1)"},"geometry":{"type":"LineString","coordinates":[[14.1410676,55.984267,0.0],[14.1411257,55.9842821,0.0],[14.1411527,55.9842495,0.0],[14.1410945,55.9842344,0.0],[14.1410676,55.984267,0.0]]}},
{"type":"Feature","properties":{"fid":3405,"handle":100615,"block":-1,"etype":18,"space":0,"layer":"J26_Funkby","olinetype":"BYLAYER","linetype":"","color":"0,255,255,254","ocolor":256,"color24":-1,"transparency":0,"lweight":-1,"linewidth":0.0,"ltscale":1.0,"visible":1,"width":0.0,"thickness":0.0,"ext":"(3:0,0,0.1)"},"geometry":{"type":"LineString","coordinates":[[14.1410945,55.9842344,0.0],[14.1411527,55.9842495,0.0],[14.1411796,55.9842169,0.0],[14.1411215,55.9842018,0.0],[14.1410945,55.9842344,0.0]]}},
{"type":"Feature","properties":{"fid":3406,"handle":100616,"block":-1,"etype":18,"space":0,"layer":"J26_Funkby","olinetype":"BYLAYER","linetype":"","color":"0,255,255,254","ocolor":256,"color24":-1,"transparency":0,"lweight":-1,"linewidth":0.0,"ltscale":1.0,"visible":1,"width":0.0,"thickness":0.0,"ext":"(3:0,0,0.1)"},"geometry":{"type":"LineString","coordinates":[[14.1411215,55.9842018,0.0],[14.1411796,55.9842169,0.0],[14.1412066,55.9841843,0.0],[14.1411485,55.9841692,0.0],[14.1411215,55.9842018,0.0]]}},
{"type":"Feature","properties":{"fid":3407,"handle":100617,"block":-1,"etype":18,"space":0,"layer":"J26_Funkby","olinetype":"BYLAYER","linetype":"","color":"0,255,255,254","ocolor":256,"color24":-1,"transparency":0,"lweight":-1,"linewidth":0.0,"ltscale":1.0,"visible":1,"width":0.0,"thickness":0.0,"ext":"(3:0,0,0.1)"},"geometry":{"type":"LineString","coordinates":[[14.1410987,55.9843147,0.0],[14.1411568,55.9843298,0.0],[14.1411838,55.9842972,0.0],[14.1411257,55.9842821,0.0],[14.1410987,55.9843147,0.0]]}},
{"type":"Feature","properties":{"fid":3408,"handle":100618,"block":-1,"etype":18,"space":0,"layer":"J26_Funkby","olinetype":"BYLAYER","linetype":"","color":"0,255,255,254","ocolor":256,"color24":-1,"transparency":0,"lweight":-1,"linewidth":0.0,"ltscale":1.0,"visible":1,"width":0.0,"thickness":0.0,"ext":"(3:0,0,0.1)"},"geometry":{"type":"LineString","coordinates":[[14.1411257,55.9842821,0.0],[14.1411838,55.9842972,0.0],[14.1412108,55.9842646,0.0],[14.1411527,55.9842495,0.0],[14.1411257,55.9842821,0.0]]}},
{"type":"Feature","properties":{"fid":3409,"handle":100619,"block":-1,"etype":18,"space":0,"layer":"J26_Funkby","olinetype":"BYLAYER","linetype":"","color":"0,255,255,254","ocolor":256,"color24":-1,"transparency":0,"lweight":-1,"linewidth":0.0,"ltscale":1.0,"visible":1,"width":0.0,"thickness":0.0,"ext":"(3:0,0,0.1)"},"geometry":{"type":"LineString","coordinates":[[14.1411527,55.9842495,0.0],[14.1412108,55.9842646,0.0],[14.1412378,55.984232,0.0],[14.1411796,55.9842169,0.0],[14.1411527,55.9842495,0.0]]}},
{"type":"Feature","properties":{"fid":3410,"handle":100620,"block":-1,"etype":18,"space":0,"layer":"J26_Funkby","olinetype":"BYLAYER","linetype":"","color":"0,255,255,254","ocolor":256,"color24":-1,"transparency":0,"lweight":-1,"linewidth":0.0,"ltscale":1.0,"visible":1,"width":0.0,"thickness":0.0,"ext":"(3:0,0,0.1)"},"geometry":{"type":"LineString","coordinates":[[14.1411796,55.9842169,0.0],[14.1412378,55.984232,0.0],[14.1412648,55.9841995,0.0],[14.1412066,55.9841843,0.0],[14.1411796,55.9842169,0.0]]}},
{"type":"Feature","properties":{"fid":3411,"handle":100623,"block":-1,"etype":18,"space":0,"layer":"J26_Funkby","olinetype":"BYLAYER","linetype":"","color":"0,255,255,254","ocolor":256,"color24":-1,"transparency":0,"lweight":-1,"linewidth":0.0,"ltscale":1.0,"visible":1,"width":0.0,"thickness":0.0,"ext":"(3:0,0,0.1)"},"geometry":{"type":"LineString","coordinates":[[14.1409146,55.9842173,0.0],[14.1409727,55.9842324,0.0],[14.1409997,55.9841998,0.0],[14.1409416,55.9841847,0.0],[14.1409146,55.9842173,0.0]]}},
{"type":"Feature","properties":{"fid":3412,"handle":100624,"block":-1,"etype":18,"space":0,"layer":"J26_Funkby","olinetype":"BYLAYER","linetype":"","color":"0,255,255,254","ocolor":256,"color24":-1,"transparency":0,"lweight":-1,"linewidth":0.0,"ltscale":1.0,"visible":1,"width":0.0,"thickness":0.0,"ext":"(3:0,0,0.1)"},"geometry":{"type":"LineString","coordinates":[[14.1409618,55.9841602,0.0],[14.14102,55.9841754,0.0],[14.1410469,55.9841428,0.0],[14.1409888,55.9841276,0.0],[14.1409618,55.9841602,0.0]]}},
{"type":"Feature","properties":{"fid":3413,"handle":100625,"block":-1,"etype":18,"space":0,"layer":"J26_Funkby","olinetype":"BYLAYER","linetype":"","color":"0,255,255,254","ocolor":256,"color24":-1,"transparency":0,"lweight":-1,"linewidth":0.0,"ltscale":1.0,"visible":1,"width":0.0,"thickness":0.0,"ext":"(3:0,0,0.1)"},"geometry":{"type":"LineString","coordinates":[[14.1409888,55.9841276,0.0],[14.1410469,55.9841428,0.0],[14.1410739,55.9841102,0.0],[14.1410158,55.9840951,0.0],[14.1409888,55.9841276,0.0]]}},
{"type":"Feature","properties":{"fid":3414,"handle":100626,"block":-1,"etype":18,"space":0,"layer":"J26_Funkby","olinetype":"BYLAYER","linetype":"","color":"0,255,255,254","ocolor":256,"color24":-1,"transparency":0,"lweight":-1,"linewidth":0.0,"ltscale":1.0,"visible":1,"width":0.0,"thickness":0.0,"ext":"(3:0,0,0.1)"},"geometry":{"type":"LineString","coordinates":[[14.1409458,55.984265,0.0],[14.1410039,55.9842801,0.0],[14.1410309,55.9842475,0.0],[14.1409727,55.9842324,0.0],[14.1409458,55.984265,0.0]]}},
{"type":"Feature","properties":{"fid":3415,"handle":100627,"block":-1,"etype":18,"space":0,"layer":"J26_Funkby","olinetype":"BYLAYER","linetype":"","color":"0,255,255,254","ocolor":256,"color24":-1,"transparency":0,"lweight":-1,"linewidth":0.0,"ltscale":1.0,"visible":1,"width":0.0,"thickness":0.0,"ext":"(3:0,0,0.1)"},"geometry":{"type":"LineString","coordinates":[[14.1409727,55.9842324,0.0],[14.1410309,55.9842475,0.0],[14.1410579,55.9842149,0.0],[14.1409997,55.9841998,0.0],[14.1409727,55.9842324,0.0]]}},
{"type":"Feature","properties":{"fid":3416,"handle":100628,"block":-1,"etype":18,"space":0,"layer":"J26_Funkby","olinetype":"BYLAYER","linetype":"","color":"0,255,255,254","ocolor":256,"color24":-1,"transparency":0,"lweight":-1,"linewidth":0.0,"ltscale":1.0,"visible":1,"width":0.0,"thickness":0.0,"ext":"(3:0,0,0.1)"},"geometry":{"type":"LineString","coordinates":[[14.14102,55.9841754,0.0],[14.1410781,55.9841905,0.0],[14.1411051,55.9841579,0.0],[14.1410469,55.9841428,0.0],[14.14102,55.9841754,0.0]]}},
{"type":"Feature","properties":{"fid":3417,"handle":100629,"block":-1,"etype":18,"space":0,"layer":"J26_Funkby","olinetype":"BYLAYER","linetype":"","color":"0,255,255,254","ocolor":256,"color24":-1,"transparency":0,"lweight":-1,"linewidth":0.0,"ltscale":1.0,"visible":1,"width":0.0,"thickness":0.0,"ext":"(3:0,0,0.1)"},"geometry":{"type":"LineString","coordinates":[[14.1410469,55.9841428,0.0],[14.1411051,55.9841579,0.0],[14.1411321,55.9841253,0.0],[14.1410739,55.9841102,0.0],[14.1410469,55.9841428,0.0]]}},
{"type":"Feature","properties":{"fid":3418,"handle":100631,"block":-1,"etype":18,"space":0,"layer":"J26_Funkby","olinetype":"BYLAYER","linetype":"","color":"0,255,255,254","ocolor":256,"color24":-1,"transparency":0,"lweight":-1,"linewidth":0.0,"ltscale":1.0,"visible":1,"width":0.0,"thickness":0.0,"ext":"(3:0,0,0.1)"},"geometry":{"type":"LineString","coordinates":[[14.141292,55.9842303,0.0],[14.1413501,55.9842454,0.0],[14.1413771,55.9842129,0.0],[14.141319,55.9841977,0.0],[14.141292,55.9842303,0.0]]}},
{"type":"Feature","properties":{"fid":3419,"handle":100632,"block":-1,"etype":18,"space":0,"layer":"J26_Funkby","olinetype":"BYLAYER","linetype":"","color":"0,255,255,254","ocolor":256,"color24":-1,"transparency":0,"lweight":-1,"linewidth":0.0,"ltscale":1.0,"visible":1,"width":0.0,"thickness":0.0,"ext":"(3:0,0,0.1)"},"geometry":{"type":"LineString","coordinates":[[14.141319,55.9841977,0.0],[14.1413771,55.9842129,0.0],[14.1414041,55.9841803,0.0],[14.141346,55.9841651,0.0],[14.141319,55.9841977,0.0]]}},
{"type":"Feature","properties":{"fid":3420,"handle":100639,"block":-1,"etype":18,"space":0,"layer":"J26_Funkby","olinetype":"BYLAYER","linetype":"","color":"0,255,255,254","ocolor":256,"color24":-1,"transparency":0,"lweight":-1,"linewidth":0.0,"ltscale":1.0,"visible":1,"width":0.0,"thickness":0.0,"ext":"(3:0,0,0.1)"},"geometry":{"type":"LineString","coordinates":[[14.1411841,55.9843607,0.0],[14.1412422,55.9843758,0.0],[14.1412692,55.9843432,0.0],[14.141211,55.9843281,0.0],[14.1411841,55.9843607,0.0]]}},
{"type":"Feature","properties":{"fid":3421,"handle":100640,"block":-1,"etype":18,"space":0,"layer":"J26_Funkby","olinetype":"BYLAYER","linetype":"","color":"0,255,255,254","ocolor":256,"color24":-1,"transparency":0,"lweight":-1,"linewidth":0.0,"ltscale":1.0,"visible":1,"width":0.0,"thickness":0.0,"ext":"(3:0,0,0.1)"},"geometry":{"type":"LineString","coordinates":[[14.141211,55.9843281,0.0],[14.1412692,55.9843432,0.0],[14.1412962,55.9843106,0.0],[14.141238,55.9842955,0.0],[14.141211,55.9843281,0.0]]}},
{"type":"Feature","properties":{"fid":3422,"handle":100641,"block":-1,"etype":18,"space":0,"layer":"J26_Funkby","olinetype":"BYLAYER","linetype":"","color":"0,255,255,254","ocolor":256,"color24":-1,"transparency":0,"lweight":-1,"linewidth":0.0,"ltscale":1.0,"visible":1,"width":0.0,"thickness":0.0,"ext":"(3:0,0,0.1)"},"geometry":{"type":"LineString","coordinates":[[14.141238,55.9842955,0.0],[14.1412962,55.9843106,0.0],[14.1413231,55.984278,0.0],[14.141265,55.9842629,0.0],[14.141238,55.9842955,0.0]]}},
{"type":"Feature","properties":{"fid":3423,"handle":100642,"block":-1,"etype":18,"space":0,"layer":"J26_Funkby","olinetype":"BYLAYER","linetype":"","color":"0,255,255,254","ocolor":256,"color24":-1,"transparency":0,"lweight":-1,"linewidth":0.0,"ltscale":1.0,"visible":1,"width":0.0,"thickness":0.0,"ext":"(3:0,0,0.1)"},"geometry":{"type":"LineString","coordinates":[[14.141265,55.9842629,0.0],[14.1413231,55.984278,0.0],[14.1413501,55.9842454,0.0],[14.141292,55.9842303,0.0],[14.141265,55.9842629,0.0]]}},
{"type":"Feature","properties":{"fid":3424,"handle":100643,"block":-1,"etype":18,"space":0,"layer":"J26_Funkby","olinetype":"BYLAYER","linetype":"","color":"0,255,255,254","ocolor":256,"color24":-1,"transparency":0,"lweight":-1,"linewidth":0.0,"ltscale":1.0,"visible":1,"width":0.0,"thickness":0.0,"ext":"(3:0,0,0.1)"},"geometry":{"type":"LineString","coordinates":[[14.1412422,55.9843758,0.0],[14.1413003,55.9843909,0.0],[14.1413273,55.9843583,0.0],[14.1412692,55.9843432,0.0],[14.1412422,55.9843758,0.0]]}},
{"type":"Feature","properties":{"fid":3425,"handle":100644,"block":-1,"etype":18,"space":0,"layer":"J26_Funkby","olinetype":"BYLAYER","linetype":"","color":"0,255,255,254","ocolor":256,"color24":-1,"transparency":0,"lweight":-1,"linewidth":0.0,"ltscale":1.0,"visible":1,"width":0.0,"thickness":0.0,"ext":"(3:0,0,0.1)"},"geometry":{"type":"LineString","coordinates":[[14.1412692,55.9843432,0.0],[14.1413273,55.9843583,0.0],[14.1413543,55.9843257,0.0],[14.1412962,55.9843106,0.0],[14.1412692,55.9843432,0.0]]}},
{"type":"Feature","properties":{"fid":3426,"handle":100645,"block":-1,"etype":18,"space":0,"layer":"J26_Funkby","olinetype":"BYLAYER","linetype":"","color":"0,255,255,254","ocolor":256,"color24":-1,"transparency":0,"lweight":-1,"linewidth":0.0,"ltscale":1.0,"visible":1,"width":0.0,"thickness":0.0,"ext":"(3:0,0,0.1)"},"geometry":{"type":"LineString","coordinates":[[14.1412962,55.9843106,0.0],[14.1413543,55.9843257,0.0],[14.1413813,55.9842932,0.0],[14.1413231,55.984278,0.0],[14.1412962,55.9843106,0.0]]}},
{"type":"Feature","properties":{"fid":3427,"handle":100646,"block":-1,"etype":18,"space":0,"layer":"J26_Funkby","olinetype":"BYLAYER","linetype":"","color":"0,255,255,254","ocolor":256,"color24":-1,"transparency":0,"lweight":-1,"linewidth":0.0,"ltscale":1.0,"visible":1,"width":0.0,"thickness":0.0,"ext":"(3:0,0,0.1)"},"geometry":{"type":"LineString","coordinates":[[14.1413231,55.984278,0.0],[14.1413813,55.9842932,0.0],[14.1414082,55.9842606,0.0],[14.1413501,55.9842454,0.0],[14.1413231,55.984278,0.0]]}},
{"type":"Feature","properties":{"fid":3428,"handle":100650,"block":-1,"etype":18,"space":0,"layer":"J26_Funkby","olinetype":"BYLAYER","linetype":"","color":"0,255,255,254","ocolor":256,"color24":-1,"transparency":0,"lweight":-1,"linewidth":0.0,"ltscale":1.0,"visible":1,"width":0.0,"thickness":0.0,"ext":"(3:0,0,0.1)"},"geometry":{"type":"LineString","coordinates":[[14.1413463,55.9843991,0.0],[14.1414044,55.9844142,0.0],[14.1414314,55.9843817,0.0],[14.1413733,55.9843665,0.0],[14.1413463,55.9843991,0.0]]}},
{"type":"Feature","properties":{"fid":3429,"handle":100651,"block":-1,"etype":18,"space":0,"layer":"J26_Funkby","olinetype":"BYLAYER","linetype":"","color":"0,255,255,254","ocolor":256,"color24":-1,"transparency":0,"lweight":-1,"linewidth":0.0,"ltscale":1.0,"visible":1,"width":0.0,"thickness":0.0,"ext":"(3:0,0,0.1)"},"geometry":{"type":"LineString","coordinates":[[14.1413733,55.9843665,0.0],[14.1414314,55.9843817,0.0],[14.1414584,55.9843491,0.0],[14.1414003,55.9843339,0.0],[14.1413733,55.9843665,0.0]]}},
{"type":"Feature","properties":{"fid":3430,"handle":100654,"block":-1,"etype":18,"space":0,"layer":"J26_Funkby","olinetype":"BYLAYER","linetype":"","color":"0,255,255,254","ocolor":256,"color24":-1,"transparency":0,"lweight":-1,"linewidth":0.0,"ltscale":1.0,"visible":1,"width":0.0,"thickness":0.0,"ext":"(3:0,0,0.1)"},"geometry":{"type":"LineString","coordinates":[[14.1414044,55.9844142,0.0],[14.1414626,55.9844294,0.0],[14.1414895,55.9843968,0.0],[14.1414314,55.9843817,0.0],[14.1414044,55.9844142,0.0]]}},
{"type":"Feature","properties":{"fid":3431,"handle":100667,"block":-1,"etype":18,"space":0,"layer":"J26_Funkby","olinetype":"BYLAYER","linetype":"","color":"0,255,255,254","ocolor":256,"color24":-1,"transparency":0,"lweight":-1,"linewidth":0.0,"ltscale":1.0,"visible":1,"width":0.0,"thickness":0.0,"ext":"(3:0,0,0.1)"},"geometry":{"type":"LineString","coordinates":[[14.1412767,55.9840144,0.0],[14.1413348,55.9840296,0.0],[14.1413618,55.983997,0.0],[14.1413037,55.9839818,0.0],[14.1412767,55.9840144,0.0]]}},
{"type":"Feature","properties":{"fid":3432,"handle":100669,"block":-1,"etype":18,"space":0,"layer":"J26_Funkby","olinetype":"BYLAYER","linetype":"","color":"0,255,255,254","ocolor":256,"color24":-1,"transparency":0,"lweight":-1,"linewidth":0.0,"ltscale":1.0,"visible":1,"width":0.0,"thickness":0.0,"ext":"(3:0,0,0.1)"},"geometry":{"type":"LineString","coordinates":[[14.1413348,55.9840296,0.0],[14.1413929,55.9840447,0.0],[14.1414199,55.9840121,0.0],[14.1413618,55.983997,0.0],[14.1413348,55.9840296,0.0]]}},
{"type":"Feature","properties":{"fid":3433,"handle":100671,"block":-1,"etype":18,"space":0,"layer":"J26_Funkby","olinetype":"BYLAYER","linetype":"","color":"0,255,255,254","ocolor":256,"color24":-1,"transparency":0,"lweight":-1,"linewidth":0.0,"ltscale":1.0,"visible":1,"width":0.0,"thickness":0.0,"ext":"(3:0,0,0.1)"},"geometry":{"type":"LineString","coordinates":[[14.1409039,55.9841452,0.0],[14.1409621,55.9841603,0.0],[14.1409889,55.9841277,0.0],[14.1409308,55.9841126,0.0],[14.1409039,55.9841452,0.0]]}},
{"type":"Feature","properties":{"fid":3434,"handle":100672,"block":-1,"etype":18,"space":0,"layer":"J26_Funkby","olinetype":"BYLAYER","linetype":"","color":"0,255,255,254","ocolor":256,"color24":-1,"transparency":0,"lweight":-1,"linewidth":0.0,"ltscale":1.0,"visible":1,"width":0.0,"thickness":0.0,"ext":"(3:0,0,0.1)"},"geometry":{"type":"LineString","coordinates":[[14.1409308,55.9841126,0.0],[14.1409889,55.9841277,0.0],[14.1410158,55.9840951,0.0],[14.1409576,55.98408,0.0],[14.1409308,55.9841126,0.0]]}},
{"type":"Feature","properties":{"fid":3435,"handle":100673,"block":-1,"etype":18,"space":0,"layer":"J26_Funkby","olinetype":"BYLAYER","linetype":"","color":"0,255,255,254","ocolor":256,"color24":-1,"transparency":0,"lweight":-1,"linewidth":0.0,"ltscale":1.0,"visible":1,"width":0.0,"thickness":0.0,"ext":"(3:0,0,0.1)"},"geometry":{"type":"LineString","coordinates":[[14.1412839,55.9839272,0.0],[14.141342,55.9839424,0.0],[14.1413691,55.9839098,0.0],[14.141311,55.9838947,0.0],[14.1412839,55.9839272,0.0]]}},
{"type":"Feature","properties":{"fid":3436,"handle":100674,"block":-1,"etype":18,"space":0,"layer":"J26_Funkby","olinetype":"BYLAYER","linetype":"","color":"0,255,255,254","ocolor":256,"color24":-1,"transparency":0,"lweight":-1,"linewidth":0.0,"ltscale":1.0,"visible":1,"width":0.0,"thickness":0.0,"ext":"(3:0,0,0.1)"},"geometry":{"type":"LineString","coordinates":[[14.141311,55.9838947,0.0],[14.1413691,55.9839098,0.0],[14.1413961,55.9838773,0.0],[14.141338,55.9838621,0.0],[14.141311,55.9838947,0.0]]}},
{"type":"Feature","properties":{"fid":3437,"handle":100675,"block":-1,"etype":18,"space":0,"layer":"J26_Funkby","olinetype":"BYLAYER","linetype":"","color":"0,255,255,254","ocolor":256,"color24":-1,"transparency":0,"lweight":-1,"linewidth":0.0,"ltscale":1.0,"visible":1,"width":0.0,"thickness":0.0,"ext":"(3:0,0,0.1)"},"geometry":{"type":"LineString","coordinates":[[14.141338,55.9838621,0.0],[14.1413961,55.9838773,0.0],[14.1414232,55.9838447,0.0],[14.1413651,55.9838295,0.0],[14.141338,55.9838621,0.0]]}},
{"type":"Feature","properties":{"fid":3438,"handle":100676,"block":-1,"etype":18,"space":0,"layer":"J26_Funkby","olinetype":"BYLAYER","linetype":"","color":"0,255,255,254","ocolor":256,"color24":-1,"transparency":0,"lweight":-1,"linewidth":0.0,"ltscale":1.0,"visible":1,"width":0.0,"thickness":0.0,"ext":"(3:0,0,0.1)"},"geometry":{"type":"LineString","coordinates":[[14.1413651,55.9838295,0.0],[14.1414232,55.9838447,0.0],[14.1414502,55.9838121,0.0],[14.1413921,55.983797,0.0],[14.1413651,55.9838295,0.0]]}},
{"type":"Feature","properties":{"fid":3439,"handle":100677,"block":-1,"etype":18,"space":0,"layer":"J26_Funkby","olinetype":"BYLAYER","linetype":"","color":"0,255,255,254","ocolor":256,"color24":-1,"transparency":0,"lweight":-1,"linewidth":0.0,"ltscale":1.0,"visible":1,"width":0.0,"thickness":0.0,"ext":"(3:0,0,0.1)"},"geometry":{"type":"LineString","coordinates":[[14.1414232,55.9838447,0.0],[14.1414813,55.9838599,0.0],[14.1415083,55.9838273,0.0],[14.1414502,55.9838121,0.0],[14.1414232,55.9838447,0.0]]}},
{"type":"Feature","properties":{"fid":3440,"handle":100678,"block":-1,"etype":18,"space":0,"layer":"J26_Funkby","olinetype":"BYLAYER","linetype":"","color":"0,255,255,254","ocolor":256,"color24":-1,"transparency":0,"lweight":-1,"linewidth":0.0,"ltscale":1.0,"visible":1,"width":0.0,"thickness":0.0,"ext":"(3:0,0,0.1)"},"geometry":{"type":"LineString","coordinates":[[14.1414163,55.983704,0.0],[14.1414432,55.9836715,0.0],[14.1413851,55.9836563,0.0],[14.1413581,55.9836889,0.0],[14.1414163,55.983704,0.0]]}},
{"type":"Feature","properties":{"fid":3441,"handle":100679,"block":-1,"etype":18,"space":0,"layer":"J26_Funkby","olinetype":"BYLAYER","linetype":"","color":"0,255,255,254","ocolor":256,"color24":-1,"transparency":0,"lweight":-1,"linewidth":0.0,"ltscale":1.0,"visible":1,"width":0.0,"thickness":0.0,"ext":"(3:0,0,0.1)"},"geometry":{"type":"LineString","coordinates":[[14.1413581,55.9836889,0.0],[14.1413851,55.9836563,0.0],[14.141327,55.9836412,0.0],[14.1413,55.9836738,0.0],[14.1413581,55.9836889,0.0]]}},
{"type":"Feature","properties":{"fid":3442,"handle":100680,"block":-1,"etype":18,"space":0,"layer":"J26_Funkby","olinetype":"BYLAYER","linetype":"","color":"0,255,255,254","ocolor":256,"color24":-1,"transparency":0,"lweight":-1,"linewidth":0.0,"ltscale":1.0,"visible":1,"width":0.0,"thickness":0.0,"ext":"(3:0,0,0.1)"},"geometry":{"type":"LineString","coordinates":[[14.1413,55.9836738,0.0],[14.141327,55.9836412,0.0],[14.1412689,55.9836261,0.0],[14.1412419,55.9836587,0.0],[14.1413,55.9836738,0.0]]}},
{"type":"Feature","properties":{"fid":3443,"handle":100681,"block":-1,"etype":18,"space":0,"layer":"J26_Funkby","olinetype":"BYLAYER","linetype":"","color":"0,255,255,254","ocolor":256,"color24":-1,"transparency":0,"lweight":-1,"linewidth":0.0,"ltscale":1.0,"visible":1,"width":0.0,"thickness":0.0,"ext":"(3:0,0,0.1)"},"geometry":{"type":"LineString","coordinates":[[14.1412419,55.9836587,0.0],[14.1412689,55.9836261,0.0],[14.1412107,55.983611,0.0],[14.1411838,55.9836435,0.0],[14.1412419,55.9836587,0.0]]}},
{"type":"Feature","properties":{"fid":3444,"handle":100682,"block":-1,"etype":18,"space":0,"layer":"J26_Funkby","olinetype":"BYLAYER","linetype":"","color":"0,255,255,254","ocolor":256,"color24":-1,"transparency":0,"lweight":-1,"linewidth":0.0,"ltscale":1.0,"visible":1,"width":0.0,"thickness":0.0,"ext":"(3:0,0,0.1)"},"geometry":{"type":"LineString","coordinates":[[14.1414432,55.9836715,0.0],[14.1414702,55.9836389,0.0],[14.1414121,55.9836237,0.0],[14.1413851,55.9836563,0.0],[14.1414432,55.9836715,0.0]]}},
{"type":"Feature","properties":{"fid":3445,"handle":100683,"block":-1,"etype":18,"space":0,"layer":"J26_Funkby","olinetype":"BYLAYER","linetype":"","color":"0,255,255,254","ocolor":256,"color24":-1,"transparency":0,"lweight":-1,"linewidth":0.0,"ltscale":1.0,"visible":1,"width":0.0,"thickness":0.0,"ext":"(3:0,0,0.1)"},"geometry":{"type":"LineString","coordinates":[[14.1413851,55.9836563,0.0],[14.1414121,55.9836237,0.0],[14.141354,55.9836086,0.0],[14.141327,55.9836412,0.0],[14.1413851,55.9836563,0.0]]}},
{"type":"Feature","properties":{"fid":3446,"handle":100684,"block":-1,"etype":18,"space":0,"layer":"J26_Funkby","olinetype":"BYLAYER","linetype":"","color":"0,255,255,254","ocolor":256,"color24":-1,"transparency":0,"lweight":-1,"linewidth":0.0,"ltscale":1.0,"visible":1,"width":0.0,"thickness":0.0,"ext":"(3:0,0,0.1)"},"geometry":{"type":"LineString","coordinates":[[14.141327,55.9836412,0.0],[14.141354,55.9836086,0.0],[14.1412958,55.9835935,0.0],[14.1412689,55.9836261,0.0],[14.141327,55.9836412,0.0]]}},
{"type":"Feature","properties":{"fid":3447,"handle":100685,"block":-1,"etype":18,"space":0,"layer":"J26_Funkby","olinetype":"BYLAYER","linetype":"","color":"0,255,255,254","ocolor":256,"color24":-1,"transparency":0,"lweight":-1,"linewidth":0.0,"ltscale":1.0,"visible":1,"width":0.0,"thickness":0.0,"ext":"(3:0,0,0.1)"},"geometry":{"type":"LineString","coordinates":[[14.1412689,55.9836261,0.0],[14.1412958,55.9835935,0.0],[14.1412377,55.9835784,0.0],[14.1412107,55.983611,0.0],[14.1412689,55.9836261,0.0]]}},
{"type":"Feature","properties":{"fid":3448,"handle":100687,"block":-1,"etype":18,"space":0,"layer":"J26_Funkby","olinetype":"BYLAYER","linetype":"","color":"0,255,255,254","ocolor":256,"color24":-1,"transparency":0,"lweight":-1,"linewidth":0.0,"ltscale":1.0,"visible":1,"width":0.0,"thickness":0.0,"ext":"(3:0,0,0.1)"},"geometry":{"type":"LineString","coordinates":[[14.1414123,55.9837726,0.0],[14.1414704,55.9837877,0.0],[14.1414974,55.9837552,0.0],[14.1414393,55.98374,0.0],[14.1414123,55.9837726,0.0]]}},
{"type":"Feature","properties":{"fid":3449,"handle":100688,"block":-1,"etype":18,"space":0,"layer":"J26_Funkby","olinetype":"BYLAYER","linetype":"","color":"0,255,255,254","ocolor":256,"color24":-1,"transparency":0,"lweight":-1,"linewidth":0.0,"ltscale":1.0,"visible":1,"width":0.0,"thickness":0.0,"ext":"(3:0,0,0.1)"},"geometry":{"type":"LineString","coordinates":[[14.1414393,55.98374,0.0],[14.1414974,55.9837552,0.0],[14.1415244,55.9837226,0.0],[14.1414663,55.9837074,0.0],[14.1414393,55.98374,0.0]]}},
{"type":"Feature","properties":{"fid":3450,"handle":100689,"block":-1,"etype":18,"space":0,"layer":"J26_Funkby","olinetype":"BYLAYER","linetype":"","color":"0,255,255,254","ocolor":256,"color24":-1,"transparency":0,"lweight":-1,"linewidth":0.0,"ltscale":1.0,"visible":1,"width":0.0,"thickness":0.0,"ext":"(3:0,0,0.1)"},"geometry":{"type":"LineString","coordinates":[[14.1414663,55.9837074,0.0],[14.1415244,55.9837226,0.0],[14.1415514,55.98369,0.0],[14.1414932,55.9836749,0.0],[14.1414663,55.9837074,0.0]]}},
{"type":"Feature","properties":{"fid":3451,"handle":100690,"block":-1,"etype":18,"space":0,"layer":"J26_Funkby","olinetype":"BYLAYER","linetype":"","color":"0,255,255,254","ocolor":256,"color24":-1,"transparency":0,"lweight":-1,"linewidth":0.0,"ltscale":1.0,"visible":1,"width":0.0,"thickness":0.0,"ext":"(3:0,0,0.1)"},"geometry":{"type":"LineString","coordinates":[[14.1414932,55.9836749,0.0],[14.1415514,55.98369,0.0],[14.1415783,55.9836574,0.0],[14.1415202,55.9836423,0.0],[14.1414932,55.9836749,0.0]]}},
{"type":"Feature","properties":{"fid":3452,"handle":100691,"block":-1,"etype":18,"space":0,"layer":"J26_Funkby","olinetype":"BYLAYER","linetype":"","color":"0,255,255,254","ocolor":256,"color24":-1,"transparency":0,"lweight":-1,"linewidth":0.0,"ltscale":1.0,"visible":1,"width":0.0,"thickness":0.0,"ext":"(3:0,0,0.1)"},"geometry":{"type":"LineString","coordinates":[[14.1414704,55.9837877,0.0],[14.1415285,55.9838029,0.0],[14.1415555,55.9837703,0.0],[14.1414974,55.9837552,0.0],[14.1414704,55.9837877,0.0]]}},
{"type":"Feature","properties":{"fid":3453,"handle":100692,"block":-1,"etype":18,"space":0,"layer":"J26_Funkby","olinetype":"BYLAYER","linetype":"","color":"0,255,255,254","ocolor":256,"color24":-1,"transparency":0,"lweight":-1,"linewidth":0.0,"ltscale":1.0,"visible":1,"width":0.0,"thickness":0.0,"ext":"(3:0,0,0.1)"},"geometry":{"type":"LineString","coordinates":[[14.1414974,55.9837552,0.0],[14.1415555,55.9837703,0.0],[14.1415825,55.9837377,0.0],[14.1415244,55.9837226,0.0],[14.1414974,55.9837552,0.0]]}},
{"type":"Feature","properties":{"fid":3454,"handle":100693,"block":-1,"etype":18,"space":0,"layer":"J26_Funkby","olinetype":"BYLAYER","linetype":"","color":"0,255,255,254","ocolor":256,"color24":-1,"transparency":0,"lweight":-1,"linewidth":0.0,"ltscale":1.0,"visible":1,"width":0.0,"thickness":0.0,"ext":"(3:0,0,0.1)"},"geometry":{"type":"LineString","coordinates":[[14.1415244,55.9837226,0.0],[14.1415825,55.9837377,0.0],[14.1416095,55.9837051,0.0],[14.1415514,55.98369,0.0],[14.1415244,55.9837226,0.0]]}},
{"type":"Feature","properties":{"fid":3455,"handle":100694,"block":-1,"etype":18,"space":0,"layer":"J26_Funkby","olinetype":"BYLAYER","linetype":"","color":"0,255,255,254","ocolor":256,"color24":-1,"transparency":0,"lweight":-1,"linewidth":0.0,"ltscale":1.0,"visible":1,"width":0.0,"thickness":0.0,"ext":"(3:0,0,0.1)"},"geometry":{"type":"LineString","coordinates":[[14.1415514,55.98369,0.0],[14.1416095,55.9837051,0.0],[14.1416365,55.9836725,0.0],[14.1415783,55.9836574,0.0],[14.1415514,55.98369,0.0]]}},
{"type":"Feature","properties":{"fid":3456,"handle":100696,"block":-1,"etype":18,"space":0,"layer":"J26_Funkby","olinetype":"BYLAYER","linetype":"","color":"0,255,255,254","ocolor":256,"color24":-1,"transparency":0,"lweight":-1,"linewidth":0.0,"ltscale":1.0,"visible":1,"width":0.0,"thickness":0.0,"ext":"(3:0,0,0.1)"},"geometry":{"type":"LineString","coordinates":[[14.1413418,55.9837936,0.0],[14.1413688,55.983761,0.0],[14.1413107,55.9837459,0.0],[14.1412837,55.9837785,0.0],[14.1413418,55.9837936,0.0]]}},
{"type":"Feature","properties":{"fid":3457,"handle":100697,"block":-1,"etype":18,"space":0,"layer":"J26_Funkby","olinetype":"BYLAYER","linetype":"","color":"0,255,255,254","ocolor":256,"color24":-1,"transparency":0,"lweight":-1,"linewidth":0.0,"ltscale":1.0,"visible":1,"width":0.0,"thickness":0.0,"ext":"(3:0,0,0.1)"},"geometry":{"type":"LineString","coordinates":[[14.1412837,55.9837785,0.0],[14.1413107,55.9837459,0.0],[14.1412526,55.9837308,0.0],[14.1412256,55.9837633,0.0],[14.1412837,55.9837785,0.0]]}},
{"type":"Feature","properties":{"fid":3458,"handle":100698,"block":-1,"etype":18,"space":0,"layer":"J26_Funkby","olinetype":"BYLAYER","linetype":"","color":"0,255,255,254","ocolor":256,"color24":-1,"transparency":0,"lweight":-1,"linewidth":0.0,"ltscale":1.0,"visible":1,"width":0.0,"thickness":0.0,"ext":"(3:0,0,0.1)"},"geometry":{"type":"LineString","coordinates":[[14.1412256,55.9837633,0.0],[14.1412526,55.9837308,0.0],[14.1411944,55.9837156,0.0],[14.1411675,55.9837482,0.0],[14.1412256,55.9837633,0.0]]}},
{"type":"Feature","properties":{"fid":3459,"handle":100699,"block":-1,"etype":18,"space":0,"layer":"J26_Funkby","olinetype":"BYLAYER","linetype":"","color":"0,255,255,254","ocolor":256,"color24":-1,"transparency":0,"lweight":-1,"linewidth":0.0,"ltscale":1.0,"visible":1,"width":0.0,"thickness":0.0,"ext":"(3:0,0,0.1)"},"geometry":{"type":"LineString","coordinates":[[14.1411675,55.9837482,0.0],[14.1411944,55.9837156,0.0],[14.1411363,55.9837005,0.0],[14.1411093,55.9837331,0.0],[14.1411675,55.9837482,0.0]]}},
{"type":"Feature","properties":{"fid":3460,"handle":100700,"block":-1,"etype":18,"space":0,"layer":"J26_Funkby","olinetype":"BYLAYER","linetype":"","color":"0,255,255,254","ocolor":256,"color24":-1,"transparency":0,"lweight":-1,"linewidth":0.0,"ltscale":1.0,"visible":1,"width":0.0,"thickness":0.0,"ext":"(3:0,0,0.1)"},"geometry":{"type":"LineString","coordinates":[[14.1413688,55.983761,0.0],[14.1413958,55.9837284,0.0],[14.1413377,55.9837133,0.0],[14.1413107,55.9837459,0.0],[14.1413688,55.983761,0.0]]}},
{"type":"Feature","properties":{"fid":3461,"handle":100701,"block":-1,"etype":18,"space":0,"layer":"J26_Funkby","olinetype":"BYLAYER","linetype":"","color":"0,255,255,254","ocolor":256,"color24":-1,"transparency":0,"lweight":-1,"linewidth":0.0,"ltscale":1.0,"visible":1,"width":0.0,"thickness":0.0,"ext":"(3:0,0,0.1)"},"geometry":{"type":"LineString","coordinates":[[14.1413107,55.9837459,0.0],[14.1413377,55.9837133,0.0],[14.1412796,55.9836982,0.0],[14.1412526,55.9837308,0.0],[14.1413107,55.9837459,0.0]]}},
{"type":"Feature","properties":{"fid":3462,"handle":100702,"block":-1,"etype":18,"space":0,"layer":"J26_Funkby","olinetype":"BYLAYER","linetype":"","color":"0,255,255,254","ocolor":256,"color24":-1,"transparency":0,"lweight":-1,"linewidth":0.0,"ltscale":1.0,"visible":1,"width":0.0,"thickness":0.0,"ext":"(3:0,0,0.1)"},"geometry":{"type":"LineString","coordinates":[[14.1412526,55.9837308,0.0],[14.1412796,55.9836982,0.0],[14.1412214,55.983683,0.0],[14.1411944,55.9837156,0.0],[14.1412526,55.9837308,0.0]]}},
{"type":"Feature","properties":{"fid":3463,"handle":100703,"block":-1,"etype":18,"space":0,"layer":"J26_Funkby","olinetype":"BYLAYER","linetype":"","color":"0,255,255,254","ocolor":256,"color24":-1,"transparency":0,"lweight":-1,"linewidth":0.0,"ltscale":1.0,"visible":1,"width":0.0,"thickness":0.0,"ext":"(3:0,0,0.1)"},"geometry":{"type":"LineString","coordinates":[[14.1411944,55.9837156,0.0],[14.1412214,55.983683,0.0],[14.1411633,55.9836679,0.0],[14.1411363,55.9837005,0.0],[14.1411944,55.9837156,0.0]]}},
{"type":"Feature","properties":{"fid":3464,"handle":100705,"block":-1,"etype":18,"space":0,"layer":"J26_Funkby","olinetype":"BYLAYER","linetype":"","color":"0,255,255,254","ocolor":256,"color24":-1,"transparency":0,"lweight":-1,"linewidth":0.0,"ltscale":1.0,"visible":1,"width":0.0,"thickness":0.0,"ext":"(3:0,0,0.1)"},"geometry":{"type":"LineString","coordinates":[[14.1415824,55.9837377,0.0],[14.1416405,55.9837528,0.0],[14.1416675,55.9837203,0.0],[14.1416094,55.9837051,0.0],[14.1415824,55.9837377,0.0]]}},
{"type":"Feature","properties":{"fid":3465,"handle":100706,"block":-1,"etype":18,"space":0,"layer":"J26_Funkby","olinetype":"BYLAYER","linetype":"","color":"0,255,255,254","ocolor":256,"color24":-1,"transparency":0,"lweight":-1,"linewidth":0.0,"ltscale":1.0,"visible":1,"width":0.0,"thickness":0.0,"ext":"(3:0,0,0.1)"},"geometry":{"type":"LineString","coordinates":[[14.1416094,55.9837051,0.0],[14.1416675,55.9837203,0.0],[14.1416946,55.9836877,0.0],[14.1416365,55.9836725,0.0],[14.1416094,55.9837051,0.0]]}},
{"type":"Feature","properties":{"fid":3466,"handle":100707,"block":-1,"etype":18,"space":0,"layer":"J26_Funkby","olinetype":"BYLAYER","linetype":"","color":"0,255,255,254","ocolor":256,"color24":-1,"transparency":0,"lweight":-1,"linewidth":0.0,"ltscale":1.0,"visible":1,"width":0.0,"thickness":0.0,"ext":"(3:0,0,0.1)"},"geometry":{"type":"LineString","coordinates":[[14.1411255,55.9836283,0.0],[14.1411836,55.9836435,0.0],[14.1412107,55.9836109,0.0],[14.1411526,55.9835958,0.0],[14.1411255,55.9836283,0.0]]}},
{"type":"Feature","properties":{"fid":3467,"handle":100708,"block":-1,"etype":18,"space":0,"layer":"J26_Funkby","olinetype":"BYLAYER","linetype":"","color":"0,255,255,254","ocolor":256,"color24":-1,"transparency":0,"lweight":-1,"linewidth":0.0,"ltscale":1.0,"visible":1,"width":0.0,"thickness":0.0,"ext":"(3:0,0,0.1)"},"geometry":{"type":"LineString","coordinates":[[14.1411526,55.9835958,0.0],[14.1412107,55.9836109,0.0],[14.1412377,55.9835784,0.0],[14.1411796,55.9835632,0.0],[14.1411526,55.9835958,0.0]]}},
{"type":"Feature","properties":{"fid":3468,"handle":100711,"block":-1,"etype":18,"space":0,"layer":"J26_Funkby","olinetype":"BYLAYER","linetype":"","color":"0,255,255,254","ocolor":256,"color24":-1,"transparency":0,"lweight":-1,"linewidth":0.0,"ltscale":1.0,"visible":1,"width":0.0,"thickness":0.0,"ext":"(3:0,0,0.1)"},"geometry":{"type":"LineString","coordinates":[[14.141367,55.9835425,0.0],[14.1413399,55.9835751,0.0],[14.141398,55.9835903,0.0],[14.1414251,55.9835577,0.0],[14.141367,55.9835425,0.0]]}},
{"type":"Feature","properties":{"fid":3469,"handle":100712,"block":-1,"etype":18,"space":0,"layer":"J26_Funkby","olinetype":"BYLAYER","linetype":"","color":"0,255,255,254","ocolor":256,"color24":-1,"transparency":0,"lweight":-1,"linewidth":0.0,"ltscale":1.0,"visible":1,"width":0.0,"thickness":0.0,"ext":"(3:0,0,0.1)"},"geometry":{"type":"LineString","coordinates":[[14.1414251,55.9835577,0.0],[14.141398,55.9835903,0.0],[14.1414561,55.9836054,0.0],[14.1414832,55.9835729,0.0],[14.1414251,55.9835577,0.0]]}},
{"type":"Feature","properties":{"fid":3470,"handle":100714,"block":-1,"etype":18,"space":0,"layer":"J26_Funkby","olinetype":"BYLAYER","linetype":"","color":"0,255,255,254","ocolor":256,"color24":-1,"transparency":0,"lweight":-1,"linewidth":0.0,"ltscale":1.0,"visible":1,"width":0.0,"thickness":0.0,"ext":"(3:0,0,0.1)"},"geometry":{"type":"LineString","coordinates":[[14.1414543,55.9838924,0.0],[14.1414813,55.9838598,0.0],[14.1414232,55.9838447,0.0],[14.1413962,55.9838773,0.0],[14.1414543,55.9838924,0.0]]}},
{"type":"Feature","properties":{"fid":3471,"handle":100715,"block":-1,"etype":18,"space":0,"layer":"J26_Funkby","olinetype":"BYLAYER","linetype":"","color":"0,255,255,254","ocolor":256,"color24":-1,"transparency":0,"lweight":-1,"linewidth":0.0,"ltscale":1.0,"visible":1,"width":0.0,"thickness":0.0,"ext":"(3:0,0,0.1)"},"geometry":{"type":"LineString","coordinates":[[14.1416807,55.9836542,0.0],[14.1417077,55.9836216,0.0],[14.1416495,55.9836065,0.0],[14.1416225,55.9836391,0.0],[14.1416807,55.9836542,0.0]]}},
{"type":"Feature","properties":{"fid":3472,"handle":100716,"block":-1,"etype":18,"space":0,"layer":"J26_Funkby","olinetype":"BYLAYER","linetype":"","color":"0,255,255,254","ocolor":256,"color24":-1,"transparency":0,"lweight":-1,"linewidth":0.0,"ltscale":1.0,"visible":1,"width":0.0,"thickness":0.0,"ext":"(3:0,0,0.1)"},"geometry":{"type":"LineString","coordinates":[[14.1416225,55.9836391,0.0],[14.1416495,55.9836065,0.0],[14.1415914,55.9835914,0.0],[14.1415644,55.983624,0.0],[14.1416225,55.9836391,0.0]]}},
{"type":"Feature","properties":{"fid":3473,"handle":100717,"block":-1,"etype":18,"space":0,"layer":"J26_Funkby","olinetype":"BYLAYER","linetype":"","color":"0,255,255,254","ocolor":256,"color24":-1,"transparency":0,"lweight":-1,"linewidth":0.0,"ltscale":1.0,"visible":1,"width":0.0,"thickness":0.0,"ext":"(3:0,0,0.1)"},"geometry":{"type":"LineString","coordinates":[[14.1415644,55.983624,0.0],[14.1415914,55.9835914,0.0],[14.1415333,55.9835763,0.0],[14.1415063,55.9836088,0.0],[14.1415644,55.983624,0.0]]}},
{"type":"Feature","properties":{"fid":3474,"handle":100718,"block":-1,"etype":18,"space":0,"layer":"J26_Funkby","olinetype":"BYLAYER","linetype":"","color":"0,255,255,254","ocolor":256,"color24":-1,"transparency":0,"lweight":-1,"linewidth":0.0,"ltscale":1.0,"visible":1,"width":0.0,"thickness":0.0,"ext":"(3:0,0,0.1)"},"geometry":{"type":"LineString","coordinates":[[14.1417658,55.9836368,0.0],[14.1417928,55.9836042,0.0],[14.1417346,55.983589,0.0],[14.1417077,55.9836216,0.0],[14.1417658,55.9836368,0.0]]}},
{"type":"Feature","properties":{"fid":3475,"handle":100719,"block":-1,"etype":18,"space":0,"layer":"J26_Funkby","olinetype":"BYLAYER","linetype":"","color":"0,255,255,254","ocolor":256,"color24":-1,"transparency":0,"lweight":-1,"linewidth":0.0,"ltscale":1.0,"visible":1,"width":0.0,"thickness":0.0,"ext":"(3:0,0,0.1)"},"geometry":{"type":"LineString","coordinates":[[14.1417077,55.9836216,0.0],[14.1417346,55.983589,0.0],[14.1416765,55.9835739,0.0],[14.1416495,55.9836065,0.0],[14.1417077,55.9836216,0.0]]}},
{"type":"Feature","properties":{"fid":3476,"handle":100720,"block":-1,"etype":18,"space":0,"layer":"J26_Funkby","olinetype":"BYLAYER","linetype":"","color":"0,255,255,254","ocolor":256,"color24":-1,"transparency":0,"lweight":-1,"linewidth":0.0,"ltscale":1.0,"visible":1,"width":0.0,"thickness":0.0,"ext":"(3:0,0,0.1)"},"geometry":{"type":"LineString","coordinates":[[14.1416495,55.9836065,0.0],[14.1416765,55.9835739,0.0],[14.1416184,55.9835588,0.0],[14.1415914,55.9835914,0.0],[14.1416495,55.9836065,0.0]]}},
{"type":"Feature","properties":{"fid":3477,"handle":100721,"block":-1,"etype":18,"space":0,"layer":"J26_Funkby","olinetype":"BYLAYER","linetype":"","color":"0,255,255,254","ocolor":256,"color24":-1,"transparency":0,"lweight":-1,"linewidth":0.0,"ltscale":1.0,"visible":1,"width":0.0,"thickness":0.0,"ext":"(3:0,0,0.1)"},"geometry":{"type":"LineString","coordinates":[[14.1415914,55.9835914,0.0],[14.1416184,55.9835588,0.0],[14.1415603,55.9835437,0.0],[14.1415333,55.9835763,0.0],[14.1415914,55.9835914,0.0]]}},
{"type":"Feature","properties":{"fid":3478,"handle":100723,"block":-1,"etype":18,"space":0,"layer":"J26_Funkby","olinetype":"BYLAYER","linetype":"","color":"0,255,255,254","ocolor":256,"color24":-1,"transparency":0,"lweight":-1,"linewidth":0.0,"ltscale":1.0,"visible":1,"width":0.0,"thickness":0.0,"ext":"(3:0,0,0.1)"},"geometry":{"type":"LineString","coordinates":[[14.1408567,55.9842022,0.0],[14.1409148,55.9842173,0.0],[14.1409417,55.9841847,0.0],[14.1408835,55.9841696,0.0],[14.1408567,55.9842022,0.0]]}},
{"type":"Feature","properties":{"fid":3479,"handle":100724,"block":-1,"etype":18,"space":0,"layer":"J26_Funkby","olinetype":"BYLAYER","linetype":"","color":"0,255,255,254","ocolor":256,"color24":-1,"transparency":0,"lweight":-1,"linewidth":0.0,"ltscale":1.0,"visible":1,"width":0.0,"thickness":0.0,"ext":"(3:0,0,0.1)"},"geometry":{"type":"LineString","coordinates":[[14.1407986,55.9841872,0.0],[14.1408568,55.9842023,0.0],[14.1408836,55.9841697,0.0],[14.1408255,55.9841546,0.0],[14.1407986,55.9841872,0.0]]}},
{"type":"Feature","properties":{"fid":3480,"handle":100725,"block":-1,"etype":18,"space":0,"layer":"J26_Funkby","olinetype":"BYLAYER","linetype":"","color":"0,255,255,254","ocolor":256,"color24":-1,"transparency":0,"lweight":-1,"linewidth":0.0,"ltscale":1.0,"visible":1,"width":0.0,"thickness":0.0,"ext":"(3:0,0,0.1)"},"geometry":{"type":"LineString","coordinates":[[14.141032,55.9839904,0.0],[14.1410902,55.9840055,0.0],[14.1411171,55.9839729,0.0],[14.1410589,55.9839578,0.0],[14.141032,55.9839904,0.0]]}},
{"type":"Feature","properties":{"fid":3481,"handle":100726,"block":-1,"etype":18,"space":0,"layer":"J26_Funkby","olinetype":"BYLAYER","linetype":"","color":"0,255,255,254","ocolor":256,"color24":-1,"transparency":0,"lweight":-1,"linewidth":0.0,"ltscale":1.0,"visible":1,"width":0.0,"thickness":0.0,"ext":"(3:0,0,0.1)"},"geometry":{"type":"LineString","coordinates":[[14.1410589,55.9839578,0.0],[14.1411171,55.9839729,0.0],[14.141144,55.9839403,0.0],[14.1410858,55.9839252,0.0],[14.1410589,55.9839578,0.0]]}},
{"type":"Feature","properties":{"fid":3491,"handle":102666,"block":-1,"etype":18,"space":0,"layer":"J26_Funkby","olinetype":"BYLAYER","linetype":"","color":"0,255,255,254","ocolor":256,"color24":-1,"transparency":0,"lweight":-1,"linewidth":0.0,"ltscale":1.0,"visible":1,"width":0.0,"thickness":0.0,"ext":"(3:0,0,0.1)"},"geometry":{"type":"LineString","coordinates":[[14.1407353,55.9839811,0.0],[14.1407896,55.9840002,0.0],[14.1408237,55.9839698,0.0],[14.1407694,55.9839506,0.0],[14.1407353,55.9839811,0.0]]}},
{"type":"Feature","properties":{"fid":3492,"handle":102667,"block":-1,"etype":18,"space":0,"layer":"J26_Funkby","olinetype":"BYLAYER","linetype":"","color":"0,255,255,254","ocolor":256,"color24":-1,"transparency":0,"lweight":-1,"linewidth":0.0,"ltscale":1.0,"visible":1,"width":0.0,"thickness":0.0,"ext":"(3:0,0,0.1)"},"geometry":{"type":"LineString","coordinates":[[14.1407694,55.9839506,0.0],[14.1408237,55.9839698,0.0],[14.1408578,55.9839394,0.0],[14.1408036,55.9839202,0.0],[14.1407694,55.9839506,0.0]]}},
{"type":"Feature","properties":{"fid":3493,"handle":102668,"block":-1,"etype":18,"space":0,"layer":"J26_Funkby","olinetype":"BYLAYER","linetype":"","color":"0,255,255,254","ocolor":256,"color24":-1,"transparency":0,"lweight":-1,"linewidth":0.0,"ltscale":1.0,"visible":1,"width":0.0,"thickness":0.0,"ext":"(3:0,0,0.1)"},"geometry":{"type":"LineString","coordinates":[[14.1408036,55.9839202,0.0],[14.1408578,55.9839394,0.0],[14.1408919,55.983909,0.0],[14.1408377,55.9838898,0.0],[14.1408036,55.9839202,0.0]]}},
{"type":"Feature","properties":{"fid":3494,"handle":102669,"block":-1,"etype":18,"space":0,"layer":"J26_Funkby","olinetype":"BYLAYER","linetype":"","color":"0,255,255,254","ocolor":256,"color24":-1,"transparency":0,"lweight":-1,"linewidth":0.0,"ltscale":1.0,"visible":1,"width":0.0,"thickness":0.0,"ext":"(3:0,0,0.1)"},"geometry":{"type":"LineString","coordinates":[[14.1408377,55.9838898,0.0],[14.1408919,55.983909,0.0],[14.1409261,55.9838786,0.0],[14.1408718,55.9838594,0.0],[14.1408377,55.9838898,0.0]]}},
{"type":"Feature","properties":{"fid":3495,"handle":102670,"block":-1,"etype":18,"space":0,"layer":"J26_Funkby","olinetype":"BYLAYER","linetype":"","color":"0,255,255,254","ocolor":256,"color24":-1,"transparency":0,"lweight":-1,"linewidth":0.0,"ltscale":1.0,"visible":1,"width":0.0,"thickness":0.0,"ext":"(3:0,0,0.1)"},"geometry":{"type":"LineString","coordinates":[[14.1407896,55.9840002,0.0],[14.1408438,55.9840193,0.0],[14.1408779,55.9839889,0.0],[14.1408237,55.9839698,0.0],[14.1407896,55.9840002,0.0]]}},
{"type":"Feature","properties":{"fid":3496,"handle":102671,"block":-1,"etype":18,"space":0,"layer":"J26_Funkby","olinetype":"BYLAYER","linetype":"","color":"0,255,255,254","ocolor":256,"color24":-1,"transparency":0,"lweight":-1,"linewidth":0.0,"ltscale":1.0,"visible":1,"width":0.0,"thickness":0.0,"ext":"(3:0,0,0.1)"},"geometry":{"type":"LineString","coordinates":[[14.1408237,55.9839698,0.0],[14.1408779,55.9839889,0.0],[14.1409121,55.9839585,0.0],[14.1408578,55.9839394,0.0],[14.1408237,55.9839698,0.0]]}},
{"type":"Feature","properties":{"fid":3497,"handle":102672,"block":-1,"etype":18,"space":0,"layer":"J26_Funkby","olinetype":"BYLAYER","linetype":"","color":"0,255,255,254","ocolor":256,"color24":-1,"transparency":0,"lweight":-1,"linewidth":0.0,"ltscale":1.0,"visible":1,"width":0.0,"thickness":0.0,"ext":"(3:0,0,0.1)"},"geometry":{"type":"LineString","coordinates":[[14.1408578,55.9839394,0.0],[14.1409121,55.9839585,0.0],[14.1409462,55.9839281,0.0],[14.1408919,55.983909,0.0],[14.1408578,55.9839394,0.0]]}},
{"type":"Feature","properties":{"fid":3498,"handle":102673,"block":-1,"etype":18,"space":0,"layer":"J26_Funkby","olinetype":"BYLAYER","linetype":"","color":"0,255,255,254","ocolor":256,"color24":-1,"transparency":0,"lweight":-1,"linewidth":0.0,"ltscale":1.0,"visible":1,"width":0.0,"thickness":0.0,"ext":"(3:0,0,0.1)"},"geometry":{"type":"LineString","coordinates":[[14.1408919,55.983909,0.0],[14.1409462,55.9839281,0.0],[14.1409803,55.9838977,0.0],[14.1409261,55.9838786,0.0],[14.1408919,55.983909,0.0]]}},
{"type":"Feature","properties":{"fid":3499,"handle":102677,"block":-1,"etype":18,"space":0,"layer":"J26_Funkby","olinetype":"BYLAYER","linetype":"","color":"0,255,255,254","ocolor":256,"color24":-1,"transparency":0,"lweight":-1,"linewidth":0.0,"ltscale":1.0,"visible":1,"width":0.0,"thickness":0.0,"ext":"(3:0,0,0.1)"},"geometry":{"type":"LineString","coordinates":[[14.1405862,55.9839284,0.0],[14.1406404,55.9839476,0.0],[14.1406745,55.9839172,0.0],[14.1406203,55.983898,0.0],[14.1405862,55.9839284,0.0]]}},
{"type":"Feature","properties":{"fid":3500,"handle":102678,"block":-1,"etype":18,"space":0,"layer":"J26_Funkby","olinetype":"BYLAYER","linetype":"","color":"0,255,255,254","ocolor":256,"color24":-1,"transparency":0,"lweight":-1,"linewidth":0.0,"ltscale":1.0,"visible":1,"width":0.0,"thickness":0.0,"ext":"(3:0,0,0.1)"},"geometry":{"type":"LineString","coordinates":[[14.1406203,55.983898,0.0],[14.1406745,55.9839172,0.0],[14.1407087,55.9838868,0.0],[14.1406544,55.9838676,0.0],[14.1406203,55.983898,0.0]]}},
{"type":"Feature","properties":{"fid":3501,"handle":102679,"block":-1,"etype":18,"space":0,"layer":"J26_Funkby","olinetype":"BYLAYER","linetype":"","color":"0,255,255,254","ocolor":256,"color24":-1,"transparency":0,"lweight":-1,"linewidth":0.0,"ltscale":1.0,"visible":1,"width":0.0,"thickness":0.0,"ext":"(3:0,0,0.1)"},"geometry":{"type":"LineString","coordinates":[[14.1406544,55.9838676,0.0],[14.1407087,55.9838868,0.0],[14.1407428,55.9838564,0.0],[14.1406885,55.9838372,0.0],[14.1406544,55.9838676,0.0]]}},
{"type":"Feature","properties":{"fid":3502,"handle":102680,"block":-1,"etype":18,"space":0,"layer":"J26_Funkby","olinetype":"BYLAYER","linetype":"","color":"0,255,255,254","ocolor":256,"color24":-1,"transparency":0,"lweight":-1,"linewidth":0.0,"ltscale":1.0,"visible":1,"width":0.0,"thickness":0.0,"ext":"(3:0,0,0.1)"},"geometry":{"type":"LineString","coordinates":[[14.1406885,55.9838372,0.0],[14.1407428,55.9838564,0.0],[14.1407769,55.9838259,0.0],[14.1407227,55.9838068,0.0],[14.1406885,55.9838372,0.0]]}},
{"type":"Feature","properties":{"fid":3503,"handle":102681,"block":-1,"etype":18,"space":0,"layer":"J26_Funkby","olinetype":"BYLAYER","linetype":"","color":"0,255,255,254","ocolor":256,"color24":-1,"transparency":0,"lweight":-1,"linewidth":0.0,"ltscale":1.0,"visible":1,"width":0.0,"thickness":0.0,"ext":"(3:0,0,0.1)"},"geometry":{"type":"LineString","coordinates":[[14.1406404,55.9839476,0.0],[14.1406946,55.9839667,0.0],[14.1407288,55.9839363,0.0],[14.1406745,55.9839172,0.0],[14.1406404,55.9839476,0.0]]}},
{"type":"Feature","properties":{"fid":3504,"handle":102682,"block":-1,"etype":18,"space":0,"layer":"J26_Funkby","olinetype":"BYLAYER","linetype":"","color":"0,255,255,254","ocolor":256,"color24":-1,"transparency":0,"lweight":-1,"linewidth":0.0,"ltscale":1.0,"visible":1,"width":0.0,"thickness":0.0,"ext":"(3:0,0,0.1)"},"geometry":{"type":"LineString","coordinates":[[14.1406745,55.9839172,0.0],[14.1407288,55.9839363,0.0],[14.1407629,55.9839059,0.0],[14.1407087,55.9838868,0.0],[14.1406745,55.9839172,0.0]]}},
{"type":"Feature","properties":{"fid":3505,"handle":102683,"block":-1,"etype":18,"space":0,"layer":"J26_Funkby","olinetype":"BYLAYER","linetype":"","color":"0,255,255,254","ocolor":256,"color24":-1,"transparency":0,"lweight":-1,"linewidth":0.0,"ltscale":1.0,"visible":1,"width":0.0,"thickness":0.0,"ext":"(3:0,0,0.1)"},"geometry":{"type":"LineString","coordinates":[[14.1407087,55.9838868,0.0],[14.1407629,55.9839059,0.0],[14.140797,55.9838755,0.0],[14.1407428,55.9838564,0.0],[14.1407087,55.9838868,0.0]]}},
{"type":"Feature","properties":{"fid":3506,"handle":102684,"block":-1,"etype":18,"space":0,"layer":"J26_Funkby","olinetype":"BYLAYER","linetype":"","color":"0,255,255,254","ocolor":256,"color24":-1,"transparency":0,"lweight":-1,"linewidth":0.0,"ltscale":1.0,"visible":1,"width":0.0,"thickness":0.0,"ext":"(3:0,0,0.1)"},"geometry":{"type":"LineString","coordinates":[[14.1407428,55.9838564,0.0],[14.140797,55.9838755,0.0],[14.1408312,55.9838451,0.0],[14.1407769,55.9838259,0.0],[14.1407428,55.9838564,0.0]]}},
{"type":"Feature","properties":{"fid":3507,"handle":102687,"block":-1,"etype":18,"space":0,"layer":"J26_Funkby","olinetype":"BYLAYER","linetype":"","color":"0,255,255,254","ocolor":256,"color24":-1,"transparency":0,"lweight":-1,"linewidth":0.0,"ltscale":1.0,"visible":1,"width":0.0,"thickness":0.0,"ext":"(3:0,0,0.1)"},"geometry":{"type":"LineString","coordinates":[[14.1404711,55.9838454,0.0],[14.1405254,55.9838646,0.0],[14.1405595,55.9838341,0.0],[14.1405053,55.983815,0.0],[14.1404711,55.9838454,0.0]]}},
{"type":"Feature","properties":{"fid":3508,"handle":102688,"block":-1,"etype":18,"space":0,"layer":"J26_Funkby","olinetype":"BYLAYER","linetype":"","color":"0,255,255,254","ocolor":256,"color24":-1,"transparency":0,"lweight":-1,"linewidth":0.0,"ltscale":1.0,"visible":1,"width":0.0,"thickness":0.0,"ext":"(3:0,0,0.1)"},"geometry":{"type":"LineString","coordinates":[[14.1405053,55.983815,0.0],[14.1405595,55.9838341,0.0],[14.1405936,55.9838037,0.0],[14.1405394,55.9837846,0.0],[14.1405053,55.983815,0.0]]}},
{"type":"Feature","properties":{"fid":3509,"handle":102689,"block":-1,"etype":18,"space":0,"layer":"J26_Funkby","olinetype":"BYLAYER","linetype":"","color":"0,255,255,254","ocolor":256,"color24":-1,"transparency":0,"lweight":-1,"linewidth":0.0,"ltscale":1.0,"visible":1,"width":0.0,"thickness":0.0,"ext":"(3:0,0,0.1)"},"geometry":{"type":"LineString","coordinates":[[14.1405394,55.9837846,0.0],[14.1405936,55.9838037,0.0],[14.1406278,55.9837733,0.0],[14.1405735,55.9837542,0.0],[14.1405394,55.9837846,0.0]]}},
{"type":"Feature","properties":{"fid":3510,"handle":102691,"block":-1,"etype":18,"space":0,"layer":"J26_Funkby","olinetype":"BYLAYER","linetype":"","color":"0,255,255,254","ocolor":256,"color24":-1,"transparency":0,"lweight":-1,"linewidth":0.0,"ltscale":1.0,"visible":1,"width":0.0,"thickness":0.0,"ext":"(3:0,0,0.1)"},"geometry":{"type":"LineString","coordinates":[[14.1405254,55.9838646,0.0],[14.1405796,55.9838837,0.0],[14.1406137,55.9838533,0.0],[14.1405595,55.9838341,0.0],[14.1405254,55.9838646,0.0]]}},
{"type":"Feature","properties":{"fid":3511,"handle":102692,"block":-1,"etype":18,"space":0,"layer":"J26_Funkby","olinetype":"BYLAYER","linetype":"","color":"0,255,255,254","ocolor":256,"color24":-1,"transparency":0,"lweight":-1,"linewidth":0.0,"ltscale":1.0,"visible":1,"width":0.0,"thickness":0.0,"ext":"(3:0,0,0.1)"},"geometry":{"type":"LineString","coordinates":[[14.1405595,55.9838341,0.0],[14.1406137,55.9838533,0.0],[14.1406479,55.9838229,0.0],[14.1405936,55.9838037,0.0],[14.1405595,55.9838341,0.0]]}},
{"type":"Feature","properties":{"fid":3512,"handle":102693,"block":-1,"etype":18,"space":0,"layer":"J26_Funkby","olinetype":"BYLAYER","linetype":"","color":"0,255,255,254","ocolor":256,"color24":-1,"transparency":0,"lweight":-1,"linewidth":0.0,"ltscale":1.0,"visible":1,"width":0.0,"thickness":0.0,"ext":"(3:0,0,0.1)"},"geometry":{"type":"LineString","coordinates":[[14.1405936,55.9838037,0.0],[14.1406479,55.9838229,0.0],[14.140682,55.9837925,0.0],[14.1406278,55.9837733,0.0],[14.1405936,55.9838037,0.0]]}},
{"type":"Feature","properties":{"fid":3513,"handle":102698,"block":-1,"etype":18,"space":0,"layer":"J26_Funkby","olinetype":"BYLAYER","linetype":"","color":"0,255,255,254","ocolor":256,"color24":-1,"transparency":0,"lweight":-1,"linewidth":0.0,"ltscale":1.0,"visible":1,"width":0.0,"thickness":0.0,"ext":"(3:0,0,0.1)"},"geometry":{"type":"LineString","coordinates":[[14.1403902,55.983732,0.0],[14.1404445,55.9837511,0.0],[14.1404786,55.9837207,0.0],[14.1404244,55.9837016,0.0],[14.1403902,55.983732,0.0]]}},
{"type":"Feature","properties":{"fid":3514,"handle":102701,"block":-1,"etype":18,"space":0,"layer":"J26_Funkby","olinetype":"BYLAYER","linetype":"","color":"0,255,255,254","ocolor":256,"color24":-1,"transparency":0,"lweight":-1,"linewidth":0.0,"ltscale":1.0,"visible":1,"width":0.0,"thickness":0.0,"ext":"(3:0,0,0.1)"},"geometry":{"type":"LineString","coordinates":[[14.1404103,55.9837815,0.0],[14.1404646,55.9838007,0.0],[14.1404987,55.9837703,0.0],[14.1404445,55.9837511,0.0],[14.1404103,55.9837815,0.0]]}},
{"type":"Feature","properties":{"fid":3515,"handle":102702,"block":-1,"etype":18,"space":0,"layer":"J26_Funkby","olinetype":"BYLAYER","linetype":"","color":"0,255,255,254","ocolor":256,"color24":-1,"transparency":0,"lweight":-1,"linewidth":0.0,"ltscale":1.0,"visible":1,"width":0.0,"thickness":0.0,"ext":"(3:0,0,0.1)"},"geometry":{"type":"LineString","coordinates":[[14.1404445,55.9837511,0.0],[14.1404987,55.9837703,0.0],[14.1405328,55.9837399,0.0],[14.1404786,55.9837207,0.0],[14.1404445,55.9837511,0.0]]}},
{"type":"Feature","properties":{"fid":3516,"handle":102713,"block":-1,"etype":18,"space":0,"layer":"J26_Funkby","olinetype":"BYLAYER","linetype":"","color":"0,255,255,254","ocolor":256,"color24":-1,"transparency":0,"lweight":-1,"linewidth":0.0,"ltscale":1.0,"visible":1,"width":0.0,"thickness":0.0,"ext":"(3:0,0,0.1)"},"geometry":{"type":"LineString","coordinates":[[14.1409136,55.9838211,0.0],[14.1409678,55.9838402,0.0],[14.1410019,55.9838098,0.0],[14.1409477,55.9837907,0.0],[14.1409136,55.9838211,0.0]]}},
{"type":"Feature","properties":{"fid":3517,"handle":102714,"block":-1,"etype":18,"space":0,"layer":"J26_Funkby","olinetype":"BYLAYER","linetype":"","color":"0,255,255,254","ocolor":256,"color24":-1,"transparency":0,"lweight":-1,"linewidth":0.0,"ltscale":1.0,"visible":1,"width":0.0,"thickness":0.0,"ext":"(3:0,0,0.1)"},"geometry":{"type":"LineString","coordinates":[[14.1409477,55.9837907,0.0],[14.1410019,55.9838098,0.0],[14.141036,55.9837794,0.0],[14.1409818,55.9837603,0.0],[14.1409477,55.9837907,0.0]]}},
{"type":"Feature","properties":{"fid":3518,"handle":102721,"block":-1,"etype":18,"space":0,"layer":"J26_Funkby","olinetype":"BYLAYER","linetype":"","color":"0,255,255,254","ocolor":256,"color24":-1,"transparency":0,"lweight":-1,"linewidth":0.0,"ltscale":1.0,"visible":1,"width":0.0,"thickness":0.0,"ext":"(3:0,0,0.1)"},"geometry":{"type":"LineString","coordinates":[[14.1407644,55.9837685,0.0],[14.1408186,55.9837876,0.0],[14.1408528,55.9837572,0.0],[14.1407985,55.9837381,0.0],[14.1407644,55.9837685,0.0]]}},
{"type":"Feature","properties":{"fid":3519,"handle":102722,"block":-1,"etype":18,"space":0,"layer":"J26_Funkby","olinetype":"BYLAYER","linetype":"","color":"0,255,255,254","ocolor":256,"color24":-1,"transparency":0,"lweight":-1,"linewidth":0.0,"ltscale":1.0,"visible":1,"width":0.0,"thickness":0.0,"ext":"(3:0,0,0.1)"},"geometry":{"type":"LineString","coordinates":[[14.1407985,55.9837381,0.0],[14.1408528,55.9837572,0.0],[14.1408869,55.9837268,0.0],[14.1408327,55.9837077,0.0],[14.1407985,55.9837381,0.0]]}},
{"type":"Feature","properties":{"fid":3520,"handle":102723,"block":-1,"etype":18,"space":0,"layer":"J26_Funkby","olinetype":"BYLAYER","linetype":"","color":"0,255,255,254","ocolor":256,"color24":-1,"transparency":0,"lweight":-1,"linewidth":0.0,"ltscale":1.0,"visible":1,"width":0.0,"thickness":0.0,"ext":"(3:0,0,0.1)"},"geometry":{"type":"LineString","coordinates":[[14.1408327,55.9837077,0.0],[14.1408869,55.9837268,0.0],[14.140921,55.9836964,0.0],[14.1408668,55.9836773,0.0],[14.1408327,55.9837077,0.0]]}},
{"type":"Feature","properties":{"fid":3521,"handle":102724,"block":-1,"etype":18,"space":0,"layer":"J26_Funkby","olinetype":"BYLAYER","linetype":"","color":"0,255,255,254","ocolor":256,"color24":-1,"transparency":0,"lweight":-1,"linewidth":0.0,"ltscale":1.0,"visible":1,"width":0.0,"thickness":0.0,"ext":"(3:0,0,0.1)"},"geometry":{"type":"LineString","coordinates":[[14.1408668,55.9836773,0.0],[14.140921,55.9836964,0.0],[14.1409551,55.983666,0.0],[14.1409009,55.9836469,0.0],[14.1408668,55.9836773,0.0]]}},
{"type":"Feature","properties":{"fid":3522,"handle":102725,"block":-1,"etype":18,"space":0,"layer":"J26_Funkby","olinetype":"BYLAYER","linetype":"","color":"0,255,255,254","ocolor":256,"color24":-1,"transparency":0,"lweight":-1,"linewidth":0.0,"ltscale":1.0,"visible":1,"width":0.0,"thickness":0.0,"ext":"(3:0,0,0.1)"},"geometry":{"type":"LineString","coordinates":[[14.1408186,55.9837876,0.0],[14.1408729,55.9838067,0.0],[14.140907,55.9837763,0.0],[14.1408528,55.9837572,0.0],[14.1408186,55.9837876,0.0]]}},
{"type":"Feature","properties":{"fid":3523,"handle":102726,"block":-1,"etype":18,"space":0,"layer":"J26_Funkby","olinetype":"BYLAYER","linetype":"","color":"0,255,255,254","ocolor":256,"color24":-1,"transparency":0,"lweight":-1,"linewidth":0.0,"ltscale":1.0,"visible":1,"width":0.0,"thickness":0.0,"ext":"(3:0,0,0.1)"},"geometry":{"type":"LineString","coordinates":[[14.1408528,55.9837572,0.0],[14.140907,55.9837763,0.0],[14.1409411,55.9837459,0.0],[14.1408869,55.9837268,0.0],[14.1408528,55.9837572,0.0]]}},
{"type":"Feature","properties":{"fid":3524,"handle":102727,"block":-1,"etype":18,"space":0,"layer":"J26_Funkby","olinetype":"BYLAYER","linetype":"","color":"0,255,255,254","ocolor":256,"color24":-1,"transparency":0,"lweight":-1,"linewidth":0.0,"ltscale":1.0,"visible":1,"width":0.0,"thickness":0.0,"ext":"(3:0,0,0.1)"},"geometry":{"type":"LineString","coordinates":[[14.1408869,55.9837268,0.0],[14.1409411,55.9837459,0.0],[14.1409753,55.9837155,0.0],[14.140921,55.9836964,0.0],[14.1408869,55.9837268,0.0]]}},
{"type":"Feature","properties":{"fid":3525,"handle":102728,"block":-1,"etype":18,"space":0,"layer":"J26_Funkby","olinetype":"BYLAYER","linetype":"","color":"0,255,255,254","ocolor":256,"color24":-1,"transparency":0,"lweight":-1,"linewidth":0.0,"ltscale":1.0,"visible":1,"width":0.0,"thickness":0.0,"ext":"(3:0,0,0.1)"},"geometry":{"type":"LineString","coordinates":[[14.140921,55.9836964,0.0],[14.1409753,55.9837155,0.0],[14.1410094,55.9836851,0.0],[14.1409551,55.983666,0.0],[14.140921,55.9836964,0.0]]}},
{"type":"Feature","properties":{"fid":3526,"handle":102729,"block":-1,"etype":18,"space":0,"layer":"J26_Funkby","olinetype":"BYLAYER","linetype":"","color":"0,255,255,254","ocolor":256,"color24":-1,"transparency":0,"lweight":-1,"linewidth":0.0,"ltscale":1.0,"visible":1,"width":0.0,"thickness":0.0,"ext":"(3:0,0,0.1)"},"geometry":{"type":"LineString","coordinates":[[14.1406152,55.9837159,0.0],[14.1406695,55.983735,0.0],[14.1407036,55.9837046,0.0],[14.1406494,55.9836855,0.0],[14.1406152,55.9837159,0.0]]}},
{"type":"Feature","properties":{"fid":3527,"handle":102730,"block":-1,"etype":18,"space":0,"layer":"J26_Funkby","olinetype":"BYLAYER","linetype":"","color":"0,255,255,254","ocolor":256,"color24":-1,"transparency":0,"lweight":-1,"linewidth":0.0,"ltscale":1.0,"visible":1,"width":0.0,"thickness":0.0,"ext":"(3:0,0,0.1)"},"geometry":{"type":"LineString","coordinates":[[14.1406494,55.9836855,0.0],[14.1407036,55.9837046,0.0],[14.1407377,55.9836742,0.0],[14.1406835,55.983655,0.0],[14.1406494,55.9836855,0.0]]}},
{"type":"Feature","properties":{"fid":3528,"handle":102731,"block":-1,"etype":18,"space":0,"layer":"J26_Funkby","olinetype":"BYLAYER","linetype":"","color":"0,255,255,254","ocolor":256,"color24":-1,"transparency":0,"lweight":-1,"linewidth":0.0,"ltscale":1.0,"visible":1,"width":0.0,"thickness":0.0,"ext":"(3:0,0,0.1)"},"geometry":{"type":"LineString","coordinates":[[14.1406835,55.983655,0.0],[14.1407377,55.9836742,0.0],[14.1407719,55.9836438,0.0],[14.1407176,55.9836246,0.0],[14.1406835,55.983655,0.0]]}},
{"type":"Feature","properties":{"fid":3529,"handle":102732,"block":-1,"etype":18,"space":0,"layer":"J26_Funkby","olinetype":"BYLAYER","linetype":"","color":"0,255,255,254","ocolor":256,"color24":-1,"transparency":0,"lweight":-1,"linewidth":0.0,"ltscale":1.0,"visible":1,"width":0.0,"thickness":0.0,"ext":"(3:0,0,0.1)"},"geometry":{"type":"LineString","coordinates":[[14.1407176,55.9836246,0.0],[14.1407719,55.9836438,0.0],[14.140806,55.9836134,0.0],[14.1407518,55.9835942,0.0],[14.1407176,55.9836246,0.0]]}},
{"type":"Feature","properties":{"fid":3530,"handle":102733,"block":-1,"etype":18,"space":0,"layer":"J26_Funkby","olinetype":"BYLAYER","linetype":"","color":"0,255,255,254","ocolor":256,"color24":-1,"transparency":0,"lweight":-1,"linewidth":0.0,"ltscale":1.0,"visible":1,"width":0.0,"thickness":0.0,"ext":"(3:0,0,0.1)"},"geometry":{"type":"LineString","coordinates":[[14.1406695,55.983735,0.0],[14.1407237,55.9837541,0.0],[14.1407578,55.9837237,0.0],[14.1407036,55.9837046,0.0],[14.1406695,55.983735,0.0]]}},
{"type":"Feature","properties":{"fid":3531,"handle":102734,"block":-1,"etype":18,"space":0,"layer":"J26_Funkby","olinetype":"BYLAYER","linetype":"","color":"0,255,255,254","ocolor":256,"color24":-1,"transparency":0,"lweight":-1,"linewidth":0.0,"ltscale":1.0,"visible":1,"width":0.0,"thickness":0.0,"ext":"(3:0,0,0.1)"},"geometry":{"type":"LineString","coordinates":[[14.1407036,55.9837046,0.0],[14.1407578,55.9837237,0.0],[14.140792,55.9836933,0.0],[14.1407377,55.9836742,0.0],[14.1407036,55.9837046,0.0]]}},
{"type":"Feature","properties":{"fid":3532,"handle":102735,"block":-1,"etype":18,"space":0,"layer":"J26_Funkby","olinetype":"BYLAYER","linetype":"","color":"0,255,255,254","ocolor":256,"color24":-1,"transparency":0,"lweight":-1,"linewidth":0.0,"ltscale":1.0,"visible":1,"width":0.0,"thickness":0.0,"ext":"(3:0,0,0.1)"},"geometry":{"type":"LineString","coordinates":[[14.1407377,55.9836742,0.0],[14.140792,55.9836933,0.0],[14.1408261,55.9836629,0.0],[14.1407719,55.9836438,0.0],[14.1407377,55.9836742,0.0]]}},
{"type":"Feature","properties":{"fid":3533,"handle":102736,"block":-1,"etype":18,"space":0,"layer":"J26_Funkby","olinetype":"BYLAYER","linetype":"","color":"0,255,255,254","ocolor":256,"color24":-1,"transparency":0,"lweight":-1,"linewidth":0.0,"ltscale":1.0,"visible":1,"width":0.0,"thickness":0.0,"ext":"(3:0,0,0.1)"},"geometry":{"type":"LineString","coordinates":[[14.1407719,55.9836438,0.0],[14.1408261,55.9836629,0.0],[14.1408602,55.9836325,0.0],[14.140806,55.9836134,0.0],[14.1407719,55.9836438,0.0]]}},
{"type":"Feature","properties":{"fid":3534,"handle":102737,"block":-1,"etype":18,"space":0,"layer":"J26_Funkby","olinetype":"BYLAYER","linetype":"","color":"0,255,255,254","ocolor":256,"color24":-1,"transparency":0,"lweight":-1,"linewidth":0.0,"ltscale":1.0,"visible":1,"width":0.0,"thickness":0.0,"ext":"(3:0,0,0.1)"},"geometry":{"type":"LineString","coordinates":[[14.1404661,55.9836632,0.0],[14.1405203,55.9836824,0.0],[14.1405545,55.983652,0.0],[14.1405002,55.9836328,0.0],[14.1404661,55.9836632,0.0]]}},
{"type":"Feature","properties":{"fid":3535,"handle":102738,"block":-1,"etype":18,"space":0,"layer":"J26_Funkby","olinetype":"BYLAYER","linetype":"","color":"0,255,255,254","ocolor":256,"color24":-1,"transparency":0,"lweight":-1,"linewidth":0.0,"ltscale":1.0,"visible":1,"width":0.0,"thickness":0.0,"ext":"(3:0,0,0.1)"},"geometry":{"type":"LineString","coordinates":[[14.1405002,55.9836328,0.0],[14.1405545,55.983652,0.0],[14.1405886,55.9836216,0.0],[14.1405343,55.9836024,0.0],[14.1405002,55.9836328,0.0]]}},
{"type":"Feature","properties":{"fid":3536,"handle":102739,"block":-1,"etype":18,"space":0,"layer":"J26_Funkby","olinetype":"BYLAYER","linetype":"","color":"0,255,255,254","ocolor":256,"color24":-1,"transparency":0,"lweight":-1,"linewidth":0.0,"ltscale":1.0,"visible":1,"width":0.0,"thickness":0.0,"ext":"(3:0,0,0.1)"},"geometry":{"type":"LineString","coordinates":[[14.1405343,55.9836024,0.0],[14.1405886,55.9836216,0.0],[14.1406227,55.9835912,0.0],[14.1405685,55.983572,0.0],[14.1405343,55.9836024,0.0]]}},
{"type":"Feature","properties":{"fid":3537,"handle":102740,"block":-1,"etype":18,"space":0,"layer":"J26_Funkby","olinetype":"BYLAYER","linetype":"","color":"0,255,255,254","ocolor":256,"color24":-1,"transparency":0,"lweight":-1,"linewidth":0.0,"ltscale":1.0,"visible":1,"width":0.0,"thickness":0.0,"ext":"(3:0,0,0.1)"},"geometry":{"type":"LineString","coordinates":[[14.1405685,55.983572,0.0],[14.1406227,55.9835912,0.0],[14.1406568,55.9835608,0.0],[14.1406026,55.9835416,0.0],[14.1405685,55.983572,0.0]]}},
{"type":"Feature","properties":{"fid":3538,"handle":102741,"block":-1,"etype":18,"space":0,"layer":"J26_Funkby","olinetype":"BYLAYER","linetype":"","color":"0,255,255,254","ocolor":256,"color24":-1,"transparency":0,"lweight":-1,"linewidth":0.0,"ltscale":1.0,"visible":1,"width":0.0,"thickness":0.0,"ext":"(3:0,0,0.1)"},"geometry":{"type":"LineString","coordinates":[[14.1405203,55.9836824,0.0],[14.1405746,55.9837015,0.0],[14.1406087,55.9836711,0.0],[14.1405545,55.983652,0.0],[14.1405203,55.9836824,0.0]]}},
{"type":"Feature","properties":{"fid":3539,"handle":102742,"block":-1,"etype":18,"space":0,"layer":"J26_Funkby","olinetype":"BYLAYER","linetype":"","color":"0,255,255,254","ocolor":256,"color24":-1,"transparency":0,"lweight":-1,"linewidth":0.0,"ltscale":1.0,"visible":1,"width":0.0,"thickness":0.0,"ext":"(3:0,0,0.1)"},"geometry":{"type":"LineString","coordinates":[[14.1405545,55.983652,0.0],[14.1406087,55.9836711,0.0],[14.1406428,55.9836407,0.0],[14.1405886,55.9836216,0.0],[14.1405545,55.983652,0.0]]}},
{"type":"Feature","properties":{"fid":3540,"handle":102743,"block":-1,"etype":18,"space":0,"layer":"J26_Funkby","olinetype":"BYLAYER","linetype":"","color":"0,255,255,254","ocolor":256,"color24":-1,"transparency":0,"lweight":-1,"linewidth":0.0,"ltscale":1.0,"visible":1,"width":0.0,"thickness":0.0,"ext":"(3:0,0,0.1)"},"geometry":{"type":"LineString","coordinates":[[14.1405886,55.9836216,0.0],[14.1406428,55.9836407,0.0],[14.1406769,55.9836103,0.0],[14.1406227,55.9835912,0.0],[14.1405886,55.9836216,0.0]]}},
{"type":"Feature","properties":{"fid":3541,"handle":102744,"block":-1,"etype":18,"space":0,"layer":"J26_Funkby","olinetype":"BYLAYER","linetype":"","color":"0,255,255,254","ocolor":256,"color24":-1,"transparency":0,"lweight":-1,"linewidth":0.0,"ltscale":1.0,"visible":1,"width":0.0,"thickness":0.0,"ext":"(3:0,0,0.1)"},"geometry":{"type":"LineString","coordinates":[[14.1406227,55.9835912,0.0],[14.1406769,55.9836103,0.0],[14.1407111,55.9835799,0.0],[14.1406568,55.9835608,0.0],[14.1406227,55.9835912,0.0]]}},
{"type":"Feature","properties":{"fid":3542,"handle":102751,"block":-1,"etype":18,"space":0,"layer":"J26_Funkby","olinetype":"BYLAYER","linetype":"","color":"0,255,255,254","ocolor":256,"color24":-1,"transparency":0,"lweight":-1,"linewidth":0.0,"ltscale":1.0,"visible":1,"width":0.0,"thickness":0.0,"ext":"(3:0,0,0.1)"},"geometry":{"type":"LineString","coordinates":[[14.1407289,55.9840981,0.0],[14.1407871,55.9841132,0.0],[14.140814,55.9840806,0.0],[14.1407558,55.9840655,0.0],[14.1407289,55.9840981,0.0]]}},
{"type":"Feature","properties":{"fid":3543,"handle":102752,"block":-1,"etype":18,"space":0,"layer":"J26_Funkby","olinetype":"BYLAYER","linetype":"","color":"0,255,255,254","ocolor":256,"color24":-1,"transparency":0,"lweight":-1,"linewidth":0.0,"ltscale":1.0,"visible":1,"width":0.0,"thickness":0.0,"ext":"(3:0,0,0.1)"},"geometry":{"type":"LineString","coordinates":[[14.1407558,55.9840655,0.0],[14.140814,55.9840806,0.0],[14.1408408,55.984048,0.0],[14.1407827,55.9840329,0.0],[14.1407558,55.9840655,0.0]]}},
{"type":"Feature","properties":{"fid":3544,"handle":102755,"block":-1,"etype":18,"space":0,"layer":"J26_Funkby","olinetype":"BYLAYER","linetype":"","color":"0,255,255,254","ocolor":256,"color24":-1,"transparency":0,"lweight":-1,"linewidth":0.0,"ltscale":1.0,"visible":1,"width":0.0,"thickness":0.0,"ext":"(3:0,0,0.1)"},"geometry":{"type":"LineString","coordinates":[[14.1407871,55.9841132,0.0],[14.1408453,55.9841283,0.0],[14.1408721,55.9840957,0.0],[14.140814,55.9840806,0.0],[14.1407871,55.9841132,0.0]]}},
{"type":"Feature","properties":{"fid":3545,"handle":102756,"block":-1,"etype":18,"space":0,"layer":"J26_Funkby","olinetype":"BYLAYER","linetype":"","color":"0,255,255,254","ocolor":256,"color24":-1,"transparency":0,"lweight":-1,"linewidth":0.0,"ltscale":1.0,"visible":1,"width":0.0,"thickness":0.0,"ext":"(3:0,0,0.1)"},"geometry":{"type":"LineString","coordinates":[[14.140814,55.9840806,0.0],[14.1408721,55.9840957,0.0],[14.140899,55.9840631,0.0],[14.1408408,55.984048,0.0],[14.140814,55.9840806,0.0]]}},
{"type":"Feature","properties":{"fid":3546,"handle":102759,"block":-1,"etype":18,"space":0,"layer":"J26_Funkby","olinetype":"BYLAYER","linetype":"","color":"0,255,255,254","ocolor":256,"color24":-1,"transparency":0,"lweight":-1,"linewidth":0.0,"ltscale":1.0,"visible":1,"width":0.0,"thickness":0.0,"ext":"(3:0,0,0.1)"},"geometry":{"type":"LineString","coordinates":[[14.1406976,55.9840505,0.0],[14.1407558,55.9840655,0.0],[14.1407827,55.9840329,0.0],[14.1407245,55.9840179,0.0],[14.1406976,55.9840505,0.0]]}},
{"type":"Feature","properties":{"fid":3547,"handle":102769,"block":-1,"etype":18,"space":0,"layer":"J26_Funkby","olinetype":"BYLAYER","linetype":"","color":"0,255,255,254","ocolor":256,"color24":-1,"transparency":0,"lweight":-1,"linewidth":0.0,"ltscale":1.0,"visible":1,"width":0.0,"thickness":0.0,"ext":"(3:0,0,0.1)"},"geometry":{"type":"LineString","coordinates":[[14.1406395,55.9840354,0.0],[14.1406976,55.9840505,0.0],[14.1407245,55.9840179,0.0],[14.1406663,55.9840028,0.0],[14.1406395,55.9840354,0.0]]}},
{"type":"Feature","properties":{"fid":3548,"handle":102770,"block":-1,"etype":18,"space":0,"layer":"J26_Funkby","olinetype":"BYLAYER","linetype":"","color":"0,255,255,254","ocolor":256,"color24":-1,"transparency":0,"lweight":-1,"linewidth":0.0,"ltscale":1.0,"visible":1,"width":0.0,"thickness":0.0,"ext":"(3:0,0,0.1)"},"geometry":{"type":"LineString","coordinates":[[14.1408374,55.9835077,0.0],[14.1408032,55.9835381,0.0],[14.1408575,55.9835573,0.0],[14.1408916,55.9835268,0.0],[14.1408374,55.9835077,0.0]]}},
{"type":"Feature","properties":{"fid":3549,"handle":102771,"block":-1,"etype":18,"space":0,"layer":"J26_Funkby","olinetype":"BYLAYER","linetype":"","color":"0,255,255,254","ocolor":256,"color24":-1,"transparency":0,"lweight":-1,"linewidth":0.0,"ltscale":1.0,"visible":1,"width":0.0,"thickness":0.0,"ext":"(3:0,0,0.1)"},"geometry":{"type":"LineString","coordinates":[[14.1408916,55.9835268,0.0],[14.1408575,55.9835573,0.0],[14.1409117,55.9835764,0.0],[14.1409458,55.983546,0.0],[14.1408916,55.9835268,0.0]]}},
{"type":"Feature","properties":{"fid":3550,"handle":102772,"block":-1,"etype":18,"space":0,"layer":"J26_Funkby","olinetype":"BYLAYER","linetype":"","color":"0,255,255,254","ocolor":256,"color24":-1,"transparency":0,"lweight":-1,"linewidth":0.0,"ltscale":1.0,"visible":1,"width":0.0,"thickness":0.0,"ext":"(3:0,0,0.1)"},"geometry":{"type":"LineString","coordinates":[[14.1409458,55.983546,0.0],[14.1409117,55.9835764,0.0],[14.140966,55.9835955,0.0],[14.1410001,55.9835651,0.0],[14.1409458,55.983546,0.0]]}},
{"type":"Feature","properties":{"fid":3551,"handle":102773,"block":-1,"etype":18,"space":0,"layer":"J26_Funkby","olinetype":"BYLAYER","linetype":"","color":"0,255,255,254","ocolor":256,"color24":-1,"transparency":0,"lweight":-1,"linewidth":0.0,"ltscale":1.0,"visible":1,"width":0.0,"thickness":0.0,"ext":"(3:0,0,0.1)"},"geometry":{"type":"LineString","coordinates":[[14.1410001,55.9835651,0.0],[14.140966,55.9835955,0.0],[14.1410202,55.9836146,0.0],[14.1410543,55.9835842,0.0],[14.1410001,55.9835651,0.0]]}},
{"type":"Feature","properties":{"fid":3552,"handle":102774,"block":-1,"etype":18,"space":0,"layer":"J26_Funkby","olinetype":"BYLAYER","linetype":"","color":"0,255,255,254","ocolor":256,"color24":-1,"transparency":0,"lweight":-1,"linewidth":0.0,"ltscale":1.0,"visible":1,"width":0.0,"thickness":0.0,"ext":"(3:0,0,0.1)"},"geometry":{"type":"LineString","coordinates":[[14.1408032,55.9835381,0.0],[14.1407691,55.9835685,0.0],[14.1408233,55.9835877,0.0],[14.1408575,55.9835573,0.0],[14.1408032,55.9835381,0.0]]}},
{"type":"Feature","properties":{"fid":3553,"handle":102775,"block":-1,"etype":18,"space":0,"layer":"J26_Funkby","olinetype":"BYLAYER","linetype":"","color":"0,255,255,254","ocolor":256,"color24":-1,"transparency":0,"lweight":-1,"linewidth":0.0,"ltscale":1.0,"visible":1,"width":0.0,"thickness":0.0,"ext":"(3:0,0,0.1)"},"geometry":{"type":"LineString","coordinates":[[14.1408575,55.9835573,0.0],[14.1408233,55.9835877,0.0],[14.1408776,55.9836068,0.0],[14.1409117,55.9835764,0.0],[14.1408575,55.9835573,0.0]]}},
{"type":"Feature","properties":{"fid":3554,"handle":102776,"block":-1,"etype":18,"space":0,"layer":"J26_Funkby","olinetype":"BYLAYER","linetype":"","color":"0,255,255,254","ocolor":256,"color24":-1,"transparency":0,"lweight":-1,"linewidth":0.0,"ltscale":1.0,"visible":1,"width":0.0,"thickness":0.0,"ext":"(3:0,0,0.1)"},"geometry":{"type":"LineString","coordinates":[[14.1409117,55.9835764,0.0],[14.1408776,55.9836068,0.0],[14.1409318,55.9836259,0.0],[14.140966,55.9835955,0.0],[14.1409117,55.9835764,0.0]]}},
{"type":"Feature","properties":{"fid":3555,"handle":102777,"block":-1,"etype":18,"space":0,"layer":"J26_Funkby","olinetype":"BYLAYER","linetype":"","color":"0,255,255,254","ocolor":256,"color24":-1,"transparency":0,"lweight":-1,"linewidth":0.0,"ltscale":1.0,"visible":1,"width":0.0,"thickness":0.0,"ext":"(3:0,0,0.1)"},"geometry":{"type":"LineString","coordinates":[[14.140966,55.9835955,0.0],[14.1409318,55.9836259,0.0],[14.1409861,55.9836451,0.0],[14.1410202,55.9836146,0.0],[14.140966,55.9835955,0.0]]}},
{"type":"Feature","properties":{"fid":3556,"handle":102779,"block":-1,"etype":18,"space":0,"layer":"J26_Funkby","olinetype":"BYLAYER","linetype":"","color":"0,255,255,254","ocolor":256,"color24":-1,"transparency":0,"lweight":-1,"linewidth":0.0,"ltscale":1.0,"visible":1,"width":0.0,"thickness":0.0,"ext":"(3:0,0,0.1)"},"geometry":{"type":"LineString","coordinates":[[14.1410202,55.9836146,0.0],[14.1409861,55.9836451,0.0],[14.1410403,55.9836642,0.0],[14.1410744,55.9836338,0.0],[14.1410202,55.9836146,0.0]]}},
{"type":"Feature","properties":{"fid":3557,"handle":102780,"block":-1,"etype":18,"space":0,"layer":"J26_Funkby","olinetype":"BYLAYER","linetype":"","color":"0,255,255,254","ocolor":256,"color24":-1,"transparency":0,"lweight":-1,"linewidth":0.0,"ltscale":1.0,"visible":1,"width":0.0,"thickness":0.0,"ext":"(3:0,0,0.1)"},"geometry":{"type":"LineString","coordinates":[[14.140749,55.983519,0.0],[14.1407149,55.9835494,0.0],[14.1407691,55.9835685,0.0],[14.1408032,55.9835381,0.0],[14.140749,55.983519,0.0]]}},
{"type":"Feature","properties":{"fid":3558,"handle":102781,"block":-1,"etype":18,"space":0,"layer":"J26_Funkby","olinetype":"BYLAYER","linetype":"","color":"0,255,255,254","ocolor":256,"color24":-1,"transparency":0,"lweight":-1,"linewidth":0.0,"ltscale":1.0,"visible":1,"width":0.0,"thickness":0.0,"ext":"(3:0,0,0.1)"},"geometry":{"type":"LineString","coordinates":[[14.1409999,55.9834908,0.0],[14.1409658,55.9835212,0.0],[14.14102,55.9835403,0.0],[14.1410542,55.9835099,0.0],[14.1409999,55.9834908,0.0]]}},
{"type":"Feature","properties":{"fid":3559,"handle":102782,"block":-1,"etype":18,"space":0,"layer":"J26_Funkby","olinetype":"BYLAYER","linetype":"","color":"0,255,255,254","ocolor":256,"color24":-1,"transparency":0,"lweight":-1,"linewidth":0.0,"ltscale":1.0,"visible":1,"width":0.0,"thickness":0.0,"ext":"(3:0,0,0.1)"},"geometry":{"type":"LineString","coordinates":[[14.1410542,55.9835099,0.0],[14.14102,55.9835403,0.0],[14.1410743,55.9835594,0.0],[14.1411084,55.983529,0.0],[14.1410542,55.9835099,0.0]]}},
{"type":"Feature","properties":{"fid":3560,"handle":102784,"block":-1,"etype":18,"space":0,"layer":"J26_Funkby","olinetype":"BYLAYER","linetype":"","color":"0,255,255,254","ocolor":256,"color24":-1,"transparency":0,"lweight":-1,"linewidth":0.0,"ltscale":1.0,"visible":1,"width":0.0,"thickness":0.0,"ext":"(3:0,0,0.1)"},"geometry":{"type":"LineString","coordinates":[[14.1408779,55.9839889,0.0],[14.1409322,55.984008,0.0],[14.1409663,55.9839776,0.0],[14.1409121,55.9839585,0.0],[14.1408779,55.9839889,0.0]]}},
{"type":"Feature","properties":{"fid":3561,"handle":102785,"block":-1,"etype":18,"space":0,"layer":"J26_Funkby","olinetype":"BYLAYER","linetype":"","color":"0,255,255,254","ocolor":256,"color24":-1,"transparency":0,"lweight":-1,"linewidth":0.0,"ltscale":1.0,"visible":1,"width":0.0,"thickness":0.0,"ext":"(3:0,0,0.1)"},"geometry":{"type":"LineString","coordinates":[[14.141339,55.9841098,0.0],[14.1413971,55.984125,0.0],[14.1414241,55.9840924,0.0],[14.1413659,55.9840773,0.0],[14.141339,55.9841098,0.0]]}},
{"type":"Feature","properties":{"fid":3562,"handle":102788,"block":-1,"etype":18,"space":0,"layer":"J26_Funkby","olinetype":"BYLAYER","linetype":"","color":"0,255,255,254","ocolor":256,"color24":-1,"transparency":0,"lweight":-1,"linewidth":0.0,"ltscale":1.0,"visible":1,"width":0.0,"thickness":0.0,"ext":"(3:0,0,0.1)"},"geometry":{"type":"LineString","coordinates":[[14.1419596,55.9835672,0.0],[14.1419515,55.9836028,0.0],[14.1420151,55.9836074,0.0],[14.1420232,55.9835717,0.0],[14.1419596,55.9835672,0.0]]}},
{"type":"Feature","properties":{"fid":3563,"handle":102789,"block":-1,"etype":18,"space":0,"layer":"J26_Funkby","olinetype":"BYLAYER","linetype":"","color":"0,255,255,254","ocolor":256,"color24":-1,"transparency":0,"lweight":-1,"linewidth":0.0,"ltscale":1.0,"visible":1,"width":0.0,"thickness":0.0,"ext":"(3:0,0,0.1)"},"geometry":{"type":"LineString","coordinates":[[14.1420232,55.9835717,0.0],[14.1420151,55.9836074,0.0],[14.1420787,55.9836119,0.0],[14.1420868,55.9835763,0.0],[14.1420232,55.9835717,0.0]]}},
{"type":"Feature","properties":{"fid":3564,"handle":102790,"block":-1,"etype":18,"space":0,"layer":"J26_Funkby","olinetype":"BYLAYER","linetype":"","color":"0,255,255,254","ocolor":256,"color24":-1,"transparency":0,"lweight":-1,"linewidth":0.0,"ltscale":1.0,"visible":1,"width":0.0,"thickness":0.0,"ext":"(3:0,0,0.1)"},"geometry":{"type":"LineString","coordinates":[[14.1420868,55.9835763,0.0],[14.1420787,55.9836119,0.0],[14.1421422,55.9836164,0.0],[14.1421503,55.9835808,0.0],[14.1420868,55.9835763,0.0]]}},
{"type":"Feature","properties":{"fid":3565,"handle":102791,"block":-1,"etype":18,"space":0,"layer":"J26_Funkby","olinetype":"BYLAYER","linetype":"","color":"0,255,255,254","ocolor":256,"color24":-1,"transparency":0,"lweight":-1,"linewidth":0.0,"ltscale":1.0,"visible":1,"width":0.0,"thickness":0.0,"ext":"(3:0,0,0.1)"},"geometry":{"type":"LineString","coordinates":[[14.1421503,55.9835808,0.0],[14.1421422,55.9836164,0.0],[14.1422058,55.983621,0.0],[14.1422139,55.9835853,0.0],[14.1421503,55.9835808,0.0]]}},
{"type":"Feature","properties":{"fid":3566,"handle":102792,"block":-1,"etype":18,"space":0,"layer":"J26_Funkby","olinetype":"BYLAYER","linetype":"","color":"0,255,255,254","ocolor":256,"color24":-1,"transparency":0,"lweight":-1,"linewidth":0.0,"ltscale":1.0,"visible":1,"width":0.0,"thickness":0.0,"ext":"(3:0,0,0.1)"},"geometry":{"type":"LineString","coordinates":[[14.1417618,55.9835564,0.0],[14.1417347,55.983589,0.0],[14.1417928,55.9836042,0.0],[14.1418198,55.9835716,0.0],[14.1417618,55.9835564,0.0]]}},
{"type":"Feature","properties":{"fid":3567,"handle":102793,"block":-1,"etype":18,"space":0,"layer":"J26_Funkby","olinetype":"BYLAYER","linetype":"","color":"0,255,255,254","ocolor":256,"color24":-1,"transparency":0,"lweight":-1,"linewidth":0.0,"ltscale":1.0,"visible":1,"width":0.0,"thickness":0.0,"ext":"(3:0,0,0.1)"},"geometry":{"type":"LineString","coordinates":[[14.1424856,55.9851794,0.0],[14.1425319,55.9852042,0.0],[14.1425762,55.9851782,0.0],[14.1425298,55.9851534,0.0],[14.1424856,55.9851794,0.0]]}},
{"type":"Feature","properties":{"fid":3568,"handle":102794,"block":-1,"etype":18,"space":0,"layer":"J26_Funkby","olinetype":"BYLAYER","linetype":"","color":"0,255,255,254","ocolor":256,"color24":-1,"transparency":0,"lweight":-1,"linewidth":0.0,"ltscale":1.0,"visible":1,"width":0.0,"thickness":0.0,"ext":"(3:0,0,0.1)"},"geometry":{"type":"LineString","coordinates":[[14.1425298,55.9851534,0.0],[14.1425762,55.9851782,0.0],[14.1426204,55.9851522,0.0],[14.142574,55.9851274,0.0],[14.1425298,55.9851534,0.0]]}},
{"type":"Feature","properties":{"fid":3569,"handle":102795,"block":-1,"etype":18,"space":0,"layer":"J26_Funkby","olinetype":"BYLAYER","linetype":"","color":"0,255,255,254","ocolor":256,"color24":-1,"transparency":0,"lweight":-1,"linewidth":0.0,"ltscale":1.0,"visible":1,"width":0.0,"thickness":0.0,"ext":"(3:0,0,0.1)"},"geometry":{"type":"LineString","coordinates":[[14.142574,55.9851274,0.0],[14.1426204,55.9851522,0.0],[14.1426646,55.9851263,0.0],[14.1426183,55.9851015,0.0],[14.142574,55.9851274,0.0]]}},
{"type":"Feature","properties":{"fid":3570,"handle":102796,"block":-1,"etype":18,"space":0,"layer":"J26_Funkby","olinetype":"BYLAYER","linetype":"","color":"0,255,255,254","ocolor":256,"color24":-1,"transparency":0,"lweight":-1,"linewidth":0.0,"ltscale":1.0,"visible":1,"width":0.0,"thickness":0.0,"ext":"(3:0,0,0.1)"},"geometry":{"type":"LineString","coordinates":[[14.1426183,55.9851015,0.0],[14.1426646,55.9851263,0.0],[14.1427089,55.9851003,0.0],[14.1426625,55.9850755,0.0],[14.1426183,55.9851015,0.0]]}},
{"type":"Feature","properties":{"fid":3571,"handle":102797,"block":-1,"etype":18,"space":0,"layer":"J26_Funkby","olinetype":"BYLAYER","linetype":"","color":"0,255,255,254","ocolor":256,"color24":-1,"transparency":0,"lweight":-1,"linewidth":0.0,"ltscale":1.0,"visible":1,"width":0.0,"thickness":0.0,"ext":"(3:0,0,0.1)"},"geometry":{"type":"LineString","coordinates":[[14.1425319,55.9852042,0.0],[14.1425783,55.985229,0.0],[14.1426225,55.985203,0.0],[14.1425762,55.9851782,0.0],[14.1425319,55.9852042,0.0]]}},
{"type":"Feature","properties":{"fid":3572,"handle":102798,"block":-1,"etype":18,"space":0,"layer":"J26_Funkby","olinetype":"BYLAYER","linetype":"","color":"0,255,255,254","ocolor":256,"color24":-1,"transparency":0,"lweight":-1,"linewidth":0.0,"ltscale":1.0,"visible":1,"width":0.0,"thickness":0.0,"ext":"(3:0,0,0.1)"},"geometry":{"type":"LineString","coordinates":[[14.1425762,55.9851782,0.0],[14.1426225,55.985203,0.0],[14.1426668,55.985177,0.0],[14.1426204,55.9851522,0.0],[14.1425762,55.9851782,0.0]]}},
{"type":"Feature","properties":{"fid":3573,"handle":102799,"block":-1,"etype":18,"space":0,"layer":"J26_Funkby","olinetype":"BYLAYER","linetype":"","color":"0,255,255,254","ocolor":256,"color24":-1,"transparency":0,"lweight":-1,"linewidth":0.0,"ltscale":1.0,"visible":1,"width":0.0,"thickness":0.0,"ext":"(3:0,0,0.1)"},"geometry":{"type":"LineString","coordinates":[[14.1426204,55.9851522,0.0],[14.1426668,55.985177,0.0],[14.142711,55.9851511,0.0],[14.1426646,55.9851263,0.0],[14.1426204,55.9851522,0.0]]}},
{"type":"Feature","properties":{"fid":3574,"handle":102800,"block":-1,"etype":18,"space":0,"layer":"J26_Funkby","olinetype":"BYLAYER","linetype":"","color":"0,255,255,254","ocolor":256,"color24":-1,"transparency":0,"lweight":-1,"linewidth":0.0,"ltscale":1.0,"visible":1,"width":0.0,"thickness":0.0,"ext":"(3:0,0,0.1)"},"geometry":{"type":"LineString","coordinates":[[14.1426646,55.9851263,0.0],[14.142711,55.9851511,0.0],[14.1427553,55.9851251,0.0],[14.1427089,55.9851003,0.0],[14.1426646,55.9851263,0.0]]}},
{"type":"Feature","properties":{"fid":3575,"handle":102809,"block":-1,"etype":18,"space":0,"layer":"J26_Funkby","olinetype":"BYLAYER","linetype":"","color":"0,255,255,254","ocolor":256,"color24":-1,"transparency":0,"lweight":-1,"linewidth":0.0,"ltscale":1.0,"visible":1,"width":0.0,"thickness":0.0,"ext":"(3:0,0,0.1)"},"geometry":{"type":"LineString","coordinates":[[14.1423576,55.9851109,0.0],[14.142404,55.9851357,0.0],[14.1424482,55.9851098,0.0],[14.1424019,55.985085,0.0],[14.1423576,55.9851109,0.0]]}},
{"type":"Feature","properties":{"fid":3576,"handle":102810,"block":-1,"etype":18,"space":0,"layer":"J26_Funkby","olinetype":"BYLAYER","linetype":"","color":"0,255,255,254","ocolor":256,"color24":-1,"transparency":0,"lweight":-1,"linewidth":0.0,"ltscale":1.0,"visible":1,"width":0.0,"thickness":0.0,"ext":"(3:0,0,0.1)"},"geometry":{"type":"LineString","coordinates":[[14.1424019,55.985085,0.0],[14.1424482,55.9851098,0.0],[14.1424925,55.9850838,0.0],[14.1424461,55.985059,0.0],[14.1424019,55.985085,0.0]]}},
{"type":"Feature","properties":{"fid":3577,"handle":102811,"block":-1,"etype":18,"space":0,"layer":"J26_Funkby","olinetype":"BYLAYER","linetype":"","color":"0,255,255,254","ocolor":256,"color24":-1,"transparency":0,"lweight":-1,"linewidth":0.0,"ltscale":1.0,"visible":1,"width":0.0,"thickness":0.0,"ext":"(3:0,0,0.1)"},"geometry":{"type":"LineString","coordinates":[[14.1424461,55.985059,0.0],[14.1424925,55.9850838,0.0],[14.1425367,55.9850578,0.0],[14.1424903,55.985033,0.0],[14.1424461,55.985059,0.0]]}},
{"type":"Feature","properties":{"fid":3578,"handle":102812,"block":-1,"etype":18,"space":0,"layer":"J26_Funkby","olinetype":"BYLAYER","linetype":"","color":"0,255,255,254","ocolor":256,"color24":-1,"transparency":0,"lweight":-1,"linewidth":0.0,"ltscale":1.0,"visible":1,"width":0.0,"thickness":0.0,"ext":"(3:0,0,0.1)"},"geometry":{"type":"LineString","coordinates":[[14.1424903,55.985033,0.0],[14.1425367,55.9850578,0.0],[14.142581,55.9850318,0.0],[14.1425346,55.985007,0.0],[14.1424903,55.985033,0.0]]}},
{"type":"Feature","properties":{"fid":3579,"handle":102813,"block":-1,"etype":18,"space":0,"layer":"J26_Funkby","olinetype":"BYLAYER","linetype":"","color":"0,255,255,254","ocolor":256,"color24":-1,"transparency":0,"lweight":-1,"linewidth":0.0,"ltscale":1.0,"visible":1,"width":0.0,"thickness":0.0,"ext":"(3:0,0,0.1)"},"geometry":{"type":"LineString","coordinates":[[14.142404,55.9851357,0.0],[14.1424504,55.9851605,0.0],[14.1424946,55.9851346,0.0],[14.1424482,55.9851098,0.0],[14.142404,55.9851357,0.0]]}},
{"type":"Feature","properties":{"fid":3580,"handle":102814,"block":-1,"etype":18,"space":0,"layer":"J26_Funkby","olinetype":"BYLAYER","linetype":"","color":"0,255,255,254","ocolor":256,"color24":-1,"transparency":0,"lweight":-1,"linewidth":0.0,"ltscale":1.0,"visible":1,"width":0.0,"thickness":0.0,"ext":"(3:0,0,0.1)"},"geometry":{"type":"LineString","coordinates":[[14.1424482,55.9851098,0.0],[14.1424946,55.9851346,0.0],[14.1425388,55.9851086,0.0],[14.1424925,55.9850838,0.0],[14.1424482,55.9851098,0.0]]}},
{"type":"Feature","properties":{"fid":3581,"handle":102815,"block":-1,"etype":18,"space":0,"layer":"J26_Funkby","olinetype":"BYLAYER","linetype":"","color":"0,255,255,254","ocolor":256,"color24":-1,"transparency":0,"lweight":-1,"linewidth":0.0,"ltscale":1.0,"visible":1,"width":0.0,"thickness":0.0,"ext":"(3:0,0,0.1)"},"geometry":{"type":"LineString","coordinates":[[14.1424925,55.9850838,0.0],[14.1425388,55.9851086,0.0],[14.1425831,55.9850826,0.0],[14.1425367,55.9850578,0.0],[14.1424925,55.9850838,0.0]]}},
{"type":"Feature","properties":{"fid":3582,"handle":102816,"block":-1,"etype":18,"space":0,"layer":"J26_Funkby","olinetype":"BYLAYER","linetype":"","color":"0,255,255,254","ocolor":256,"color24":-1,"transparency":0,"lweight":-1,"linewidth":0.0,"ltscale":1.0,"visible":1,"width":0.0,"thickness":0.0,"ext":"(3:0,0,0.1)"},"geometry":{"type":"LineString","coordinates":[[14.1425367,55.9850578,0.0],[14.1425831,55.9850826,0.0],[14.1426273,55.9850566,0.0],[14.142581,55.9850318,0.0],[14.1425367,55.9850578,0.0]]}},
{"type":"Feature","properties":{"fid":3583,"handle":102829,"block":-1,"etype":18,"space":0,"layer":"J26_Funkby","olinetype":"BYLAYER","linetype":"","color":"0,255,255,254","ocolor":256,"color24":-1,"transparency":0,"lweight":-1,"linewidth":0.0,"ltscale":1.0,"visible":1,"width":0.0,"thickness":0.0,"ext":"(3:0,0,0.1)"},"geometry":{"type":"LineString","coordinates":[[14.1422297,55.9850425,0.0],[14.1422761,55.9850673,0.0],[14.1423203,55.9850413,0.0],[14.1422739,55.9850165,0.0],[14.1422297,55.9850425,0.0]]}},
{"type":"Feature","properties":{"fid":3584,"handle":102830,"block":-1,"etype":18,"space":0,"layer":"J26_Funkby","olinetype":"BYLAYER","linetype":"","color":"0,255,255,254","ocolor":256,"color24":-1,"transparency":0,"lweight":-1,"linewidth":0.0,"ltscale":1.0,"visible":1,"width":0.0,"thickness":0.0,"ext":"(3:0,0,0.1)"},"geometry":{"type":"LineString","coordinates":[[14.1422739,55.9850165,0.0],[14.1423203,55.9850413,0.0],[14.1423645,55.9850153,0.0],[14.1423182,55.9849905,0.0],[14.1422739,55.9850165,0.0]]}},
{"type":"Feature","properties":{"fid":3585,"handle":102831,"block":-1,"etype":18,"space":0,"layer":"J26_Funkby","olinetype":"BYLAYER","linetype":"","color":"0,255,255,254","ocolor":256,"color24":-1,"transparency":0,"lweight":-1,"linewidth":0.0,"ltscale":1.0,"visible":1,"width":0.0,"thickness":0.0,"ext":"(3:0,0,0.1)"},"geometry":{"type":"LineString","coordinates":[[14.1423182,55.9849905,0.0],[14.1423645,55.9850153,0.0],[14.1424088,55.9849893,0.0],[14.1423624,55.9849645,0.0],[14.1423182,55.9849905,0.0]]}},
{"type":"Feature","properties":{"fid":3586,"handle":102832,"block":-1,"etype":18,"space":0,"layer":"J26_Funkby","olinetype":"BYLAYER","linetype":"","color":"0,255,255,254","ocolor":256,"color24":-1,"transparency":0,"lweight":-1,"linewidth":0.0,"ltscale":1.0,"visible":1,"width":0.0,"thickness":0.0,"ext":"(3:0,0,0.1)"},"geometry":{"type":"LineString","coordinates":[[14.1423624,55.9849645,0.0],[14.1424088,55.9849893,0.0],[14.142453,55.9849633,0.0],[14.1424067,55.9849385,0.0],[14.1423624,55.9849645,0.0]]}},
{"type":"Feature","properties":{"fid":3587,"handle":102833,"block":-1,"etype":18,"space":0,"layer":"J26_Funkby","olinetype":"BYLAYER","linetype":"","color":"0,255,255,254","ocolor":256,"color24":-1,"transparency":0,"lweight":-1,"linewidth":0.0,"ltscale":1.0,"visible":1,"width":0.0,"thickness":0.0,"ext":"(3:0,0,0.1)"},"geometry":{"type":"LineString","coordinates":[[14.1422761,55.9850673,0.0],[14.1423224,55.9850921,0.0],[14.1423667,55.9850661,0.0],[14.1423203,55.9850413,0.0],[14.1422761,55.9850673,0.0]]}},
{"type":"Feature","properties":{"fid":3588,"handle":102834,"block":-1,"etype":18,"space":0,"layer":"J26_Funkby","olinetype":"BYLAYER","linetype":"","color":"0,255,255,254","ocolor":256,"color24":-1,"transparency":0,"lweight":-1,"linewidth":0.0,"ltscale":1.0,"visible":1,"width":0.0,"thickness":0.0,"ext":"(3:0,0,0.1)"},"geometry":{"type":"LineString","coordinates":[[14.1423203,55.9850413,0.0],[14.1423667,55.9850661,0.0],[14.1424109,55.9850401,0.0],[14.1423645,55.9850153,0.0],[14.1423203,55.9850413,0.0]]}},
{"type":"Feature","properties":{"fid":3589,"handle":102835,"block":-1,"etype":18,"space":0,"layer":"J26_Funkby","olinetype":"BYLAYER","linetype":"","color":"0,255,255,254","ocolor":256,"color24":-1,"transparency":0,"lweight":-1,"linewidth":0.0,"ltscale":1.0,"visible":1,"width":0.0,"thickness":0.0,"ext":"(3:0,0,0.1)"},"geometry":{"type":"LineString","coordinates":[[14.1423645,55.9850153,0.0],[14.1424109,55.9850401,0.0],[14.1424551,55.9850141,0.0],[14.1424088,55.9849893,0.0],[14.1423645,55.9850153,0.0]]}},
{"type":"Feature","properties":{"fid":3590,"handle":102836,"block":-1,"etype":18,"space":0,"layer":"J26_Funkby","olinetype":"BYLAYER","linetype":"","color":"0,255,255,254","ocolor":256,"color24":-1,"transparency":0,"lweight":-1,"linewidth":0.0,"ltscale":1.0,"visible":1,"width":0.0,"thickness":0.0,"ext":"(3:0,0,0.1)"},"geometry":{"type":"LineString","coordinates":[[14.1424088,55.9849893,0.0],[14.1424551,55.9850141,0.0],[14.1424994,55.9849881,0.0],[14.142453,55.9849633,0.0],[14.1424088,55.9849893,0.0]]}},
{"type":"Feature","properties":{"fid":3591,"handle":102838,"block":-1,"etype":18,"space":0,"layer":"J26_Funkby","olinetype":"BYLAYER","linetype":"","color":"0,255,255,254","ocolor":256,"color24":-1,"transparency":0,"lweight":-1,"linewidth":0.0,"ltscale":1.0,"visible":1,"width":0.0,"thickness":0.0,"ext":"(3:0,0,0.1)"},"geometry":{"type":"LineString","coordinates":[[14.1421017,55.984974,0.0],[14.142148,55.9849988,0.0],[14.1421923,55.9849728,0.0],[14.1421459,55.984948,0.0],[14.1421017,55.984974,0.0]]}},
{"type":"Feature","properties":{"fid":3592,"handle":102839,"block":-1,"etype":18,"space":0,"layer":"J26_Funkby","olinetype":"BYLAYER","linetype":"","color":"0,255,255,254","ocolor":256,"color24":-1,"transparency":0,"lweight":-1,"linewidth":0.0,"ltscale":1.0,"visible":1,"width":0.0,"thickness":0.0,"ext":"(3:0,0,0.1)"},"geometry":{"type":"LineString","coordinates":[[14.1421459,55.984948,0.0],[14.1421923,55.9849728,0.0],[14.1422365,55.9849469,0.0],[14.1421902,55.9849221,0.0],[14.1421459,55.984948,0.0]]}},
{"type":"Feature","properties":{"fid":3593,"handle":102840,"block":-1,"etype":18,"space":0,"layer":"J26_Funkby","olinetype":"BYLAYER","linetype":"","color":"0,255,255,254","ocolor":256,"color24":-1,"transparency":0,"lweight":-1,"linewidth":0.0,"ltscale":1.0,"visible":1,"width":0.0,"thickness":0.0,"ext":"(3:0,0,0.1)"},"geometry":{"type":"LineString","coordinates":[[14.1421902,55.9849221,0.0],[14.1422365,55.9849469,0.0],[14.1422808,55.9849209,0.0],[14.1422344,55.9848961,0.0],[14.1421902,55.9849221,0.0]]}},
{"type":"Feature","properties":{"fid":3594,"handle":102841,"block":-1,"etype":18,"space":0,"layer":"J26_Funkby","olinetype":"BYLAYER","linetype":"","color":"0,255,255,254","ocolor":256,"color24":-1,"transparency":0,"lweight":-1,"linewidth":0.0,"ltscale":1.0,"visible":1,"width":0.0,"thickness":0.0,"ext":"(3:0,0,0.1)"},"geometry":{"type":"LineString","coordinates":[[14.1422344,55.9848961,0.0],[14.1422808,55.9849209,0.0],[14.142325,55.9848949,0.0],[14.1422786,55.9848701,0.0],[14.1422344,55.9848961,0.0]]}},
{"type":"Feature","properties":{"fid":3595,"handle":102842,"block":-1,"etype":18,"space":0,"layer":"J26_Funkby","olinetype":"BYLAYER","linetype":"","color":"0,255,255,254","ocolor":256,"color24":-1,"transparency":0,"lweight":-1,"linewidth":0.0,"ltscale":1.0,"visible":1,"width":0.0,"thickness":0.0,"ext":"(3:0,0,0.1)"},"geometry":{"type":"LineString","coordinates":[[14.142148,55.9849988,0.0],[14.1421944,55.9850236,0.0],[14.1422386,55.9849976,0.0],[14.1421923,55.9849728,0.0],[14.142148,55.9849988,0.0]]}},
{"type":"Feature","properties":{"fid":3596,"handle":102843,"block":-1,"etype":18,"space":0,"layer":"J26_Funkby","olinetype":"BYLAYER","linetype":"","color":"0,255,255,254","ocolor":256,"color24":-1,"transparency":0,"lweight":-1,"linewidth":0.0,"ltscale":1.0,"visible":1,"width":0.0,"thickness":0.0,"ext":"(3:0,0,0.1)"},"geometry":{"type":"LineString","coordinates":[[14.1421923,55.9849728,0.0],[14.1422386,55.9849976,0.0],[14.1422829,55.9849717,0.0],[14.1422365,55.9849469,0.0],[14.1421923,55.9849728,0.0]]}},
{"type":"Feature","properties":{"fid":3597,"handle":102844,"block":-1,"etype":18,"space":0,"layer":"J26_Funkby","olinetype":"BYLAYER","linetype":"","color":"0,255,255,254","ocolor":256,"color24":-1,"transparency":0,"lweight":-1,"linewidth":0.0,"ltscale":1.0,"visible":1,"width":0.0,"thickness":0.0,"ext":"(3:0,0,0.1)"},"geometry":{"type":"LineString","coordinates":[[14.1422365,55.9849469,0.0],[14.1422829,55.9849717,0.0],[14.1423271,55.9849457,0.0],[14.1422808,55.9849209,0.0],[14.1422365,55.9849469,0.0]]}},
{"type":"Feature","properties":{"fid":3598,"handle":102845,"block":-1,"etype":18,"space":0,"layer":"J26_Funkby","olinetype":"BYLAYER","linetype":"","color":"0,255,255,254","ocolor":256,"color24":-1,"transparency":0,"lweight":-1,"linewidth":0.0,"ltscale":1.0,"visible":1,"width":0.0,"thickness":0.0,"ext":"(3:0,0,0.1)"},"geometry":{"type":"LineString","coordinates":[[14.1422808,55.9849209,0.0],[14.1423271,55.9849457,0.0],[14.1423714,55.9849197,0.0],[14.142325,55.9848949,0.0],[14.1422808,55.9849209,0.0]]}},
{"type":"Feature","properties":{"fid":3599,"handle":102847,"block":-1,"etype":18,"space":0,"layer":"J26_Funkby","olinetype":"BYLAYER","linetype":"","color":"0,255,255,254","ocolor":256,"color24":-1,"transparency":0,"lweight":-1,"linewidth":0.0,"ltscale":1.0,"visible":1,"width":0.0,"thickness":0.0,"ext":"(3:0,0,0.1)"},"geometry":{"type":"LineString","coordinates":[[14.1419737,55.9849056,0.0],[14.1420201,55.9849304,0.0],[14.1420643,55.9849044,0.0],[14.142018,55.9848796,0.0],[14.1419737,55.9849056,0.0]]}},
{"type":"Feature","properties":{"fid":3600,"handle":102848,"block":-1,"etype":18,"space":0,"layer":"J26_Funkby","olinetype":"BYLAYER","linetype":"","color":"0,255,255,254","ocolor":256,"color24":-1,"transparency":0,"lweight":-1,"linewidth":0.0,"ltscale":1.0,"visible":1,"width":0.0,"thickness":0.0,"ext":"(3:0,0,0.1)"},"geometry":{"type":"LineString","coordinates":[[14.142018,55.9848796,0.0],[14.1420643,55.9849044,0.0],[14.1421086,55.9848784,0.0],[14.1420622,55.9848536,0.0],[14.142018,55.9848796,0.0]]}},
{"type":"Feature","properties":{"fid":3601,"handle":102849,"block":-1,"etype":18,"space":0,"layer":"J26_Funkby","olinetype":"BYLAYER","linetype":"","color":"0,255,255,254","ocolor":256,"color24":-1,"transparency":0,"lweight":-1,"linewidth":0.0,"ltscale":1.0,"visible":1,"width":0.0,"thickness":0.0,"ext":"(3:0,0,0.1)"},"geometry":{"type":"LineString","coordinates":[[14.1420622,55.9848536,0.0],[14.1421086,55.9848784,0.0],[14.1421528,55.9848524,0.0],[14.1421065,55.9848276,0.0],[14.1420622,55.9848536,0.0]]}},
{"type":"Feature","properties":{"fid":3602,"handle":102850,"block":-1,"etype":18,"space":0,"layer":"J26_Funkby","olinetype":"BYLAYER","linetype":"","color":"0,255,255,254","ocolor":256,"color24":-1,"transparency":0,"lweight":-1,"linewidth":0.0,"ltscale":1.0,"visible":1,"width":0.0,"thickness":0.0,"ext":"(3:0,0,0.1)"},"geometry":{"type":"LineString","coordinates":[[14.1421065,55.9848276,0.0],[14.1421528,55.9848524,0.0],[14.1421971,55.9848264,0.0],[14.1421507,55.9848016,0.0],[14.1421065,55.9848276,0.0]]}},
{"type":"Feature","properties":{"fid":3603,"handle":102851,"block":-1,"etype":18,"space":0,"layer":"J26_Funkby","olinetype":"BYLAYER","linetype":"","color":"0,255,255,254","ocolor":256,"color24":-1,"transparency":0,"lweight":-1,"linewidth":0.0,"ltscale":1.0,"visible":1,"width":0.0,"thickness":0.0,"ext":"(3:0,0,0.1)"},"geometry":{"type":"LineString","coordinates":[[14.1420201,55.9849304,0.0],[14.1420665,55.9849552,0.0],[14.1421107,55.9849292,0.0],[14.1420643,55.9849044,0.0],[14.1420201,55.9849304,0.0]]}},
{"type":"Feature","properties":{"fid":3604,"handle":102852,"block":-1,"etype":18,"space":0,"layer":"J26_Funkby","olinetype":"BYLAYER","linetype":"","color":"0,255,255,254","ocolor":256,"color24":-1,"transparency":0,"lweight":-1,"linewidth":0.0,"ltscale":1.0,"visible":1,"width":0.0,"thickness":0.0,"ext":"(3:0,0,0.1)"},"geometry":{"type":"LineString","coordinates":[[14.1420643,55.9849044,0.0],[14.1421107,55.9849292,0.0],[14.142155,55.9849032,0.0],[14.1421086,55.9848784,0.0],[14.1420643,55.9849044,0.0]]}},
{"type":"Feature","properties":{"fid":3605,"handle":102853,"block":-1,"etype":18,"space":0,"layer":"J26_Funkby","olinetype":"BYLAYER","linetype":"","color":"0,255,255,254","ocolor":256,"color24":-1,"transparency":0,"lweight":-1,"linewidth":0.0,"ltscale":1.0,"visible":1,"width":0.0,"thickness":0.0,"ext":"(3:0,0,0.1)"},"geometry":{"type":"LineString","coordinates":[[14.1421086,55.9848784,0.0],[14.142155,55.9849032,0.0],[14.1421992,55.9848772,0.0],[14.1421528,55.9848524,0.0],[14.1421086,55.9848784,0.0]]}},
{"type":"Feature","properties":{"fid":3606,"handle":102854,"block":-1,"etype":18,"space":0,"layer":"J26_Funkby","olinetype":"BYLAYER","linetype":"","color":"0,255,255,254","ocolor":256,"color24":-1,"transparency":0,"lweight":-1,"linewidth":0.0,"ltscale":1.0,"visible":1,"width":0.0,"thickness":0.0,"ext":"(3:0,0,0.1)"},"geometry":{"type":"LineString","coordinates":[[14.1421528,55.9848524,0.0],[14.1421992,55.9848772,0.0],[14.1422434,55.9848512,0.0],[14.1421971,55.9848264,0.0],[14.1421528,55.9848524,0.0]]}},
{"type":"Feature","properties":{"fid":3607,"handle":102856,"block":-1,"etype":18,"space":0,"layer":"J26_Funkby","olinetype":"BYLAYER","linetype":"","color":"0,255,255,254","ocolor":256,"color24":-1,"transparency":0,"lweight":-1,"linewidth":0.0,"ltscale":1.0,"visible":1,"width":0.0,"thickness":0.0,"ext":"(3:0,0,0.1)"},"geometry":{"type":"LineString","coordinates":[[14.1418458,55.9848371,0.0],[14.1418922,55.9848619,0.0],[14.1419364,55.9848359,0.0],[14.1418901,55.9848111,0.0],[14.1418458,55.9848371,0.0]]}},
{"type":"Feature","properties":{"fid":3608,"handle":102857,"block":-1,"etype":18,"space":0,"layer":"J26_Funkby","olinetype":"BYLAYER","linetype":"","color":"0,255,255,254","ocolor":256,"color24":-1,"transparency":0,"lweight":-1,"linewidth":0.0,"ltscale":1.0,"visible":1,"width":0.0,"thickness":0.0,"ext":"(3:0,0,0.1)"},"geometry":{"type":"LineString","coordinates":[[14.1418901,55.9848111,0.0],[14.1419364,55.9848359,0.0],[14.1419807,55.9848099,0.0],[14.1419343,55.9847851,0.0],[14.1418901,55.9848111,0.0]]}},
{"type":"Feature","properties":{"fid":3609,"handle":102858,"block":-1,"etype":18,"space":0,"layer":"J26_Funkby","olinetype":"BYLAYER","linetype":"","color":"0,255,255,254","ocolor":256,"color24":-1,"transparency":0,"lweight":-1,"linewidth":0.0,"ltscale":1.0,"visible":1,"width":0.0,"thickness":0.0,"ext":"(3:0,0,0.1)"},"geometry":{"type":"LineString","coordinates":[[14.1419343,55.9847851,0.0],[14.1419807,55.9848099,0.0],[14.1420249,55.9847839,0.0],[14.1419785,55.9847591,0.0],[14.1419343,55.9847851,0.0]]}},
{"type":"Feature","properties":{"fid":3610,"handle":102859,"block":-1,"etype":18,"space":0,"layer":"J26_Funkby","olinetype":"BYLAYER","linetype":"","color":"0,255,255,254","ocolor":256,"color24":-1,"transparency":0,"lweight":-1,"linewidth":0.0,"ltscale":1.0,"visible":1,"width":0.0,"thickness":0.0,"ext":"(3:0,0,0.1)"},"geometry":{"type":"LineString","coordinates":[[14.1419785,55.9847591,0.0],[14.1420249,55.9847839,0.0],[14.1420691,55.9847579,0.0],[14.1420228,55.9847331,0.0],[14.1419785,55.9847591,0.0]]}},
{"type":"Feature","properties":{"fid":3611,"handle":102860,"block":-1,"etype":18,"space":0,"layer":"J26_Funkby","olinetype":"BYLAYER","linetype":"","color":"0,255,255,254","ocolor":256,"color24":-1,"transparency":0,"lweight":-1,"linewidth":0.0,"ltscale":1.0,"visible":1,"width":0.0,"thickness":0.0,"ext":"(3:0,0,0.1)"},"geometry":{"type":"LineString","coordinates":[[14.1418922,55.9848619,0.0],[14.1419385,55.9848867,0.0],[14.1419828,55.9848607,0.0],[14.1419364,55.9848359,0.0],[14.1418922,55.9848619,0.0]]}},
{"type":"Feature","properties":{"fid":3612,"handle":102861,"block":-1,"etype":18,"space":0,"layer":"J26_Funkby","olinetype":"BYLAYER","linetype":"","color":"0,255,255,254","ocolor":256,"color24":-1,"transparency":0,"lweight":-1,"linewidth":0.0,"ltscale":1.0,"visible":1,"width":0.0,"thickness":0.0,"ext":"(3:0,0,0.1)"},"geometry":{"type":"LineString","coordinates":[[14.1419364,55.9848359,0.0],[14.1419828,55.9848607,0.0],[14.142027,55.9848347,0.0],[14.1419807,55.9848099,0.0],[14.1419364,55.9848359,0.0]]}},
{"type":"Feature","properties":{"fid":3613,"handle":102862,"block":-1,"etype":18,"space":0,"layer":"J26_Funkby","olinetype":"BYLAYER","linetype":"","color":"0,255,255,254","ocolor":256,"color24":-1,"transparency":0,"lweight":-1,"linewidth":0.0,"ltscale":1.0,"visible":1,"width":0.0,"thickness":0.0,"ext":"(3:0,0,0.1)"},"geometry":{"type":"LineString","coordinates":[[14.1419807,55.9848099,0.0],[14.142027,55.9848347,0.0],[14.1420713,55.9848087,0.0],[14.1420249,55.9847839,0.0],[14.1419807,55.9848099,0.0]]}},
{"type":"Feature","properties":{"fid":3614,"handle":102863,"block":-1,"etype":18,"space":0,"layer":"J26_Funkby","olinetype":"BYLAYER","linetype":"","color":"0,255,255,254","ocolor":256,"color24":-1,"transparency":0,"lweight":-1,"linewidth":0.0,"ltscale":1.0,"visible":1,"width":0.0,"thickness":0.0,"ext":"(3:0,0,0.1)"},"geometry":{"type":"LineString","coordinates":[[14.1420249,55.9847839,0.0],[14.1420713,55.9848087,0.0],[14.1421155,55.9847827,0.0],[14.1420691,55.9847579,0.0],[14.1420249,55.9847839,0.0]]}},
{"type":"Feature","properties":{"fid":3615,"handle":102865,"block":-1,"etype":18,"space":0,"layer":"J26_Funkby","olinetype":"BYLAYER","linetype":"","color":"0,255,255,254","ocolor":256,"color24":-1,"transparency":0,"lweight":-1,"linewidth":0.0,"ltscale":1.0,"visible":1,"width":0.0,"thickness":0.0,"ext":"(3:0,0,0.1)"},"geometry":{"type":"LineString","coordinates":[[14.1417178,55.9847687,0.0],[14.1417641,55.9847935,0.0],[14.1418084,55.9847675,0.0],[14.141762,55.9847427,0.0],[14.1417178,55.9847687,0.0]]}},
{"type":"Feature","properties":{"fid":3616,"handle":102866,"block":-1,"etype":18,"space":0,"layer":"J26_Funkby","olinetype":"BYLAYER","linetype":"","color":"0,255,255,254","ocolor":256,"color24":-1,"transparency":0,"lweight":-1,"linewidth":0.0,"ltscale":1.0,"visible":1,"width":0.0,"thickness":0.0,"ext":"(3:0,0,0.1)"},"geometry":{"type":"LineString","coordinates":[[14.141762,55.9847427,0.0],[14.1418084,55.9847675,0.0],[14.1418526,55.9847415,0.0],[14.1418062,55.9847167,0.0],[14.141762,55.9847427,0.0]]}},
{"type":"Feature","properties":{"fid":3617,"handle":102867,"block":-1,"etype":18,"space":0,"layer":"J26_Funkby","olinetype":"BYLAYER","linetype":"","color":"0,255,255,254","ocolor":256,"color24":-1,"transparency":0,"lweight":-1,"linewidth":0.0,"ltscale":1.0,"visible":1,"width":0.0,"thickness":0.0,"ext":"(3:0,0,0.1)"},"geometry":{"type":"LineString","coordinates":[[14.1418062,55.9847167,0.0],[14.1418526,55.9847415,0.0],[14.1418968,55.9847155,0.0],[14.1418505,55.9846907,0.0],[14.1418062,55.9847167,0.0]]}},
{"type":"Feature","properties":{"fid":3618,"handle":102868,"block":-1,"etype":18,"space":0,"layer":"J26_Funkby","olinetype":"BYLAYER","linetype":"","color":"0,255,255,254","ocolor":256,"color24":-1,"transparency":0,"lweight":-1,"linewidth":0.0,"ltscale":1.0,"visible":1,"width":0.0,"thickness":0.0,"ext":"(3:0,0,0.1)"},"geometry":{"type":"LineString","coordinates":[[14.1418505,55.9846907,0.0],[14.1418968,55.9847155,0.0],[14.1419411,55.9846895,0.0],[14.1418947,55.9846647,0.0],[14.1418505,55.9846907,0.0]]}},
{"type":"Feature","properties":{"fid":3619,"handle":102869,"block":-1,"etype":18,"space":0,"layer":"J26_Funkby","olinetype":"BYLAYER","linetype":"","color":"0,255,255,254","ocolor":256,"color24":-1,"transparency":0,"lweight":-1,"linewidth":0.0,"ltscale":1.0,"visible":1,"width":0.0,"thickness":0.0,"ext":"(3:0,0,0.1)"},"geometry":{"type":"LineString","coordinates":[[14.1417641,55.9847935,0.0],[14.1418105,55.9848183,0.0],[14.1418547,55.9847923,0.0],[14.1418084,55.9847675,0.0],[14.1417641,55.9847935,0.0]]}},
{"type":"Feature","properties":{"fid":3620,"handle":102870,"block":-1,"etype":18,"space":0,"layer":"J26_Funkby","olinetype":"BYLAYER","linetype":"","color":"0,255,255,254","ocolor":256,"color24":-1,"transparency":0,"lweight":-1,"linewidth":0.0,"ltscale":1.0,"visible":1,"width":0.0,"thickness":0.0,"ext":"(3:0,0,0.1)"},"geometry":{"type":"LineString","coordinates":[[14.1418084,55.9847675,0.0],[14.1418547,55.9847923,0.0],[14.141899,55.9847663,0.0],[14.1418526,55.9847415,0.0],[14.1418084,55.9847675,0.0]]}},
{"type":"Feature","properties":{"fid":3621,"handle":102871,"block":-1,"etype":18,"space":0,"layer":"J26_Funkby","olinetype":"BYLAYER","linetype":"","color":"0,255,255,254","ocolor":256,"color24":-1,"transparency":0,"lweight":-1,"linewidth":0.0,"ltscale":1.0,"visible":1,"width":0.0,"thickness":0.0,"ext":"(3:0,0,0.1)"},"geometry":{"type":"LineString","coordinates":[[14.1418526,55.9847415,0.0],[14.141899,55.9847663,0.0],[14.1419432,55.9847403,0.0],[14.1418968,55.9847155,0.0],[14.1418526,55.9847415,0.0]]}},
{"type":"Feature","properties":{"fid":3622,"handle":102872,"block":-1,"etype":18,"space":0,"layer":"J26_Funkby","olinetype":"BYLAYER","linetype":"","color":"0,255,255,254","ocolor":256,"color24":-1,"transparency":0,"lweight":-1,"linewidth":0.0,"ltscale":1.0,"visible":1,"width":0.0,"thickness":0.0,"ext":"(3:0,0,0.1)"},"geometry":{"type":"LineString","coordinates":[[14.1418968,55.9847155,0.0],[14.1419432,55.9847403,0.0],[14.1419875,55.9847143,0.0],[14.1419411,55.9846895,0.0],[14.1418968,55.9847155,0.0]]}},
{"type":"Feature","properties":{"fid":3623,"handle":102874,"block":-1,"etype":18,"space":0,"layer":"J26_Funkby","olinetype":"BYLAYER","linetype":"","color":"0,255,255,254","ocolor":256,"color24":-1,"transparency":0,"lweight":-1,"linewidth":0.0,"ltscale":1.0,"visible":1,"width":0.0,"thickness":0.0,"ext":"(3:0,0,0.1)"},"geometry":{"type":"LineString","coordinates":[[14.1415898,55.9847002,0.0],[14.1416362,55.984725,0.0],[14.1416804,55.984699,0.0],[14.141634,55.9846742,0.0],[14.1415898,55.9847002,0.0]]}},
{"type":"Feature","properties":{"fid":3624,"handle":102875,"block":-1,"etype":18,"space":0,"layer":"J26_Funkby","olinetype":"BYLAYER","linetype":"","color":"0,255,255,254","ocolor":256,"color24":-1,"transparency":0,"lweight":-1,"linewidth":0.0,"ltscale":1.0,"visible":1,"width":0.0,"thickness":0.0,"ext":"(3:0,0,0.1)"},"geometry":{"type":"LineString","coordinates":[[14.141634,55.9846742,0.0],[14.1416804,55.984699,0.0],[14.1417246,55.984673,0.0],[14.1416783,55.9846482,0.0],[14.141634,55.9846742,0.0]]}},
{"type":"Feature","properties":{"fid":3625,"handle":102876,"block":-1,"etype":18,"space":0,"layer":"J26_Funkby","olinetype":"BYLAYER","linetype":"","color":"0,255,255,254","ocolor":256,"color24":-1,"transparency":0,"lweight":-1,"linewidth":0.0,"ltscale":1.0,"visible":1,"width":0.0,"thickness":0.0,"ext":"(3:0,0,0.1)"},"geometry":{"type":"LineString","coordinates":[[14.1416783,55.9846482,0.0],[14.1417246,55.984673,0.0],[14.1417689,55.984647,0.0],[14.1417225,55.9846222,0.0],[14.1416783,55.9846482,0.0]]}},
{"type":"Feature","properties":{"fid":3626,"handle":102877,"block":-1,"etype":18,"space":0,"layer":"J26_Funkby","olinetype":"BYLAYER","linetype":"","color":"0,255,255,254","ocolor":256,"color24":-1,"transparency":0,"lweight":-1,"linewidth":0.0,"ltscale":1.0,"visible":1,"width":0.0,"thickness":0.0,"ext":"(3:0,0,0.1)"},"geometry":{"type":"LineString","coordinates":[[14.1417225,55.9846222,0.0],[14.1417689,55.984647,0.0],[14.1418131,55.984621,0.0],[14.1417668,55.9845962,0.0],[14.1417225,55.9846222,0.0]]}},
{"type":"Feature","properties":{"fid":3627,"handle":102878,"block":-1,"etype":18,"space":0,"layer":"J26_Funkby","olinetype":"BYLAYER","linetype":"","color":"0,255,255,254","ocolor":256,"color24":-1,"transparency":0,"lweight":-1,"linewidth":0.0,"ltscale":1.0,"visible":1,"width":0.0,"thickness":0.0,"ext":"(3:0,0,0.1)"},"geometry":{"type":"LineString","coordinates":[[14.1416362,55.984725,0.0],[14.1416825,55.9847498,0.0],[14.1417268,55.9847238,0.0],[14.1416804,55.984699,0.0],[14.1416362,55.984725,0.0]]}},
{"type":"Feature","properties":{"fid":3628,"handle":102879,"block":-1,"etype":18,"space":0,"layer":"J26_Funkby","olinetype":"BYLAYER","linetype":"","color":"0,255,255,254","ocolor":256,"color24":-1,"transparency":0,"lweight":-1,"linewidth":0.0,"ltscale":1.0,"visible":1,"width":0.0,"thickness":0.0,"ext":"(3:0,0,0.1)"},"geometry":{"type":"LineString","coordinates":[[14.1416804,55.984699,0.0],[14.1417268,55.9847238,0.0],[14.141771,55.9846978,0.0],[14.1417246,55.984673,0.0],[14.1416804,55.984699,0.0]]}},
{"type":"Feature","properties":{"fid":3629,"handle":102880,"block":-1,"etype":18,"space":0,"layer":"J26_Funkby","olinetype":"BYLAYER","linetype":"","color":"0,255,255,254","ocolor":256,"color24":-1,"transparency":0,"lweight":-1,"linewidth":0.0,"ltscale":1.0,"visible":1,"width":0.0,"thickness":0.0,"ext":"(3:0,0,0.1)"},"geometry":{"type":"LineString","coordinates":[[14.1417246,55.984673,0.0],[14.141771,55.9846978,0.0],[14.1418152,55.9846718,0.0],[14.1417689,55.984647,0.0],[14.1417246,55.984673,0.0]]}},
{"type":"Feature","properties":{"fid":3630,"handle":102881,"block":-1,"etype":18,"space":0,"layer":"J26_Funkby","olinetype":"BYLAYER","linetype":"","color":"0,255,255,254","ocolor":256,"color24":-1,"transparency":0,"lweight":-1,"linewidth":0.0,"ltscale":1.0,"visible":1,"width":0.0,"thickness":0.0,"ext":"(3:0,0,0.1)"},"geometry":{"type":"LineString","coordinates":[[14.1417689,55.984647,0.0],[14.1418152,55.9846718,0.0],[14.1418595,55.9846458,0.0],[14.1418131,55.984621,0.0],[14.1417689,55.984647,0.0]]}},
{"type":"Feature","properties":{"fid":3631,"handle":102883,"block":-1,"etype":18,"space":0,"layer":"J26_Funkby","olinetype":"BYLAYER","linetype":"","color":"0,255,255,254","ocolor":256,"color24":-1,"transparency":0,"lweight":-1,"linewidth":0.0,"ltscale":1.0,"visible":1,"width":0.0,"thickness":0.0,"ext":"(3:0,0,0.1)"},"geometry":{"type":"LineString","coordinates":[[14.1414618,55.9846317,0.0],[14.1415082,55.9846565,0.0],[14.1415524,55.9846306,0.0],[14.1415061,55.9846058,0.0],[14.1414618,55.9846317,0.0]]}},
{"type":"Feature","properties":{"fid":3632,"handle":102885,"block":-1,"etype":18,"space":0,"layer":"J26_Funkby","olinetype":"BYLAYER","linetype":"","color":"0,255,255,254","ocolor":256,"color24":-1,"transparency":0,"lweight":-1,"linewidth":0.0,"ltscale":1.0,"visible":1,"width":0.0,"thickness":0.0,"ext":"(3:0,0,0.1)"},"geometry":{"type":"LineString","coordinates":[[14.1415503,55.9845798,0.0],[14.1415967,55.9846046,0.0],[14.1416409,55.9845786,0.0],[14.1415945,55.9845538,0.0],[14.1415503,55.9845798,0.0]]}},
{"type":"Feature","properties":{"fid":3633,"handle":102886,"block":-1,"etype":18,"space":0,"layer":"J26_Funkby","olinetype":"BYLAYER","linetype":"","color":"0,255,255,254","ocolor":256,"color24":-1,"transparency":0,"lweight":-1,"linewidth":0.0,"ltscale":1.0,"visible":1,"width":0.0,"thickness":0.0,"ext":"(3:0,0,0.1)"},"geometry":{"type":"LineString","coordinates":[[14.1415039,55.984555,0.0],[14.1415503,55.9845798,0.0],[14.1415945,55.9845538,0.0],[14.1415482,55.984529,0.0],[14.1415039,55.984555,0.0]]}},
{"type":"Feature","properties":{"fid":3634,"handle":102887,"block":-1,"etype":18,"space":0,"layer":"J26_Funkby","olinetype":"BYLAYER","linetype":"","color":"0,255,255,254","ocolor":256,"color24":-1,"transparency":0,"lweight":-1,"linewidth":0.0,"ltscale":1.0,"visible":1,"width":0.0,"thickness":0.0,"ext":"(3:0,0,0.1)"},"geometry":{"type":"LineString","coordinates":[[14.1415082,55.9846565,0.0],[14.1415545,55.9846813,0.0],[14.1415988,55.9846554,0.0],[14.1415524,55.9846306,0.0],[14.1415082,55.9846565,0.0]]}},
{"type":"Feature","properties":{"fid":3635,"handle":102888,"block":-1,"etype":18,"space":0,"layer":"J26_Funkby","olinetype":"BYLAYER","linetype":"","color":"0,255,255,254","ocolor":256,"color24":-1,"transparency":0,"lweight":-1,"linewidth":0.0,"ltscale":1.0,"visible":1,"width":0.0,"thickness":0.0,"ext":"(3:0,0,0.1)"},"geometry":{"type":"LineString","coordinates":[[14.1415524,55.9846306,0.0],[14.1415988,55.9846554,0.0],[14.141643,55.9846294,0.0],[14.1415967,55.9846046,0.0],[14.1415524,55.9846306,0.0]]}},
{"type":"Feature","properties":{"fid":3636,"handle":102889,"block":-1,"etype":18,"space":0,"layer":"J26_Funkby","olinetype":"BYLAYER","linetype":"","color":"0,255,255,254","ocolor":256,"color24":-1,"transparency":0,"lweight":-1,"linewidth":0.0,"ltscale":1.0,"visible":1,"width":0.0,"thickness":0.0,"ext":"(3:0,0,0.1)"},"geometry":{"type":"LineString","coordinates":[[14.1415967,55.9846046,0.0],[14.141643,55.9846294,0.0],[14.1416873,55.9846034,0.0],[14.1416409,55.9845786,0.0],[14.1415967,55.9846046,0.0]]}},
{"type":"Feature","properties":{"fid":3637,"handle":102901,"block":-1,"etype":18,"space":0,"layer":"J26_Funkby","olinetype":"BYLAYER","linetype":"","color":"0,255,255,254","ocolor":256,"color24":-1,"transparency":0,"lweight":-1,"linewidth":0.0,"ltscale":1.0,"visible":1,"width":0.0,"thickness":0.0,"ext":"(3:0,0,0.1)"},"geometry":{"type":"LineString","coordinates":[[14.1413807,55.9845883,0.0],[14.1414249,55.9845623,0.0],[14.1413786,55.9845375,0.0],[14.1413343,55.9845635,0.0],[14.1413807,55.9845883,0.0]]}},
{"type":"Feature","properties":{"fid":3638,"handle":102902,"block":-1,"etype":18,"space":0,"layer":"J26_Funkby","olinetype":"BYLAYER","linetype":"","color":"0,255,255,254","ocolor":256,"color24":-1,"transparency":0,"lweight":-1,"linewidth":0.0,"ltscale":1.0,"visible":1,"width":0.0,"thickness":0.0,"ext":"(3:0,0,0.1)"},"geometry":{"type":"LineString","coordinates":[[14.1413343,55.9845635,0.0],[14.1413786,55.9845375,0.0],[14.1413322,55.9845127,0.0],[14.141288,55.9845387,0.0],[14.1413343,55.9845635,0.0]]}},
{"type":"Feature","properties":{"fid":3639,"handle":102903,"block":-1,"etype":18,"space":0,"layer":"J26_Funkby","olinetype":"BYLAYER","linetype":"","color":"0,255,255,254","ocolor":256,"color24":-1,"transparency":0,"lweight":-1,"linewidth":0.0,"ltscale":1.0,"visible":1,"width":0.0,"thickness":0.0,"ext":"(3:0,0,0.1)"},"geometry":{"type":"LineString","coordinates":[[14.141288,55.9845387,0.0],[14.1413322,55.9845127,0.0],[14.1412858,55.9844879,0.0],[14.1412416,55.9845139,0.0],[14.141288,55.9845387,0.0]]}},
{"type":"Feature","properties":{"fid":3640,"handle":102904,"block":-1,"etype":18,"space":0,"layer":"J26_Funkby","olinetype":"BYLAYER","linetype":"","color":"0,255,255,254","ocolor":256,"color24":-1,"transparency":0,"lweight":-1,"linewidth":0.0,"ltscale":1.0,"visible":1,"width":0.0,"thickness":0.0,"ext":"(3:0,0,0.1)"},"geometry":{"type":"LineString","coordinates":[[14.1412416,55.9845139,0.0],[14.1412858,55.9844879,0.0],[14.1412395,55.9844631,0.0],[14.1411952,55.9844891,0.0],[14.1412416,55.9845139,0.0]]}},
{"type":"Feature","properties":{"fid":3641,"handle":102905,"block":-1,"etype":18,"space":0,"layer":"J26_Funkby","olinetype":"BYLAYER","linetype":"","color":"0,255,255,254","ocolor":256,"color24":-1,"transparency":0,"lweight":-1,"linewidth":0.0,"ltscale":1.0,"visible":1,"width":0.0,"thickness":0.0,"ext":"(3:0,0,0.1)"},"geometry":{"type":"LineString","coordinates":[[14.1414249,55.9845623,0.0],[14.1414692,55.9845364,0.0],[14.1414228,55.9845116,0.0],[14.1413786,55.9845375,0.0],[14.1414249,55.9845623,0.0]]}},
{"type":"Feature","properties":{"fid":3642,"handle":102906,"block":-1,"etype":18,"space":0,"layer":"J26_Funkby","olinetype":"BYLAYER","linetype":"","color":"0,255,255,254","ocolor":256,"color24":-1,"transparency":0,"lweight":-1,"linewidth":0.0,"ltscale":1.0,"visible":1,"width":0.0,"thickness":0.0,"ext":"(3:0,0,0.1)"},"geometry":{"type":"LineString","coordinates":[[14.1413786,55.9845375,0.0],[14.1414228,55.9845116,0.0],[14.1413764,55.9844868,0.0],[14.1413322,55.9845127,0.0],[14.1413786,55.9845375,0.0]]}},
{"type":"Feature","properties":{"fid":3643,"handle":102907,"block":-1,"etype":18,"space":0,"layer":"J26_Funkby","olinetype":"BYLAYER","linetype":"","color":"0,255,255,254","ocolor":256,"color24":-1,"transparency":0,"lweight":-1,"linewidth":0.0,"ltscale":1.0,"visible":1,"width":0.0,"thickness":0.0,"ext":"(3:0,0,0.1)"},"geometry":{"type":"LineString","coordinates":[[14.1413322,55.9845127,0.0],[14.1413764,55.9844868,0.0],[14.1413301,55.984462,0.0],[14.1412858,55.9844879,0.0],[14.1413322,55.9845127,0.0]]}},
{"type":"Feature","properties":{"fid":3644,"handle":102908,"block":-1,"etype":18,"space":0,"layer":"J26_Funkby","olinetype":"BYLAYER","linetype":"","color":"0,255,255,254","ocolor":256,"color24":-1,"transparency":0,"lweight":-1,"linewidth":0.0,"ltscale":1.0,"visible":1,"width":0.0,"thickness":0.0,"ext":"(3:0,0,0.1)"},"geometry":{"type":"LineString","coordinates":[[14.1412858,55.9844879,0.0],[14.1413301,55.984462,0.0],[14.1412837,55.9844372,0.0],[14.1412395,55.9844631,0.0],[14.1412858,55.9844879,0.0]]}},
{"type":"Feature","properties":{"fid":3645,"handle":102910,"block":-1,"etype":18,"space":0,"layer":"J26_Funkby","olinetype":"BYLAYER","linetype":"","color":"0,255,255,254","ocolor":256,"color24":-1,"transparency":0,"lweight":-1,"linewidth":0.0,"ltscale":1.0,"visible":1,"width":0.0,"thickness":0.0,"ext":"(3:0,0,0.1)"},"geometry":{"type":"LineString","coordinates":[[14.1414618,55.9846317,0.0],[14.1415061,55.9846058,0.0],[14.1414597,55.9845809,0.0],[14.1414155,55.9846069,0.0],[14.1414618,55.9846317,0.0]]}},
{"type":"Feature","properties":{"fid":3646,"handle":102911,"block":-1,"etype":18,"space":0,"layer":"J26_Funkby","olinetype":"BYLAYER","linetype":"","color":"0,255,255,254","ocolor":256,"color24":-1,"transparency":0,"lweight":-1,"linewidth":0.0,"ltscale":1.0,"visible":1,"width":0.0,"thickness":0.0,"ext":"(3:0,0,0.1)"},"geometry":{"type":"LineString","coordinates":[[14.1411489,55.9844643,0.0],[14.1411931,55.9844383,0.0],[14.1411468,55.9844135,0.0],[14.1411025,55.9844395,0.0],[14.1411489,55.9844643,0.0]]}},
{"type":"Feature","properties":{"fid":3647,"handle":102912,"block":-1,"etype":18,"space":0,"layer":"J26_Funkby","olinetype":"BYLAYER","linetype":"","color":"0,255,255,254","ocolor":256,"color24":-1,"transparency":0,"lweight":-1,"linewidth":0.0,"ltscale":1.0,"visible":1,"width":0.0,"thickness":0.0,"ext":"(3:0,0,0.1)"},"geometry":{"type":"LineString","coordinates":[[14.1411025,55.9844395,0.0],[14.1411468,55.9844135,0.0],[14.1411004,55.9843887,0.0],[14.1410562,55.9844147,0.0],[14.1411025,55.9844395,0.0]]}},
{"type":"Feature","properties":{"fid":3648,"handle":102913,"block":-1,"etype":18,"space":0,"layer":"J26_Funkby","olinetype":"BYLAYER","linetype":"","color":"0,255,255,254","ocolor":256,"color24":-1,"transparency":0,"lweight":-1,"linewidth":0.0,"ltscale":1.0,"visible":1,"width":0.0,"thickness":0.0,"ext":"(3:0,0,0.1)"},"geometry":{"type":"LineString","coordinates":[[14.1410562,55.9844147,0.0],[14.1411004,55.9843887,0.0],[14.141054,55.9843639,0.0],[14.1410098,55.9843899,0.0],[14.1410562,55.9844147,0.0]]}},
{"type":"Feature","properties":{"fid":3649,"handle":102914,"block":-1,"etype":18,"space":0,"layer":"J26_Funkby","olinetype":"BYLAYER","linetype":"","color":"0,255,255,254","ocolor":256,"color24":-1,"transparency":0,"lweight":-1,"linewidth":0.0,"ltscale":1.0,"visible":1,"width":0.0,"thickness":0.0,"ext":"(3:0,0,0.1)"},"geometry":{"type":"LineString","coordinates":[[14.1426135,55.9852479,0.0],[14.1426599,55.9852727,0.0],[14.1427041,55.9852467,0.0],[14.1426578,55.9852219,0.0],[14.1426135,55.9852479,0.0]]}},
{"type":"Feature","properties":{"fid":3650,"handle":102915,"block":-1,"etype":18,"space":0,"layer":"J26_Funkby","olinetype":"BYLAYER","linetype":"","color":"0,255,255,254","ocolor":256,"color24":-1,"transparency":0,"lweight":-1,"linewidth":0.0,"ltscale":1.0,"visible":1,"width":0.0,"thickness":0.0,"ext":"(3:0,0,0.1)"},"geometry":{"type":"LineString","coordinates":[[14.1426578,55.9852219,0.0],[14.1427041,55.9852467,0.0],[14.1427484,55.9852207,0.0],[14.142702,55.9851959,0.0],[14.1426578,55.9852219,0.0]]}},
{"type":"Feature","properties":{"fid":3651,"handle":102916,"block":-1,"etype":18,"space":0,"layer":"J26_Funkby","olinetype":"BYLAYER","linetype":"","color":"0,255,255,254","ocolor":256,"color24":-1,"transparency":0,"lweight":-1,"linewidth":0.0,"ltscale":1.0,"visible":1,"width":0.0,"thickness":0.0,"ext":"(3:0,0,0.1)"},"geometry":{"type":"LineString","coordinates":[[14.142702,55.9851959,0.0],[14.1427484,55.9852207,0.0],[14.1427926,55.9851947,0.0],[14.1427463,55.9851699,0.0],[14.142702,55.9851959,0.0]]}},
{"type":"Feature","properties":{"fid":3652,"handle":102917,"block":-1,"etype":18,"space":0,"layer":"J26_Funkby","olinetype":"BYLAYER","linetype":"","color":"0,255,255,254","ocolor":256,"color24":-1,"transparency":0,"lweight":-1,"linewidth":0.0,"ltscale":1.0,"visible":1,"width":0.0,"thickness":0.0,"ext":"(3:0,0,0.1)"},"geometry":{"type":"LineString","coordinates":[[14.1427463,55.9851699,0.0],[14.1427926,55.9851947,0.0],[14.1428369,55.9851687,0.0],[14.1427905,55.9851439,0.0],[14.1427463,55.9851699,0.0]]}},
{"type":"Feature","properties":{"fid":3653,"handle":102918,"block":-1,"etype":18,"space":0,"layer":"J26_Funkby","olinetype":"BYLAYER","linetype":"","color":"0,255,255,254","ocolor":256,"color24":-1,"transparency":0,"lweight":-1,"linewidth":0.0,"ltscale":1.0,"visible":1,"width":0.0,"thickness":0.0,"ext":"(3:0,0,0.1)"},"geometry":{"type":"LineString","coordinates":[[14.1426599,55.9852727,0.0],[14.1427063,55.9852975,0.0],[14.1427505,55.9852715,0.0],[14.1427041,55.9852467,0.0],[14.1426599,55.9852727,0.0]]}},
{"type":"Feature","properties":{"fid":3654,"handle":102919,"block":-1,"etype":18,"space":0,"layer":"J26_Funkby","olinetype":"BYLAYER","linetype":"","color":"0,255,255,254","ocolor":256,"color24":-1,"transparency":0,"lweight":-1,"linewidth":0.0,"ltscale":1.0,"visible":1,"width":0.0,"thickness":0.0,"ext":"(3:0,0,0.1)"},"geometry":{"type":"LineString","coordinates":[[14.1427041,55.9852467,0.0],[14.1427505,55.9852715,0.0],[14.1427947,55.9852455,0.0],[14.1427484,55.9852207,0.0],[14.1427041,55.9852467,0.0]]}},
{"type":"Feature","properties":{"fid":3655,"handle":102920,"block":-1,"etype":18,"space":0,"layer":"J26_Funkby","olinetype":"BYLAYER","linetype":"","color":"0,255,255,254","ocolor":256,"color24":-1,"transparency":0,"lweight":-1,"linewidth":0.0,"ltscale":1.0,"visible":1,"width":0.0,"thickness":0.0,"ext":"(3:0,0,0.1)"},"geometry":{"type":"LineString","coordinates":[[14.1427484,55.9852207,0.0],[14.1427947,55.9852455,0.0],[14.142839,55.9852195,0.0],[14.1427926,55.9851947,0.0],[14.1427484,55.9852207,0.0]]}},
{"type":"Feature","properties":{"fid":3656,"handle":102921,"block":-1,"etype":18,"space":0,"layer":"J26_Funkby","olinetype":"BYLAYER","linetype":"","color":"0,255,255,254","ocolor":256,"color24":-1,"transparency":0,"lweight":-1,"linewidth":0.0,"ltscale":1.0,"visible":1,"width":0.0,"thickness":0.0,"ext":"(3:0,0,0.1)"},"geometry":{"type":"LineString","coordinates":[[14.1427926,55.9851947,0.0],[14.142839,55.9852195,0.0],[14.1428832,55.9851935,0.0],[14.1428369,55.9851687,0.0],[14.1427926,55.9851947,0.0]]}},
{"type":"Feature","properties":{"fid":3657,"handle":102923,"block":-1,"etype":18,"space":0,"layer":"J26_Funkby","olinetype":"BYLAYER","linetype":"","color":"0,255,255,254","ocolor":256,"color24":-1,"transparency":0,"lweight":-1,"linewidth":0.0,"ltscale":1.0,"visible":1,"width":0.0,"thickness":0.0,"ext":"(3:0,0,0.1)"},"geometry":{"type":"LineString","coordinates":[[14.1427415,55.9853164,0.0],[14.1427878,55.9853412,0.0],[14.1428321,55.9853152,0.0],[14.1427857,55.9852904,0.0],[14.1427415,55.9853164,0.0]]}},
{"type":"Feature","properties":{"fid":3658,"handle":102924,"block":-1,"etype":18,"space":0,"layer":"J26_Funkby","olinetype":"BYLAYER","linetype":"","color":"0,255,255,254","ocolor":256,"color24":-1,"transparency":0,"lweight":-1,"linewidth":0.0,"ltscale":1.0,"visible":1,"width":0.0,"thickness":0.0,"ext":"(3:0,0,0.1)"},"geometry":{"type":"LineString","coordinates":[[14.1427857,55.9852904,0.0],[14.1428321,55.9853152,0.0],[14.1428763,55.9852892,0.0],[14.14283,55.9852644,0.0],[14.1427857,55.9852904,0.0]]}},
{"type":"Feature","properties":{"fid":3659,"handle":102925,"block":-1,"etype":18,"space":0,"layer":"J26_Funkby","olinetype":"BYLAYER","linetype":"","color":"0,255,255,254","ocolor":256,"color24":-1,"transparency":0,"lweight":-1,"linewidth":0.0,"ltscale":1.0,"visible":1,"width":0.0,"thickness":0.0,"ext":"(3:0,0,0.1)"},"geometry":{"type":"LineString","coordinates":[[14.14283,55.9852644,0.0],[14.1428763,55.9852892,0.0],[14.1429206,55.9852632,0.0],[14.1428742,55.9852384,0.0],[14.14283,55.9852644,0.0]]}},
{"type":"Feature","properties":{"fid":3660,"handle":102926,"block":-1,"etype":18,"space":0,"layer":"J26_Funkby","olinetype":"BYLAYER","linetype":"","color":"0,255,255,254","ocolor":256,"color24":-1,"transparency":0,"lweight":-1,"linewidth":0.0,"ltscale":1.0,"visible":1,"width":0.0,"thickness":0.0,"ext":"(3:0,0,0.1)"},"geometry":{"type":"LineString","coordinates":[[14.1428742,55.9852384,0.0],[14.1429206,55.9852632,0.0],[14.1429648,55.9852372,0.0],[14.1429184,55.9852124,0.0],[14.1428742,55.9852384,0.0]]}},
{"type":"Feature","properties":{"fid":3661,"handle":102927,"block":-1,"etype":18,"space":0,"layer":"J26_Funkby","olinetype":"BYLAYER","linetype":"","color":"0,255,255,254","ocolor":256,"color24":-1,"transparency":0,"lweight":-1,"linewidth":0.0,"ltscale":1.0,"visible":1,"width":0.0,"thickness":0.0,"ext":"(3:0,0,0.1)"},"geometry":{"type":"LineString","coordinates":[[14.1427878,55.9853412,0.0],[14.1428342,55.985366,0.0],[14.1428784,55.98534,0.0],[14.1428321,55.9853152,0.0],[14.1427878,55.9853412,0.0]]}},
{"type":"Feature","properties":{"fid":3662,"handle":102928,"block":-1,"etype":18,"space":0,"layer":"J26_Funkby","olinetype":"BYLAYER","linetype":"","color":"0,255,255,254","ocolor":256,"color24":-1,"transparency":0,"lweight":-1,"linewidth":0.0,"ltscale":1.0,"visible":1,"width":0.0,"thickness":0.0,"ext":"(3:0,0,0.1)"},"geometry":{"type":"LineString","coordinates":[[14.1428321,55.9853152,0.0],[14.1428784,55.98534,0.0],[14.1429227,55.985314,0.0],[14.1428763,55.9852892,0.0],[14.1428321,55.9853152,0.0]]}},
{"type":"Feature","properties":{"fid":3663,"handle":102929,"block":-1,"etype":18,"space":0,"layer":"J26_Funkby","olinetype":"BYLAYER","linetype":"","color":"0,255,255,254","ocolor":256,"color24":-1,"transparency":0,"lweight":-1,"linewidth":0.0,"ltscale":1.0,"visible":1,"width":0.0,"thickness":0.0,"ext":"(3:0,0,0.1)"},"geometry":{"type":"LineString","coordinates":[[14.1428763,55.9852892,0.0],[14.1429227,55.985314,0.0],[14.1429669,55.985288,0.0],[14.1429206,55.9852632,0.0],[14.1428763,55.9852892,0.0]]}},
{"type":"Feature","properties":{"fid":3664,"handle":102930,"block":-1,"etype":18,"space":0,"layer":"J26_Funkby","olinetype":"BYLAYER","linetype":"","color":"0,255,255,254","ocolor":256,"color24":-1,"transparency":0,"lweight":-1,"linewidth":0.0,"ltscale":1.0,"visible":1,"width":0.0,"thickness":0.0,"ext":"(3:0,0,0.1)"},"geometry":{"type":"LineString","coordinates":[[14.1429206,55.9852632,0.0],[14.1429669,55.985288,0.0],[14.1430112,55.985262,0.0],[14.1429648,55.9852372,0.0],[14.1429206,55.9852632,0.0]]}},
{"type":"Feature","properties":{"fid":3665,"handle":102932,"block":-1,"etype":18,"space":0,"layer":"J26_Funkby","olinetype":"BYLAYER","linetype":"","color":"0,255,255,254","ocolor":256,"color24":-1,"transparency":0,"lweight":-1,"linewidth":0.0,"ltscale":1.0,"visible":1,"width":0.0,"thickness":0.0,"ext":"(3:0,0,0.1)"},"geometry":{"type":"LineString","coordinates":[[14.1429156,55.9853993,0.0],[14.14297,55.9854183,0.0],[14.1430039,55.9853878,0.0],[14.1429495,55.9853688,0.0],[14.1429156,55.9853993,0.0]]}},
{"type":"Feature","properties":{"fid":3666,"handle":102933,"block":-1,"etype":18,"space":0,"layer":"J26_Funkby","olinetype":"BYLAYER","linetype":"","color":"0,255,255,254","ocolor":256,"color24":-1,"transparency":0,"lweight":-1,"linewidth":0.0,"ltscale":1.0,"visible":1,"width":0.0,"thickness":0.0,"ext":"(3:0,0,0.1)"},"geometry":{"type":"LineString","coordinates":[[14.1429495,55.9853688,0.0],[14.1430039,55.9853878,0.0],[14.1430378,55.9853573,0.0],[14.1429835,55.9853383,0.0],[14.1429495,55.9853688,0.0]]}},
{"type":"Feature","properties":{"fid":3667,"handle":102934,"block":-1,"etype":18,"space":0,"layer":"J26_Funkby","olinetype":"BYLAYER","linetype":"","color":"0,255,255,254","ocolor":256,"color24":-1,"transparency":0,"lweight":-1,"linewidth":0.0,"ltscale":1.0,"visible":1,"width":0.0,"thickness":0.0,"ext":"(3:0,0,0.1)"},"geometry":{"type":"LineString","coordinates":[[14.1429835,55.9853383,0.0],[14.1430378,55.9853573,0.0],[14.1430718,55.9853269,0.0],[14.1430174,55.9853078,0.0],[14.1429835,55.9853383,0.0]]}},
{"type":"Feature","properties":{"fid":3668,"handle":102935,"block":-1,"etype":18,"space":0,"layer":"J26_Funkby","olinetype":"BYLAYER","linetype":"","color":"0,255,255,254","ocolor":256,"color24":-1,"transparency":0,"lweight":-1,"linewidth":0.0,"ltscale":1.0,"visible":1,"width":0.0,"thickness":0.0,"ext":"(3:0,0,0.1)"},"geometry":{"type":"LineString","coordinates":[[14.1430174,55.9853078,0.0],[14.1430718,55.9853269,0.0],[14.1431057,55.9852964,0.0],[14.1430513,55.9852774,0.0],[14.1430174,55.9853078,0.0]]}},
{"type":"Feature","properties":{"fid":3669,"handle":102936,"block":-1,"etype":18,"space":0,"layer":"J26_Funkby","olinetype":"BYLAYER","linetype":"","color":"0,255,255,254","ocolor":256,"color24":-1,"transparency":0,"lweight":-1,"linewidth":0.0,"ltscale":1.0,"visible":1,"width":0.0,"thickness":0.0,"ext":"(3:0,0,0.1)"},"geometry":{"type":"LineString","coordinates":[[14.14297,55.9854183,0.0],[14.1430243,55.9854373,0.0],[14.1430583,55.9854068,0.0],[14.1430039,55.9853878,0.0],[14.14297,55.9854183,0.0]]}},
{"type":"Feature","properties":{"fid":3670,"handle":102937,"block":-1,"etype":18,"space":0,"layer":"J26_Funkby","olinetype":"BYLAYER","linetype":"","color":"0,255,255,254","ocolor":256,"color24":-1,"transparency":0,"lweight":-1,"linewidth":0.0,"ltscale":1.0,"visible":1,"width":0.0,"thickness":0.0,"ext":"(3:0,0,0.1)"},"geometry":{"type":"LineString","coordinates":[[14.1430039,55.9853878,0.0],[14.1430583,55.9854068,0.0],[14.1430922,55.9853764,0.0],[14.1430378,55.9853573,0.0],[14.1430039,55.9853878,0.0]]}},
{"type":"Feature","properties":{"fid":3671,"handle":102938,"block":-1,"etype":18,"space":0,"layer":"J26_Funkby","olinetype":"BYLAYER","linetype":"","color":"0,255,255,254","ocolor":256,"color24":-1,"transparency":0,"lweight":-1,"linewidth":0.0,"ltscale":1.0,"visible":1,"width":0.0,"thickness":0.0,"ext":"(3:0,0,0.1)"},"geometry":{"type":"LineString","coordinates":[[14.1430378,55.9853573,0.0],[14.1430922,55.9853764,0.0],[14.1431261,55.9853459,0.0],[14.1430718,55.9853269,0.0],[14.1430378,55.9853573,0.0]]}},
{"type":"Feature","properties":{"fid":3672,"handle":102939,"block":-1,"etype":18,"space":0,"layer":"J26_Funkby","olinetype":"BYLAYER","linetype":"","color":"0,255,255,254","ocolor":256,"color24":-1,"transparency":0,"lweight":-1,"linewidth":0.0,"ltscale":1.0,"visible":1,"width":0.0,"thickness":0.0,"ext":"(3:0,0,0.1)"},"geometry":{"type":"LineString","coordinates":[[14.1430718,55.9853269,0.0],[14.1431261,55.9853459,0.0],[14.1431601,55.9853154,0.0],[14.1431057,55.9852964,0.0],[14.1430718,55.9853269,0.0]]}},
{"type":"Feature","properties":{"fid":3673,"handle":102941,"block":-1,"etype":18,"space":0,"layer":"J26_Funkby","olinetype":"BYLAYER","linetype":"","color":"0,255,255,254","ocolor":256,"color24":-1,"transparency":0,"lweight":-1,"linewidth":0.0,"ltscale":1.0,"visible":1,"width":0.0,"thickness":0.0,"ext":"(3:0,0,0.1)"},"geometry":{"type":"LineString","coordinates":[[14.1430651,55.9854516,0.0],[14.1431195,55.9854706,0.0],[14.1431534,55.9854401,0.0],[14.143099,55.9854211,0.0],[14.1430651,55.9854516,0.0]]}},
{"type":"Feature","properties":{"fid":3674,"handle":102942,"block":-1,"etype":18,"space":0,"layer":"J26_Funkby","olinetype":"BYLAYER","linetype":"","color":"0,255,255,254","ocolor":256,"color24":-1,"transparency":0,"lweight":-1,"linewidth":0.0,"ltscale":1.0,"visible":1,"width":0.0,"thickness":0.0,"ext":"(3:0,0,0.1)"},"geometry":{"type":"LineString","coordinates":[[14.143099,55.9854211,0.0],[14.1431534,55.9854401,0.0],[14.1431873,55.9854097,0.0],[14.143133,55.9853906,0.0],[14.143099,55.9854211,0.0]]}},
{"type":"Feature","properties":{"fid":3675,"handle":102943,"block":-1,"etype":18,"space":0,"layer":"J26_Funkby","olinetype":"BYLAYER","linetype":"","color":"0,255,255,254","ocolor":256,"color24":-1,"transparency":0,"lweight":-1,"linewidth":0.0,"ltscale":1.0,"visible":1,"width":0.0,"thickness":0.0,"ext":"(3:0,0,0.1)"},"geometry":{"type":"LineString","coordinates":[[14.143133,55.9853906,0.0],[14.1431873,55.9854097,0.0],[14.1432213,55.9853792,0.0],[14.1431669,55.9853602,0.0],[14.143133,55.9853906,0.0]]}},
{"type":"Feature","properties":{"fid":3676,"handle":102944,"block":-1,"etype":18,"space":0,"layer":"J26_Funkby","olinetype":"BYLAYER","linetype":"","color":"0,255,255,254","ocolor":256,"color24":-1,"transparency":0,"lweight":-1,"linewidth":0.0,"ltscale":1.0,"visible":1,"width":0.0,"thickness":0.0,"ext":"(3:0,0,0.1)"},"geometry":{"type":"LineString","coordinates":[[14.1435416,55.9855333,0.0],[14.1435959,55.9855523,0.0],[14.1436299,55.9855218,0.0],[14.1435755,55.9855028,0.0],[14.1435416,55.9855333,0.0]]}},
{"type":"Feature","properties":{"fid":3677,"handle":102945,"block":-1,"etype":18,"space":0,"layer":"J26_Funkby","olinetype":"BYLAYER","linetype":"","color":"0,255,255,254","ocolor":256,"color24":-1,"transparency":0,"lweight":-1,"linewidth":0.0,"ltscale":1.0,"visible":1,"width":0.0,"thickness":0.0,"ext":"(3:0,0,0.1)"},"geometry":{"type":"LineString","coordinates":[[14.1431195,55.9854706,0.0],[14.1431738,55.9854896,0.0],[14.1432078,55.9854592,0.0],[14.1431534,55.9854401,0.0],[14.1431195,55.9854706,0.0]]}},
{"type":"Feature","properties":{"fid":3678,"handle":102946,"block":-1,"etype":18,"space":0,"layer":"J26_Funkby","olinetype":"BYLAYER","linetype":"","color":"0,255,255,254","ocolor":256,"color24":-1,"transparency":0,"lweight":-1,"linewidth":0.0,"ltscale":1.0,"visible":1,"width":0.0,"thickness":0.0,"ext":"(3:0,0,0.1)"},"geometry":{"type":"LineString","coordinates":[[14.1431534,55.9854401,0.0],[14.1432078,55.9854592,0.0],[14.1432417,55.9854287,0.0],[14.1431873,55.9854097,0.0],[14.1431534,55.9854401,0.0]]}},
{"type":"Feature","properties":{"fid":3679,"handle":102947,"block":-1,"etype":18,"space":0,"layer":"J26_Funkby","olinetype":"BYLAYER","linetype":"","color":"0,255,255,254","ocolor":256,"color24":-1,"transparency":0,"lweight":-1,"linewidth":0.0,"ltscale":1.0,"visible":1,"width":0.0,"thickness":0.0,"ext":"(3:0,0,0.1)"},"geometry":{"type":"LineString","coordinates":[[14.1431873,55.9854097,0.0],[14.1432417,55.9854287,0.0],[14.1432756,55.9853982,0.0],[14.1432213,55.9853792,0.0],[14.1431873,55.9854097,0.0]]}},
{"type":"Feature","properties":{"fid":3680,"handle":102948,"block":-1,"etype":18,"space":0,"layer":"J26_Funkby","olinetype":"BYLAYER","linetype":"","color":"0,255,255,254","ocolor":256,"color24":-1,"transparency":0,"lweight":-1,"linewidth":0.0,"ltscale":1.0,"visible":1,"width":0.0,"thickness":0.0,"ext":"(3:0,0,0.1)"},"geometry":{"type":"LineString","coordinates":[[14.1435959,55.9855523,0.0],[14.1436503,55.9855713,0.0],[14.1436842,55.9855409,0.0],[14.1436299,55.9855218,0.0],[14.1435959,55.9855523,0.0]]}},
{"type":"Feature","properties":{"fid":3681,"handle":102950,"block":-1,"etype":18,"space":0,"layer":"J26_Funkby","olinetype":"BYLAYER","linetype":"","color":"0,255,255,254","ocolor":256,"color24":-1,"transparency":0,"lweight":-1,"linewidth":0.0,"ltscale":1.0,"visible":1,"width":0.0,"thickness":0.0,"ext":"(3:0,0,0.1)"},"geometry":{"type":"LineString","coordinates":[[14.1432155,55.9855039,0.0],[14.1432698,55.9855229,0.0],[14.1433038,55.9854924,0.0],[14.1432494,55.9854734,0.0],[14.1432155,55.9855039,0.0]]}},
{"type":"Feature","properties":{"fid":3682,"handle":102951,"block":-1,"etype":18,"space":0,"layer":"J26_Funkby","olinetype":"BYLAYER","linetype":"","color":"0,255,255,254","ocolor":256,"color24":-1,"transparency":0,"lweight":-1,"linewidth":0.0,"ltscale":1.0,"visible":1,"width":0.0,"thickness":0.0,"ext":"(3:0,0,0.1)"},"geometry":{"type":"LineString","coordinates":[[14.1432494,55.9854734,0.0],[14.1433038,55.9854924,0.0],[14.1433377,55.985462,0.0],[14.1432834,55.9854429,0.0],[14.1432494,55.9854734,0.0]]}},
{"type":"Feature","properties":{"fid":3683,"handle":102952,"block":-1,"etype":18,"space":0,"layer":"J26_Funkby","olinetype":"BYLAYER","linetype":"","color":"0,255,255,254","ocolor":256,"color24":-1,"transparency":0,"lweight":-1,"linewidth":0.0,"ltscale":1.0,"visible":1,"width":0.0,"thickness":0.0,"ext":"(3:0,0,0.1)"},"geometry":{"type":"LineString","coordinates":[[14.1432834,55.9854429,0.0],[14.1433377,55.985462,0.0],[14.1433716,55.9854315,0.0],[14.1433173,55.9854125,0.0],[14.1432834,55.9854429,0.0]]}},
{"type":"Feature","properties":{"fid":3684,"handle":102953,"block":-1,"etype":18,"space":0,"layer":"J26_Funkby","olinetype":"BYLAYER","linetype":"","color":"0,255,255,254","ocolor":256,"color24":-1,"transparency":0,"lweight":-1,"linewidth":0.0,"ltscale":1.0,"visible":1,"width":0.0,"thickness":0.0,"ext":"(3:0,0,0.1)"},"geometry":{"type":"LineString","coordinates":[[14.1434328,55.9854953,0.0],[14.1434872,55.9855143,0.0],[14.1435211,55.9854838,0.0],[14.1434668,55.9854648,0.0],[14.1434328,55.9854953,0.0]]}},
{"type":"Feature","properties":{"fid":3685,"handle":102954,"block":-1,"etype":18,"space":0,"layer":"J26_Funkby","olinetype":"BYLAYER","linetype":"","color":"0,255,255,254","ocolor":256,"color24":-1,"transparency":0,"lweight":-1,"linewidth":0.0,"ltscale":1.0,"visible":1,"width":0.0,"thickness":0.0,"ext":"(3:0,0,0.1)"},"geometry":{"type":"LineString","coordinates":[[14.1432698,55.9855229,0.0],[14.1433242,55.9855419,0.0],[14.1433581,55.9855115,0.0],[14.1433038,55.9854924,0.0],[14.1432698,55.9855229,0.0]]}},
{"type":"Feature","properties":{"fid":3686,"handle":102955,"block":-1,"etype":18,"space":0,"layer":"J26_Funkby","olinetype":"BYLAYER","linetype":"","color":"0,255,255,254","ocolor":256,"color24":-1,"transparency":0,"lweight":-1,"linewidth":0.0,"ltscale":1.0,"visible":1,"width":0.0,"thickness":0.0,"ext":"(3:0,0,0.1)"},"geometry":{"type":"LineString","coordinates":[[14.1433038,55.9854924,0.0],[14.1433581,55.9855115,0.0],[14.1433921,55.985481,0.0],[14.1433377,55.985462,0.0],[14.1433038,55.9854924,0.0]]}},
{"type":"Feature","properties":{"fid":3687,"handle":102956,"block":-1,"etype":18,"space":0,"layer":"J26_Funkby","olinetype":"BYLAYER","linetype":"","color":"0,255,255,254","ocolor":256,"color24":-1,"transparency":0,"lweight":-1,"linewidth":0.0,"ltscale":1.0,"visible":1,"width":0.0,"thickness":0.0,"ext":"(3:0,0,0.1)"},"geometry":{"type":"LineString","coordinates":[[14.1433377,55.985462,0.0],[14.1433921,55.985481,0.0],[14.143426,55.9854505,0.0],[14.1433716,55.9854315,0.0],[14.1433377,55.985462,0.0]]}},
{"type":"Feature","properties":{"fid":3688,"handle":102957,"block":-1,"etype":18,"space":0,"layer":"J26_Funkby","olinetype":"BYLAYER","linetype":"","color":"0,255,255,254","ocolor":256,"color24":-1,"transparency":0,"lweight":-1,"linewidth":0.0,"ltscale":1.0,"visible":1,"width":0.0,"thickness":0.0,"ext":"(3:0,0,0.1)"},"geometry":{"type":"LineString","coordinates":[[14.1434872,55.9855143,0.0],[14.1435416,55.9855333,0.0],[14.1435755,55.9855028,0.0],[14.1435211,55.9854838,0.0],[14.1434872,55.9855143,0.0]]}},
{"type":"Feature","properties":{"fid":3689,"handle":102995,"block":-1,"etype":18,"space":0,"layer":"J26_Funkby","olinetype":"BYLAYER","linetype":"","color":"0,255,255,254","ocolor":256,"color24":-1,"transparency":0,"lweight":-1,"linewidth":0.0,"ltscale":1.0,"visible":1,"width":0.0,"thickness":0.0,"ext":"(3:0,0,0.1)"},"geometry":{"type":"LineString","coordinates":[[14.1434328,55.9854953,0.0],[14.1433989,55.9855257,0.0],[14.1434533,55.9855447,0.0],[14.1434872,55.9855143,0.0],[14.1434328,55.9854953,0.0]]}},
{"type":"Feature","properties":{"fid":3690,"handle":102996,"block":-1,"etype":18,"space":0,"layer":"J26_Funkby","olinetype":"BYLAYER","linetype":"","color":"0,255,255,254","ocolor":256,"color24":-1,"transparency":0,"lweight":-1,"linewidth":0.0,"ltscale":1.0,"visible":1,"width":0.0,"thickness":0.0,"ext":"(3:0,0,0.1)"},"geometry":{"type":"LineString","coordinates":[[14.1434872,55.9855143,0.0],[14.1434533,55.9855447,0.0],[14.1435076,55.9855638,0.0],[14.1435416,55.9855333,0.0],[14.1434872,55.9855143,0.0]]}},
{"type":"Feature","properties":{"fid":3691,"handle":102997,"block":-1,"etype":18,"space":0,"layer":"J26_Funkby","olinetype":"BYLAYER","linetype":"","color":"0,255,255,254","ocolor":256,"color24":-1,"transparency":0,"lweight":-1,"linewidth":0.0,"ltscale":1.0,"visible":1,"width":0.0,"thickness":0.0,"ext":"(3:0,0,0.1)"},"geometry":{"type":"LineString","coordinates":[[14.1435416,55.9855333,0.0],[14.1435076,55.9855638,0.0],[14.143562,55.9855828,0.0],[14.1435959,55.9855523,0.0],[14.1435416,55.9855333,0.0]]}},
{"type":"Feature","properties":{"fid":3692,"handle":102998,"block":-1,"etype":18,"space":0,"layer":"J26_Funkby","olinetype":"BYLAYER","linetype":"","color":"0,255,255,254","ocolor":256,"color24":-1,"transparency":0,"lweight":-1,"linewidth":0.0,"ltscale":1.0,"visible":1,"width":0.0,"thickness":0.0,"ext":"(3:0,0,0.1)"},"geometry":{"type":"LineString","coordinates":[[14.1435959,55.9855523,0.0],[14.143562,55.9855828,0.0],[14.1436164,55.9856018,0.0],[14.1436503,55.9855713,0.0],[14.1435959,55.9855523,0.0]]}},
{"type":"Feature","properties":{"fid":3693,"handle":102999,"block":-1,"etype":18,"space":0,"layer":"J26_Funkby","olinetype":"BYLAYER","linetype":"","color":"0,255,255,254","ocolor":256,"color24":-1,"transparency":0,"lweight":-1,"linewidth":0.0,"ltscale":1.0,"visible":1,"width":0.0,"thickness":0.0,"ext":"(3:0,0,0.1)"},"geometry":{"type":"LineString","coordinates":[[14.1433989,55.9855257,0.0],[14.143365,55.9855562,0.0],[14.1434193,55.9855752,0.0],[14.1434533,55.9855447,0.0],[14.1433989,55.9855257,0.0]]}},
{"type":"Feature","properties":{"fid":3694,"handle":103000,"block":-1,"etype":18,"space":0,"layer":"J26_Funkby","olinetype":"BYLAYER","linetype":"","color":"0,255,255,254","ocolor":256,"color24":-1,"transparency":0,"lweight":-1,"linewidth":0.0,"ltscale":1.0,"visible":1,"width":0.0,"thickness":0.0,"ext":"(3:0,0,0.1)"},"geometry":{"type":"LineString","coordinates":[[14.1434533,55.9855447,0.0],[14.1434193,55.9855752,0.0],[14.1434737,55.9855942,0.0],[14.1435076,55.9855638,0.0],[14.1434533,55.9855447,0.0]]}},
{"type":"Feature","properties":{"fid":3695,"handle":103001,"block":-1,"etype":18,"space":0,"layer":"J26_Funkby","olinetype":"BYLAYER","linetype":"","color":"0,255,255,254","ocolor":256,"color24":-1,"transparency":0,"lweight":-1,"linewidth":0.0,"ltscale":1.0,"visible":1,"width":0.0,"thickness":0.0,"ext":"(3:0,0,0.1)"},"geometry":{"type":"LineString","coordinates":[[14.1435076,55.9855638,0.0],[14.1434737,55.9855942,0.0],[14.1435281,55.9856133,0.0],[14.143562,55.9855828,0.0],[14.1435076,55.9855638,0.0]]}},
{"type":"Feature","properties":{"fid":3696,"handle":103002,"block":-1,"etype":18,"space":0,"layer":"J26_Funkby","olinetype":"BYLAYER","linetype":"","color":"0,255,255,254","ocolor":256,"color24":-1,"transparency":0,"lweight":-1,"linewidth":0.0,"ltscale":1.0,"visible":1,"width":0.0,"thickness":0.0,"ext":"(3:0,0,0.1)"},"geometry":{"type":"LineString","coordinates":[[14.143562,55.9855828,0.0],[14.1435281,55.9856133,0.0],[14.1435824,55.9856323,0.0],[14.1436164,55.9856018,0.0],[14.143562,55.9855828,0.0]]}},
{"type":"Feature","properties":{"fid":3697,"handle":103004,"block":-1,"etype":18,"space":0,"layer":"J26_Funkby","olinetype":"BYLAYER","linetype":"","color":"0,255,255,254","ocolor":256,"color24":-1,"transparency":0,"lweight":-1,"linewidth":0.0,"ltscale":1.0,"visible":1,"width":0.0,"thickness":0.0,"ext":"(3:0,0,0.1)"},"geometry":{"type":"LineString","coordinates":[[14.1436911,55.9855856,0.0],[14.1436571,55.9856161,0.0],[14.1437115,55.9856351,0.0],[14.1437454,55.9856046,0.0],[14.1436911,55.9855856,0.0]]}},
{"type":"Feature","properties":{"fid":3698,"handle":103005,"block":-1,"etype":18,"space":0,"layer":"J26_Funkby","olinetype":"BYLAYER","linetype":"","color":"0,255,255,254","ocolor":256,"color24":-1,"transparency":0,"lweight":-1,"linewidth":0.0,"ltscale":1.0,"visible":1,"width":0.0,"thickness":0.0,"ext":"(3:0,0,0.1)"},"geometry":{"type":"LineString","coordinates":[[14.1437454,55.9856046,0.0],[14.1437115,55.9856351,0.0],[14.1437659,55.9856541,0.0],[14.1437998,55.9856237,0.0],[14.1437454,55.9856046,0.0]]}},
{"type":"Feature","properties":{"fid":3699,"handle":103006,"block":-1,"etype":18,"space":0,"layer":"J26_Funkby","olinetype":"BYLAYER","linetype":"","color":"0,255,255,254","ocolor":256,"color24":-1,"transparency":0,"lweight":-1,"linewidth":0.0,"ltscale":1.0,"visible":1,"width":0.0,"thickness":0.0,"ext":"(3:0,0,0.1)"},"geometry":{"type":"LineString","coordinates":[[14.1437998,55.9856237,0.0],[14.1437659,55.9856541,0.0],[14.1438202,55.9856731,0.0],[14.1438542,55.9856427,0.0],[14.1437998,55.9856237,0.0]]}},
{"type":"Feature","properties":{"fid":3700,"handle":103007,"block":-1,"etype":18,"space":0,"layer":"J26_Funkby","olinetype":"BYLAYER","linetype":"","color":"0,255,255,254","ocolor":256,"color24":-1,"transparency":0,"lweight":-1,"linewidth":0.0,"ltscale":1.0,"visible":1,"width":0.0,"thickness":0.0,"ext":"(3:0,0,0.1)"},"geometry":{"type":"LineString","coordinates":[[14.1438542,55.9856427,0.0],[14.1438202,55.9856731,0.0],[14.1438746,55.9856922,0.0],[14.1439085,55.9856617,0.0],[14.1438542,55.9856427,0.0]]}},
{"type":"Feature","properties":{"fid":3701,"handle":103008,"block":-1,"etype":18,"space":0,"layer":"J26_Funkby","olinetype":"BYLAYER","linetype":"","color":"0,255,255,254","ocolor":256,"color24":-1,"transparency":0,"lweight":-1,"linewidth":0.0,"ltscale":1.0,"visible":1,"width":0.0,"thickness":0.0,"ext":"(3:0,0,0.1)"},"geometry":{"type":"LineString","coordinates":[[14.1436571,55.9856161,0.0],[14.1436232,55.9856466,0.0],[14.1436776,55.9856656,0.0],[14.1437115,55.9856351,0.0],[14.1436571,55.9856161,0.0]]}},
{"type":"Feature","properties":{"fid":3702,"handle":103009,"block":-1,"etype":18,"space":0,"layer":"J26_Funkby","olinetype":"BYLAYER","linetype":"","color":"0,255,255,254","ocolor":256,"color24":-1,"transparency":0,"lweight":-1,"linewidth":0.0,"ltscale":1.0,"visible":1,"width":0.0,"thickness":0.0,"ext":"(3:0,0,0.1)"},"geometry":{"type":"LineString","coordinates":[[14.1437115,55.9856351,0.0],[14.1436776,55.9856656,0.0],[14.1437319,55.9856846,0.0],[14.1437659,55.9856541,0.0],[14.1437115,55.9856351,0.0]]}},
{"type":"Feature","properties":{"fid":3703,"handle":103010,"block":-1,"etype":18,"space":0,"layer":"J26_Funkby","olinetype":"BYLAYER","linetype":"","color":"0,255,255,254","ocolor":256,"color24":-1,"transparency":0,"lweight":-1,"linewidth":0.0,"ltscale":1.0,"visible":1,"width":0.0,"thickness":0.0,"ext":"(3:0,0,0.1)"},"geometry":{"type":"LineString","coordinates":[[14.1437659,55.9856541,0.0],[14.1437319,55.9856846,0.0],[14.1437863,55.9857036,0.0],[14.1438202,55.9856731,0.0],[14.1437659,55.9856541,0.0]]}},
{"type":"Feature","properties":{"fid":3704,"handle":103011,"block":-1,"etype":18,"space":0,"layer":"J26_Funkby","olinetype":"BYLAYER","linetype":"","color":"0,255,255,254","ocolor":256,"color24":-1,"transparency":0,"lweight":-1,"linewidth":0.0,"ltscale":1.0,"visible":1,"width":0.0,"thickness":0.0,"ext":"(3:0,0,0.1)"},"geometry":{"type":"LineString","coordinates":[[14.1438202,55.9856731,0.0],[14.1437863,55.9857036,0.0],[14.1438407,55.9857226,0.0],[14.1438746,55.9856922,0.0],[14.1438202,55.9856731,0.0]]}},
{"type":"Feature","properties":{"fid":3705,"handle":103013,"block":-1,"etype":18,"space":0,"layer":"J26_Funkby","olinetype":"BYLAYER","linetype":"","color":"0,255,255,254","ocolor":256,"color24":-1,"transparency":0,"lweight":-1,"linewidth":0.0,"ltscale":1.0,"visible":1,"width":0.0,"thickness":0.0,"ext":"(3:0,0,0.1)"},"geometry":{"type":"LineString","coordinates":[[14.1439493,55.985676,0.0],[14.1439154,55.9857064,0.0],[14.1439697,55.9857255,0.0],[14.1440037,55.985695,0.0],[14.1439493,55.985676,0.0]]}},
{"type":"Feature","properties":{"fid":3706,"handle":103014,"block":-1,"etype":18,"space":0,"layer":"J26_Funkby","olinetype":"BYLAYER","linetype":"","color":"0,255,255,254","ocolor":256,"color24":-1,"transparency":0,"lweight":-1,"linewidth":0.0,"ltscale":1.0,"visible":1,"width":0.0,"thickness":0.0,"ext":"(3:0,0,0.1)"},"geometry":{"type":"LineString","coordinates":[[14.1440037,55.985695,0.0],[14.1439697,55.9857255,0.0],[14.1440241,55.9857445,0.0],[14.144058,55.985714,0.0],[14.1440037,55.985695,0.0]]}},
{"type":"Feature","properties":{"fid":3707,"handle":103015,"block":-1,"etype":18,"space":0,"layer":"J26_Funkby","olinetype":"BYLAYER","linetype":"","color":"0,255,255,254","ocolor":256,"color24":-1,"transparency":0,"lweight":-1,"linewidth":0.0,"ltscale":1.0,"visible":1,"width":0.0,"thickness":0.0,"ext":"(3:0,0,0.1)"},"geometry":{"type":"LineString","coordinates":[[14.144058,55.985714,0.0],[14.1440241,55.9857445,0.0],[14.1440785,55.9857635,0.0],[14.1441124,55.985733,0.0],[14.144058,55.985714,0.0]]}},
{"type":"Feature","properties":{"fid":3708,"handle":103016,"block":-1,"etype":18,"space":0,"layer":"J26_Funkby","olinetype":"BYLAYER","linetype":"","color":"0,255,255,254","ocolor":256,"color24":-1,"transparency":0,"lweight":-1,"linewidth":0.0,"ltscale":1.0,"visible":1,"width":0.0,"thickness":0.0,"ext":"(3:0,0,0.1)"},"geometry":{"type":"LineString","coordinates":[[14.1441124,55.985733,0.0],[14.1440785,55.9857635,0.0],[14.1441328,55.9857825,0.0],[14.1441668,55.985752,0.0],[14.1441124,55.985733,0.0]]}},
{"type":"Feature","properties":{"fid":3709,"handle":103017,"block":-1,"etype":18,"space":0,"layer":"J26_Funkby","olinetype":"BYLAYER","linetype":"","color":"0,255,255,254","ocolor":256,"color24":-1,"transparency":0,"lweight":-1,"linewidth":0.0,"ltscale":1.0,"visible":1,"width":0.0,"thickness":0.0,"ext":"(3:0,0,0.1)"},"geometry":{"type":"LineString","coordinates":[[14.1439154,55.9857064,0.0],[14.1438814,55.9857369,0.0],[14.1439358,55.9857559,0.0],[14.1439697,55.9857255,0.0],[14.1439154,55.9857064,0.0]]}},
{"type":"Feature","properties":{"fid":3710,"handle":103018,"block":-1,"etype":18,"space":0,"layer":"J26_Funkby","olinetype":"BYLAYER","linetype":"","color":"0,255,255,254","ocolor":256,"color24":-1,"transparency":0,"lweight":-1,"linewidth":0.0,"ltscale":1.0,"visible":1,"width":0.0,"thickness":0.0,"ext":"(3:0,0,0.1)"},"geometry":{"type":"LineString","coordinates":[[14.1439697,55.9857255,0.0],[14.1439358,55.9857559,0.0],[14.1439902,55.985775,0.0],[14.1440241,55.9857445,0.0],[14.1439697,55.9857255,0.0]]}},
{"type":"Feature","properties":{"fid":3711,"handle":103019,"block":-1,"etype":18,"space":0,"layer":"J26_Funkby","olinetype":"BYLAYER","linetype":"","color":"0,255,255,254","ocolor":256,"color24":-1,"transparency":0,"lweight":-1,"linewidth":0.0,"ltscale":1.0,"visible":1,"width":0.0,"thickness":0.0,"ext":"(3:0,0,0.1)"},"geometry":{"type":"LineString","coordinates":[[14.1440241,55.9857445,0.0],[14.1439902,55.985775,0.0],[14.1440445,55.985794,0.0],[14.1440785,55.9857635,0.0],[14.1440241,55.9857445,0.0]]}},
{"type":"Feature","properties":{"fid":3712,"handle":103020,"block":-1,"etype":18,"space":0,"layer":"J26_Funkby","olinetype":"BYLAYER","linetype":"","color":"0,255,255,254","ocolor":256,"color24":-1,"transparency":0,"lweight":-1,"linewidth":0.0,"ltscale":1.0,"visible":1,"width":0.0,"thickness":0.0,"ext":"(3:0,0,0.1)"},"geometry":{"type":"LineString","coordinates":[[14.1440785,55.9857635,0.0],[14.1440445,55.985794,0.0],[14.1440989,55.985813,0.0],[14.1441328,55.9857825,0.0],[14.1440785,55.9857635,0.0]]}},
{"type":"Feature","properties":{"fid":3713,"handle":103026,"block":-1,"etype":18,"space":0,"layer":"J26_Funkby","olinetype":"BYLAYER","linetype":"","color":"0,255,255,254","ocolor":256,"color24":-1,"transparency":0,"lweight":-1,"linewidth":0.0,"ltscale":1.0,"visible":1,"width":0.0,"thickness":0.0,"ext":"(3:0,0,0.1)"},"geometry":{"type":"LineString","coordinates":[[14.1441328,55.9857825,0.0],[14.1440989,55.985813,0.0],[14.1441533,55.985832,0.0],[14.1441872,55.9858015,0.0],[14.1441328,55.9857825,0.0]]}},
{"type":"Feature","properties":{"fid":3714,"handle":103027,"block":-1,"etype":18,"space":0,"layer":"J26_Funkby","olinetype":"BYLAYER","linetype":"","color":"0,255,255,254","ocolor":256,"color24":-1,"transparency":0,"lweight":-1,"linewidth":0.0,"ltscale":1.0,"visible":1,"width":0.0,"thickness":0.0,"ext":"(3:0,0,0.1)"},"geometry":{"type":"LineString","coordinates":[[14.1441872,55.9858015,0.0],[14.1441533,55.985832,0.0],[14.1442076,55.985851,0.0],[14.1442416,55.9858206,0.0],[14.1441872,55.9858015,0.0]]}},
{"type":"Feature","properties":{"fid":3715,"handle":103028,"block":-1,"etype":18,"space":0,"layer":"J26_Funkby","olinetype":"BYLAYER","linetype":"","color":"0,255,255,254","ocolor":256,"color24":-1,"transparency":0,"lweight":-1,"linewidth":0.0,"ltscale":1.0,"visible":1,"width":0.0,"thickness":0.0,"ext":"(3:0,0,0.1)"},"geometry":{"type":"LineString","coordinates":[[14.1442416,55.9858206,0.0],[14.1442076,55.985851,0.0],[14.144262,55.9858701,0.0],[14.1442959,55.9858396,0.0],[14.1442416,55.9858206,0.0]]}},
{"type":"Feature","properties":{"fid":3716,"handle":103029,"block":-1,"etype":18,"space":0,"layer":"J26_Funkby","olinetype":"BYLAYER","linetype":"","color":"0,255,255,254","ocolor":256,"color24":-1,"transparency":0,"lweight":-1,"linewidth":0.0,"ltscale":1.0,"visible":1,"width":0.0,"thickness":0.0,"ext":"(3:0,0,0.1)"},"geometry":{"type":"LineString","coordinates":[[14.1442959,55.9858396,0.0],[14.144262,55.9858701,0.0],[14.1443164,55.9858891,0.0],[14.1443503,55.9858586,0.0],[14.1442959,55.9858396,0.0]]}},
{"type":"Feature","properties":{"fid":3717,"handle":103031,"block":-1,"etype":18,"space":0,"layer":"J26_Funkby","olinetype":"BYLAYER","linetype":"","color":"0,255,255,254","ocolor":256,"color24":-1,"transparency":0,"lweight":-1,"linewidth":0.0,"ltscale":1.0,"visible":1,"width":0.0,"thickness":0.0,"ext":"(3:0,0,0.1)"},"geometry":{"type":"LineString","coordinates":[[14.1436911,55.9855856,0.0],[14.1437454,55.9856046,0.0],[14.1437794,55.9855742,0.0],[14.143725,55.9855551,0.0],[14.1436911,55.9855856,0.0]]}},
{"type":"Feature","properties":{"fid":3718,"handle":103032,"block":-1,"etype":18,"space":0,"layer":"J26_Funkby","olinetype":"BYLAYER","linetype":"","color":"0,255,255,254","ocolor":256,"color24":-1,"transparency":0,"lweight":-1,"linewidth":0.0,"ltscale":1.0,"visible":1,"width":0.0,"thickness":0.0,"ext":"(3:0,0,0.1)"},"geometry":{"type":"LineString","coordinates":[[14.1437454,55.9856046,0.0],[14.1437998,55.9856237,0.0],[14.1438337,55.9855932,0.0],[14.1437794,55.9855742,0.0],[14.1437454,55.9856046,0.0]]}},
{"type":"Feature","properties":{"fid":3719,"handle":103033,"block":-1,"etype":18,"space":0,"layer":"J26_Funkby","olinetype":"BYLAYER","linetype":"","color":"0,255,255,254","ocolor":256,"color24":-1,"transparency":0,"lweight":-1,"linewidth":0.0,"ltscale":1.0,"visible":1,"width":0.0,"thickness":0.0,"ext":"(3:0,0,0.1)"},"geometry":{"type":"LineString","coordinates":[[14.1437998,55.9856237,0.0],[14.1438542,55.9856427,0.0],[14.1438881,55.9856122,0.0],[14.1438337,55.9855932,0.0],[14.1437998,55.9856237,0.0]]}},
{"type":"Feature","properties":{"fid":3720,"handle":103035,"block":-1,"etype":18,"space":0,"layer":"J26_Funkby","olinetype":"BYLAYER","linetype":"","color":"0,255,255,254","ocolor":256,"color24":-1,"transparency":0,"lweight":-1,"linewidth":0.0,"ltscale":1.0,"visible":1,"width":0.0,"thickness":0.0,"ext":"(3:0,0,0.1)"},"geometry":{"type":"LineString","coordinates":[[14.1443911,55.9858729,0.0],[14.1443571,55.9859034,0.0],[14.1444115,55.9859224,0.0],[14.1444454,55.9858919,0.0],[14.1443911,55.9858729,0.0]]}},
{"type":"Feature","properties":{"fid":3721,"handle":103036,"block":-1,"etype":18,"space":0,"layer":"J26_Funkby","olinetype":"BYLAYER","linetype":"","color":"0,255,255,254","ocolor":256,"color24":-1,"transparency":0,"lweight":-1,"linewidth":0.0,"ltscale":1.0,"visible":1,"width":0.0,"thickness":0.0,"ext":"(3:0,0,0.1)"},"geometry":{"type":"LineString","coordinates":[[14.1444454,55.9858919,0.0],[14.1444115,55.9859224,0.0],[14.1444659,55.9859414,0.0],[14.1444998,55.9859109,0.0],[14.1444454,55.9858919,0.0]]}},
{"type":"Feature","properties":{"fid":3952,"handle":104123,"block":-1,"etype":18,"space":0,"layer":"J26_Funkby","olinetype":"BYLAYER","linetype":"","color":"0,255,255,254","ocolor":256,"color24":-1,"transparency":0,"lweight":-1,"linewidth":0.0,"ltscale":1.0,"visible":1,"width":0.0,"thickness":0.0,"ext":"(3:0,0,0.1)"},"geometry":{"type":"LineString","coordinates":[[14.1446352,55.9851851,0.0],[14.1446993,55.9851847,0.0],[14.1446981,55.9851174,0.0],[14.1446341,55.9851177,0.0],[14.1446352,55.9851851,0.0]]}},
{"type":"Feature","properties":{"fid":3953,"handle":104125,"block":-1,"etype":18,"space":0,"layer":"J26_Funkby","olinetype":"BYLAYER","linetype":"","color":"0,255,255,254","ocolor":256,"color24":-1,"transparency":0,"lweight":-1,"linewidth":0.0,"ltscale":1.0,"visible":1,"width":0.0,"thickness":0.0,"ext":"(3:0,0,0.1)"},"geometry":{"type":"LineString","coordinates":[[14.1447616,55.9850811,0.0],[14.1448257,55.9850808,0.0],[14.1448246,55.9850134,0.0],[14.1447605,55.9850138,0.0],[14.1447616,55.9850811,0.0]]}},
{"type":"Feature","properties":{"fid":3954,"handle":104127,"block":-1,"etype":18,"space":0,"layer":"J26_Funkby","olinetype":"BYLAYER","linetype":"","color":"0,255,255,254","ocolor":256,"color24":-1,"transparency":0,"lweight":-1,"linewidth":0.0,"ltscale":1.0,"visible":1,"width":0.0,"thickness":0.0,"ext":"(3:0,0,0.1)"},"geometry":{"type":"LineString","coordinates":[[14.1448898,55.9850804,0.0],[14.1449539,55.9850801,0.0],[14.1449528,55.9850127,0.0],[14.1448887,55.9850131,0.0],[14.1448898,55.9850804,0.0]]}},
{"type":"Feature","properties":{"fid":3955,"handle":104128,"block":-1,"etype":18,"space":0,"layer":"J26_Funkby","olinetype":"BYLAYER","linetype":"","color":"0,255,255,254","ocolor":256,"color24":-1,"transparency":0,"lweight":-1,"linewidth":0.0,"ltscale":1.0,"visible":1,"width":0.0,"thickness":0.0,"ext":"(3:0,0,0.1)"},"geometry":{"type":"LineString","coordinates":[[14.1448915,55.9851837,0.0],[14.1449556,55.9851834,0.0],[14.1449545,55.985116,0.0],[14.1448904,55.9851164,0.0],[14.1448915,55.9851837,0.0]]}},
{"type":"Feature","properties":{"fid":3956,"handle":104129,"block":-1,"etype":18,"space":0,"layer":"J26_Funkby","olinetype":"BYLAYER","linetype":"","color":"0,255,255,254","ocolor":256,"color24":-1,"transparency":0,"lweight":-1,"linewidth":0.0,"ltscale":1.0,"visible":1,"width":0.0,"thickness":0.0,"ext":"(3:0,0,0.1)"},"geometry":{"type":"LineString","coordinates":[[14.145018,55.9850798,0.0],[14.145082,55.9850794,0.0],[14.1450809,55.9850121,0.0],[14.1450168,55.9850124,0.0],[14.145018,55.9850798,0.0]]}},
{"type":"Feature","properties":{"fid":3957,"handle":104130,"block":-1,"etype":18,"space":0,"layer":"J26_Funkby","olinetype":"BYLAYER","linetype":"","color":"0,255,255,254","ocolor":256,"color24":-1,"transparency":0,"lweight":-1,"linewidth":0.0,"ltscale":1.0,"visible":1,"width":0.0,"thickness":0.0,"ext":"(3:0,0,0.1)"},"geometry":{"type":"LineString","coordinates":[[14.1450197,55.985183,0.0],[14.1450838,55.9851827,0.0],[14.1450826,55.9851154,0.0],[14.1450186,55.9851157,0.0],[14.1450197,55.985183,0.0]]}},
{"type":"Feature","properties":{"fid":3958,"handle":104131,"block":-1,"etype":18,"space":0,"layer":"J26_Funkby","olinetype":"BYLAYER","linetype":"","color":"0,255,255,254","ocolor":256,"color24":-1,"transparency":0,"lweight":-1,"linewidth":0.0,"ltscale":1.0,"visible":1,"width":0.0,"thickness":0.0,"ext":"(3:0,0,0.1)"},"geometry":{"type":"LineString","coordinates":[[14.1451461,55.9850791,0.0],[14.1452102,55.9850788,0.0],[14.1452091,55.9850114,0.0],[14.145145,55.9850117,0.0],[14.1451461,55.9850791,0.0]]}},
{"type":"Feature","properties":{"fid":3959,"handle":104132,"block":-1,"etype":18,"space":0,"layer":"J26_Funkby","olinetype":"BYLAYER","linetype":"","color":"0,255,255,254","ocolor":256,"color24":-1,"transparency":0,"lweight":-1,"linewidth":0.0,"ltscale":1.0,"visible":1,"width":0.0,"thickness":0.0,"ext":"(3:0,0,0.1)"},"geometry":{"type":"LineString","coordinates":[[14.1451478,55.9851824,0.0],[14.1452119,55.985182,0.0],[14.1452108,55.9851147,0.0],[14.1451467,55.985115,0.0],[14.1451478,55.9851824,0.0]]}},
{"type":"Feature","properties":{"fid":3960,"handle":104133,"block":-1,"etype":18,"space":0,"layer":"J26_Funkby","olinetype":"BYLAYER","linetype":"","color":"0,255,255,254","ocolor":256,"color24":-1,"transparency":0,"lweight":-1,"linewidth":0.0,"ltscale":1.0,"visible":1,"width":0.0,"thickness":0.0,"ext":"(3:0,0,0.1)"},"geometry":{"type":"LineString","coordinates":[[14.1446317,55.984974,0.0],[14.1446958,55.9849737,0.0],[14.1446946,55.9849063,0.0],[14.1446306,55.9849067,0.0],[14.1446317,55.984974,0.0]]}},
{"type":"Feature","properties":{"fid":3961,"handle":104134,"block":-1,"etype":18,"space":0,"layer":"J26_Funkby","olinetype":"BYLAYER","linetype":"","color":"0,255,255,254","ocolor":256,"color24":-1,"transparency":0,"lweight":-1,"linewidth":0.0,"ltscale":1.0,"visible":1,"width":0.0,"thickness":0.0,"ext":"(3:0,0,0.1)"},"geometry":{"type":"LineString","coordinates":[[14.1447598,55.9849733,0.0],[14.1448239,55.984973,0.0],[14.1448228,55.9849056,0.0],[14.1447587,55.984906,0.0],[14.1447598,55.9849733,0.0]]}},
{"type":"Feature","properties":{"fid":3962,"handle":104135,"block":-1,"etype":18,"space":0,"layer":"J26_Funkby","olinetype":"BYLAYER","linetype":"","color":"0,255,255,254","ocolor":256,"color24":-1,"transparency":0,"lweight":-1,"linewidth":0.0,"ltscale":1.0,"visible":1,"width":0.0,"thickness":0.0,"ext":"(3:0,0,0.1)"},"geometry":{"type":"LineString","coordinates":[[14.144888,55.9849727,0.0],[14.1449521,55.9849723,0.0],[14.144951,55.984905,0.0],[14.1448869,55.9849053,0.0],[14.144888,55.9849727,0.0]]}},
{"type":"Feature","properties":{"fid":3963,"handle":104136,"block":-1,"etype":18,"space":0,"layer":"J26_Funkby","olinetype":"BYLAYER","linetype":"","color":"0,255,255,254","ocolor":256,"color24":-1,"transparency":0,"lweight":-1,"linewidth":0.0,"ltscale":1.0,"visible":1,"width":0.0,"thickness":0.0,"ext":"(3:0,0,0.1)"},"geometry":{"type":"LineString","coordinates":[[14.1450162,55.984972,0.0],[14.1450802,55.9849717,0.0],[14.1450791,55.9849043,0.0],[14.145015,55.9849046,0.0],[14.1450162,55.984972,0.0]]}},
{"type":"Feature","properties":{"fid":3964,"handle":104137,"block":-1,"etype":18,"space":0,"layer":"J26_Funkby","olinetype":"BYLAYER","linetype":"","color":"0,255,255,254","ocolor":256,"color24":-1,"transparency":0,"lweight":-1,"linewidth":0.0,"ltscale":1.0,"visible":1,"width":0.0,"thickness":0.0,"ext":"(3:0,0,0.1)"},"geometry":{"type":"LineString","coordinates":[[14.1451443,55.9849713,0.0],[14.1452084,55.984971,0.0],[14.1452073,55.9849036,0.0],[14.1451432,55.984904,0.0],[14.1451443,55.9849713,0.0]]}},
{"type":"Feature","properties":{"fid":3965,"handle":104138,"block":-1,"etype":18,"space":0,"layer":"J26_Funkby","olinetype":"BYLAYER","linetype":"","color":"0,255,255,254","ocolor":256,"color24":-1,"transparency":0,"lweight":-1,"linewidth":0.0,"ltscale":1.0,"visible":1,"width":0.0,"thickness":0.0,"ext":"(3:0,0,0.1)"},"geometry":{"type":"LineString","coordinates":[[14.1452743,55.9850784,0.0],[14.1453384,55.9850781,0.0],[14.1453372,55.9850107,0.0],[14.1452732,55.9850111,0.0],[14.1452743,55.9850784,0.0]]}},
{"type":"Feature","properties":{"fid":3966,"handle":104139,"block":-1,"etype":18,"space":0,"layer":"J26_Funkby","olinetype":"BYLAYER","linetype":"","color":"0,255,255,254","ocolor":256,"color24":-1,"transparency":0,"lweight":-1,"linewidth":0.0,"ltscale":1.0,"visible":1,"width":0.0,"thickness":0.0,"ext":"(3:0,0,0.1)"},"geometry":{"type":"LineString","coordinates":[[14.145276,55.9851817,0.0],[14.1453401,55.9851814,0.0],[14.145339,55.985114,0.0],[14.1452749,55.9851143,0.0],[14.145276,55.9851817,0.0]]}},
{"type":"Feature","properties":{"fid":3967,"handle":104140,"block":-1,"etype":18,"space":0,"layer":"J26_Funkby","olinetype":"BYLAYER","linetype":"","color":"0,255,255,254","ocolor":256,"color24":-1,"transparency":0,"lweight":-1,"linewidth":0.0,"ltscale":1.0,"visible":1,"width":0.0,"thickness":0.0,"ext":"(3:0,0,0.1)"},"geometry":{"type":"LineString","coordinates":[[14.1454024,55.9850778,0.0],[14.1454665,55.9850774,0.0],[14.1454654,55.9850101,0.0],[14.1454013,55.9850104,0.0],[14.1454024,55.9850778,0.0]]}},
{"type":"Feature","properties":{"fid":3968,"handle":104141,"block":-1,"etype":18,"space":0,"layer":"J26_Funkby","olinetype":"BYLAYER","linetype":"","color":"0,255,255,254","ocolor":256,"color24":-1,"transparency":0,"lweight":-1,"linewidth":0.0,"ltscale":1.0,"visible":1,"width":0.0,"thickness":0.0,"ext":"(3:0,0,0.1)"},"geometry":{"type":"LineString","coordinates":[[14.1454042,55.985181,0.0],[14.1454682,55.9851807,0.0],[14.1454671,55.9851133,0.0],[14.145403,55.9851137,0.0],[14.1454042,55.985181,0.0]]}},
{"type":"Feature","properties":{"fid":3969,"handle":104142,"block":-1,"etype":18,"space":0,"layer":"J26_Funkby","olinetype":"BYLAYER","linetype":"","color":"0,255,255,254","ocolor":256,"color24":-1,"transparency":0,"lweight":-1,"linewidth":0.0,"ltscale":1.0,"visible":1,"width":0.0,"thickness":0.0,"ext":"(3:0,0,0.1)"},"geometry":{"type":"LineString","coordinates":[[14.1455306,55.9850771,0.0],[14.1455947,55.9850767,0.0],[14.1455936,55.9850094,0.0],[14.1455295,55.9850097,0.0],[14.1455306,55.9850771,0.0]]}},
{"type":"Feature","properties":{"fid":3970,"handle":104143,"block":-1,"etype":18,"space":0,"layer":"J26_Funkby","olinetype":"BYLAYER","linetype":"","color":"0,255,255,254","ocolor":256,"color24":-1,"transparency":0,"lweight":-1,"linewidth":0.0,"ltscale":1.0,"visible":1,"width":0.0,"thickness":0.0,"ext":"(3:0,0,0.1)"},"geometry":{"type":"LineString","coordinates":[[14.1455323,55.9851804,0.0],[14.1455964,55.98518,0.0],[14.1455953,55.9851127,0.0],[14.1455312,55.985113,0.0],[14.1455323,55.9851804,0.0]]}},
{"type":"Feature","properties":{"fid":3971,"handle":104144,"block":-1,"etype":18,"space":0,"layer":"J26_Funkby","olinetype":"BYLAYER","linetype":"","color":"0,255,255,254","ocolor":256,"color24":-1,"transparency":0,"lweight":-1,"linewidth":0.0,"ltscale":1.0,"visible":1,"width":0.0,"thickness":0.0,"ext":"(3:0,0,0.1)"},"geometry":{"type":"LineString","coordinates":[[14.1456588,55.9850764,0.0],[14.1457228,55.9850761,0.0],[14.1457217,55.9850087,0.0],[14.1456576,55.9850091,0.0],[14.1456588,55.9850764,0.0]]}},
{"type":"Feature","properties":{"fid":3972,"handle":104145,"block":-1,"etype":18,"space":0,"layer":"J26_Funkby","olinetype":"BYLAYER","linetype":"","color":"0,255,255,254","ocolor":256,"color24":-1,"transparency":0,"lweight":-1,"linewidth":0.0,"ltscale":1.0,"visible":1,"width":0.0,"thickness":0.0,"ext":"(3:0,0,0.1)"},"geometry":{"type":"LineString","coordinates":[[14.1456605,55.9851797,0.0],[14.1457246,55.9851794,0.0],[14.1457234,55.985112,0.0],[14.1456594,55.9851123,0.0],[14.1456605,55.9851797,0.0]]}},
{"type":"Feature","properties":{"fid":3973,"handle":104146,"block":-1,"etype":18,"space":0,"layer":"J26_Funkby","olinetype":"BYLAYER","linetype":"","color":"0,255,255,254","ocolor":256,"color24":-1,"transparency":0,"lweight":-1,"linewidth":0.0,"ltscale":1.0,"visible":1,"width":0.0,"thickness":0.0,"ext":"(3:0,0,0.1)"},"geometry":{"type":"LineString","coordinates":[[14.1452725,55.9849707,0.0],[14.1453366,55.9849703,0.0],[14.1453354,55.984903,0.0],[14.1452714,55.9849033,0.0],[14.1452725,55.9849707,0.0]]}},
{"type":"Feature","properties":{"fid":3974,"handle":104147,"block":-1,"etype":18,"space":0,"layer":"J26_Funkby","olinetype":"BYLAYER","linetype":"","color":"0,255,255,254","ocolor":256,"color24":-1,"transparency":0,"lweight":-1,"linewidth":0.0,"ltscale":1.0,"visible":1,"width":0.0,"thickness":0.0,"ext":"(3:0,0,0.1)"},"geometry":{"type":"LineString","coordinates":[[14.1454006,55.98497,0.0],[14.1454647,55.9849697,0.0],[14.1454636,55.9849023,0.0],[14.1453995,55.9849026,0.0],[14.1454006,55.98497,0.0]]}},
{"type":"Feature","properties":{"fid":3975,"handle":104148,"block":-1,"etype":18,"space":0,"layer":"J26_Funkby","olinetype":"BYLAYER","linetype":"","color":"0,255,255,254","ocolor":256,"color24":-1,"transparency":0,"lweight":-1,"linewidth":0.0,"ltscale":1.0,"visible":1,"width":0.0,"thickness":0.0,"ext":"(3:0,0,0.1)"},"geometry":{"type":"LineString","coordinates":[[14.1455288,55.9849693,0.0],[14.1455929,55.984969,0.0],[14.1455918,55.9849016,0.0],[14.1455277,55.984902,0.0],[14.1455288,55.9849693,0.0]]}},
{"type":"Feature","properties":{"fid":3976,"handle":104149,"block":-1,"etype":18,"space":0,"layer":"J26_Funkby","olinetype":"BYLAYER","linetype":"","color":"0,255,255,254","ocolor":256,"color24":-1,"transparency":0,"lweight":-1,"linewidth":0.0,"ltscale":1.0,"visible":1,"width":0.0,"thickness":0.0,"ext":"(3:0,0,0.1)"},"geometry":{"type":"LineString","coordinates":[[14.145657,55.9849686,0.0],[14.1457211,55.9849683,0.0],[14.1457199,55.984901,0.0],[14.1456558,55.9849013,0.0],[14.145657,55.9849686,0.0]]}},
{"type":"Feature","properties":{"fid":3977,"handle":104150,"block":-1,"etype":18,"space":0,"layer":"J26_Funkby","olinetype":"BYLAYER","linetype":"","color":"0,255,255,254","ocolor":256,"color24":-1,"transparency":0,"lweight":-1,"linewidth":0.0,"ltscale":1.0,"visible":1,"width":0.0,"thickness":0.0,"ext":"(3:0,0,0.1)"},"geometry":{"type":"LineString","coordinates":[[14.1457869,55.9850757,0.0],[14.145851,55.9850754,0.0],[14.1458499,55.9850081,0.0],[14.1457858,55.9850084,0.0],[14.1457869,55.9850757,0.0]]}},
{"type":"Feature","properties":{"fid":3978,"handle":104151,"block":-1,"etype":18,"space":0,"layer":"J26_Funkby","olinetype":"BYLAYER","linetype":"","color":"0,255,255,254","ocolor":256,"color24":-1,"transparency":0,"lweight":-1,"linewidth":0.0,"ltscale":1.0,"visible":1,"width":0.0,"thickness":0.0,"ext":"(3:0,0,0.1)"},"geometry":{"type":"LineString","coordinates":[[14.1457887,55.985179,0.0],[14.1458527,55.9851787,0.0],[14.1458516,55.9851113,0.0],[14.1457875,55.9851117,0.0],[14.1457887,55.985179,0.0]]}},
{"type":"Feature","properties":{"fid":3979,"handle":104153,"block":-1,"etype":18,"space":0,"layer":"J26_Funkby","olinetype":"BYLAYER","linetype":"","color":"0,255,255,254","ocolor":256,"color24":-1,"transparency":0,"lweight":-1,"linewidth":0.0,"ltscale":1.0,"visible":1,"width":0.0,"thickness":0.0,"ext":"(3:0,0,0.1)"},"geometry":{"type":"LineString","coordinates":[[14.1459168,55.9851784,0.0],[14.1459809,55.985178,0.0],[14.1459798,55.9851107,0.0],[14.1459157,55.985111,0.0],[14.1459168,55.9851784,0.0]]}},
{"type":"Feature","properties":{"fid":3980,"handle":104155,"block":-1,"etype":18,"space":0,"layer":"J26_Funkby","olinetype":"BYLAYER","linetype":"","color":"0,255,255,254","ocolor":256,"color24":-1,"transparency":0,"lweight":-1,"linewidth":0.0,"ltscale":1.0,"visible":1,"width":0.0,"thickness":0.0,"ext":"(3:0,0,0.1)"},"geometry":{"type":"LineString","coordinates":[[14.146045,55.9851777,0.0],[14.1461091,55.9851773,0.0],[14.1461079,55.98511,0.0],[14.1460439,55.9851103,0.0],[14.146045,55.9851777,0.0]]}},
{"type":"Feature","properties":{"fid":3981,"handle":104157,"block":-1,"etype":18,"space":0,"layer":"J26_Funkby","olinetype":"BYLAYER","linetype":"","color":"0,255,255,254","ocolor":256,"color24":-1,"transparency":0,"lweight":-1,"linewidth":0.0,"ltscale":1.0,"visible":1,"width":0.0,"thickness":0.0,"ext":"(3:0,0,0.1)"},"geometry":{"type":"LineString","coordinates":[[14.1461731,55.985177,0.0],[14.1462372,55.9851767,0.0],[14.1462361,55.9851093,0.0],[14.146172,55.9851097,0.0],[14.1461731,55.985177,0.0]]}},
{"type":"Feature","properties":{"fid":3982,"handle":104158,"block":-1,"etype":18,"space":0,"layer":"J26_Funkby","olinetype":"BYLAYER","linetype":"","color":"0,255,255,254","ocolor":256,"color24":-1,"transparency":0,"lweight":-1,"linewidth":0.0,"ltscale":1.0,"visible":1,"width":0.0,"thickness":0.0,"ext":"(3:0,0,0.1)"},"geometry":{"type":"LineString","coordinates":[[14.1457851,55.984968,0.0],[14.1458492,55.9849676,0.0],[14.1458481,55.9849003,0.0],[14.145784,55.9849006,0.0],[14.1457851,55.984968,0.0]]}},
{"type":"Feature","properties":{"fid":3983,"handle":104159,"block":-1,"etype":18,"space":0,"layer":"J26_Funkby","olinetype":"BYLAYER","linetype":"","color":"0,255,255,254","ocolor":256,"color24":-1,"transparency":0,"lweight":-1,"linewidth":0.0,"ltscale":1.0,"visible":1,"width":0.0,"thickness":0.0,"ext":"(3:0,0,0.1)"},"geometry":{"type":"LineString","coordinates":[[14.1460328,55.9849263,0.0],[14.1460322,55.9848903,0.0],[14.145912,55.984891,0.0],[14.1459126,55.9849269,0.0],[14.1460328,55.9849263,0.0]]}},
{"type":"Feature","properties":{"fid":3984,"handle":104161,"block":-1,"etype":18,"space":0,"layer":"J26_Funkby","olinetype":"BYLAYER","linetype":"","color":"0,255,255,254","ocolor":256,"color24":-1,"transparency":0,"lweight":-1,"linewidth":0.0,"ltscale":1.0,"visible":1,"width":0.0,"thickness":0.0,"ext":"(3:0,0,0.1)"},"geometry":{"type":"LineString","coordinates":[[14.1461123,55.9848899,0.0],[14.1461129,55.9849258,0.0],[14.146233,55.9849252,0.0],[14.1462324,55.9848893,0.0],[14.1461123,55.9848899,0.0]]}},
{"type":"Feature","properties":{"fid":3985,"handle":104162,"block":-1,"etype":18,"space":0,"layer":"J26_Funkby","olinetype":"BYLAYER","linetype":"","color":"0,255,255,254","ocolor":256,"color24":-1,"transparency":0,"lweight":-1,"linewidth":0.0,"ltscale":1.0,"visible":1,"width":0.0,"thickness":0.0,"ext":"(3:0,0,0.1)"},"geometry":{"type":"LineString","coordinates":[[14.1462996,55.9850731,0.0],[14.1463637,55.9850727,0.0],[14.1463625,55.9850054,0.0],[14.1462985,55.9850057,0.0],[14.1462996,55.9850731,0.0]]}},
{"type":"Feature","properties":{"fid":3986,"handle":104163,"block":-1,"etype":18,"space":0,"layer":"J26_Funkby","olinetype":"BYLAYER","linetype":"","color":"0,255,255,254","ocolor":256,"color24":-1,"transparency":0,"lweight":-1,"linewidth":0.0,"ltscale":1.0,"visible":1,"width":0.0,"thickness":0.0,"ext":"(3:0,0,0.1)"},"geometry":{"type":"LineString","coordinates":[[14.1463013,55.9851763,0.0],[14.1463654,55.985176,0.0],[14.1463643,55.9851086,0.0],[14.1463002,55.985109,0.0],[14.1463013,55.9851763,0.0]]}},
{"type":"Feature","properties":{"fid":3987,"handle":104164,"block":-1,"etype":18,"space":0,"layer":"J26_Funkby","olinetype":"BYLAYER","linetype":"","color":"0,255,255,254","ocolor":256,"color24":-1,"transparency":0,"lweight":-1,"linewidth":0.0,"ltscale":1.0,"visible":1,"width":0.0,"thickness":0.0,"ext":"(3:0,0,0.1)"},"geometry":{"type":"LineString","coordinates":[[14.1464277,55.9850724,0.0],[14.1464918,55.985072,0.0],[14.1464907,55.9850047,0.0],[14.1464266,55.985005,0.0],[14.1464277,55.9850724,0.0]]}},
{"type":"Feature","properties":{"fid":3988,"handle":104165,"block":-1,"etype":18,"space":0,"layer":"J26_Funkby","olinetype":"BYLAYER","linetype":"","color":"0,255,255,254","ocolor":256,"color24":-1,"transparency":0,"lweight":-1,"linewidth":0.0,"ltscale":1.0,"visible":1,"width":0.0,"thickness":0.0,"ext":"(3:0,0,0.1)"},"geometry":{"type":"LineString","coordinates":[[14.1464295,55.9851757,0.0],[14.1464935,55.9851753,0.0],[14.1464924,55.985108,0.0],[14.1464283,55.9851083,0.0],[14.1464295,55.9851757,0.0]]}},
{"type":"Feature","properties":{"fid":3989,"handle":104166,"block":-1,"etype":18,"space":0,"layer":"J26_Funkby","olinetype":"BYLAYER","linetype":"","color":"0,255,255,254","ocolor":256,"color24":-1,"transparency":0,"lweight":-1,"linewidth":0.0,"ltscale":1.0,"visible":1,"width":0.0,"thickness":0.0,"ext":"(3:0,0,0.1)"},"geometry":{"type":"LineString","coordinates":[[14.1465559,55.9850717,0.0],[14.14662,55.9850714,0.0],[14.1466189,55.985004,0.0],[14.1465548,55.9850044,0.0],[14.1465559,55.9850717,0.0]]}},
{"type":"Feature","properties":{"fid":3990,"handle":104167,"block":-1,"etype":18,"space":0,"layer":"J26_Funkby","olinetype":"BYLAYER","linetype":"","color":"0,255,255,254","ocolor":256,"color24":-1,"transparency":0,"lweight":-1,"linewidth":0.0,"ltscale":1.0,"visible":1,"width":0.0,"thickness":0.0,"ext":"(3:0,0,0.1)"},"geometry":{"type":"LineString","coordinates":[[14.1465576,55.985175,0.0],[14.1466217,55.9851747,0.0],[14.1466206,55.9851073,0.0],[14.1465565,55.9851076,0.0],[14.1465576,55.985175,0.0]]}},
{"type":"Feature","properties":{"fid":3991,"handle":104168,"block":-1,"etype":18,"space":0,"layer":"J26_Funkby","olinetype":"BYLAYER","linetype":"","color":"0,255,255,254","ocolor":256,"color24":-1,"transparency":0,"lweight":-1,"linewidth":0.0,"ltscale":1.0,"visible":1,"width":0.0,"thickness":0.0,"ext":"(3:0,0,0.1)"},"geometry":{"type":"LineString","coordinates":[[14.1466841,55.985071,0.0],[14.1467481,55.9850707,0.0],[14.146747,55.9850033,0.0],[14.1466829,55.9850037,0.0],[14.1466841,55.985071,0.0]]}},
{"type":"Feature","properties":{"fid":3992,"handle":104169,"block":-1,"etype":18,"space":0,"layer":"J26_Funkby","olinetype":"BYLAYER","linetype":"","color":"0,255,255,254","ocolor":256,"color24":-1,"transparency":0,"lweight":-1,"linewidth":0.0,"ltscale":1.0,"visible":1,"width":0.0,"thickness":0.0,"ext":"(3:0,0,0.1)"},"geometry":{"type":"LineString","coordinates":[[14.1466858,55.9851743,0.0],[14.1467499,55.985174,0.0],[14.1467487,55.9851066,0.0],[14.1466847,55.985107,0.0],[14.1466858,55.9851743,0.0]]}},
{"type":"Feature","properties":{"fid":3993,"handle":104170,"block":-1,"etype":18,"space":0,"layer":"J26_Funkby","olinetype":"BYLAYER","linetype":"","color":"0,255,255,254","ocolor":256,"color24":-1,"transparency":0,"lweight":-1,"linewidth":0.0,"ltscale":1.0,"visible":1,"width":0.0,"thickness":0.0,"ext":"(3:0,0,0.1)"},"geometry":{"type":"LineString","coordinates":[[14.1462978,55.9849653,0.0],[14.1463619,55.984965,0.0],[14.1463607,55.9848976,0.0],[14.1462967,55.9848979,0.0],[14.1462978,55.9849653,0.0]]}},
{"type":"Feature","properties":{"fid":3994,"handle":104171,"block":-1,"etype":18,"space":0,"layer":"J26_Funkby","olinetype":"BYLAYER","linetype":"","color":"0,255,255,254","ocolor":256,"color24":-1,"transparency":0,"lweight":-1,"linewidth":0.0,"ltscale":1.0,"visible":1,"width":0.0,"thickness":0.0,"ext":"(3:0,0,0.1)"},"geometry":{"type":"LineString","coordinates":[[14.1464259,55.9849646,0.0],[14.14649,55.9849643,0.0],[14.1464889,55.9848969,0.0],[14.1464248,55.9848973,0.0],[14.1464259,55.9849646,0.0]]}},
{"type":"Feature","properties":{"fid":3995,"handle":104172,"block":-1,"etype":18,"space":0,"layer":"J26_Funkby","olinetype":"BYLAYER","linetype":"","color":"0,255,255,254","ocolor":256,"color24":-1,"transparency":0,"lweight":-1,"linewidth":0.0,"ltscale":1.0,"visible":1,"width":0.0,"thickness":0.0,"ext":"(3:0,0,0.1)"},"geometry":{"type":"LineString","coordinates":[[14.1465541,55.9849639,0.0],[14.1466182,55.9849636,0.0],[14.1466171,55.9848963,0.0],[14.146553,55.9848966,0.0],[14.1465541,55.9849639,0.0]]}},
{"type":"Feature","properties":{"fid":3996,"handle":104173,"block":-1,"etype":18,"space":0,"layer":"J26_Funkby","olinetype":"BYLAYER","linetype":"","color":"0,255,255,254","ocolor":256,"color24":-1,"transparency":0,"lweight":-1,"linewidth":0.0,"ltscale":1.0,"visible":1,"width":0.0,"thickness":0.0,"ext":"(3:0,0,0.1)"},"geometry":{"type":"LineString","coordinates":[[14.1466823,55.9849633,0.0],[14.1467463,55.9849629,0.0],[14.1467452,55.9848956,0.0],[14.1466811,55.9848959,0.0],[14.1466823,55.9849633,0.0]]}},
{"type":"Feature","properties":{"fid":3997,"handle":104249,"block":-1,"etype":18,"space":0,"layer":"J26_Funkby","olinetype":"BYLAYER","linetype":"","color":"0,255,255,254","ocolor":256,"color24":-1,"transparency":0,"lweight":-1,"linewidth":0.0,"ltscale":1.0,"visible":1,"width":0.0,"thickness":0.0,"ext":"(3:0,0,0.1)"},"geometry":{"type":"LineString","coordinates":[[14.144637,55.9852928,0.0],[14.1447011,55.9852925,0.0],[14.1446999,55.9852251,0.0],[14.1446359,55.9852255,0.0],[14.144637,55.9852928,0.0]]}},
{"type":"Feature","properties":{"fid":3998,"handle":104250,"block":-1,"etype":18,"space":0,"layer":"J26_Funkby","olinetype":"BYLAYER","linetype":"","color":"0,255,255,254","ocolor":256,"color24":-1,"transparency":0,"lweight":-1,"linewidth":0.0,"ltscale":1.0,"visible":1,"width":0.0,"thickness":0.0,"ext":"(3:0,0,0.1)"},"geometry":{"type":"LineString","coordinates":[[14.1447651,55.9852922,0.0],[14.1448292,55.9852918,0.0],[14.1448281,55.9852245,0.0],[14.144764,55.9852248,0.0],[14.1447651,55.9852922,0.0]]}},
{"type":"Feature","properties":{"fid":3999,"handle":104251,"block":-1,"etype":18,"space":0,"layer":"J26_Funkby","olinetype":"BYLAYER","linetype":"","color":"0,255,255,254","ocolor":256,"color24":-1,"transparency":0,"lweight":-1,"linewidth":0.0,"ltscale":1.0,"visible":1,"width":0.0,"thickness":0.0,"ext":"(3:0,0,0.1)"},"geometry":{"type":"LineString","coordinates":[[14.1448933,55.9852915,0.0],[14.1449574,55.9852912,0.0],[14.1449563,55.9852238,0.0],[14.1448922,55.9852241,0.0],[14.1448933,55.9852915,0.0]]}},
{"type":"Feature","properties":{"fid":4000,"handle":104252,"block":-1,"etype":18,"space":0,"layer":"J26_Funkby","olinetype":"BYLAYER","linetype":"","color":"0,255,255,254","ocolor":256,"color24":-1,"transparency":0,"lweight":-1,"linewidth":0.0,"ltscale":1.0,"visible":1,"width":0.0,"thickness":0.0,"ext":"(3:0,0,0.1)"},"geometry":{"type":"LineString","coordinates":[[14.1450215,55.9852908,0.0],[14.1450855,55.9852905,0.0],[14.1450844,55.9852231,0.0],[14.1450203,55.9852235,0.0],[14.1450215,55.9852908,0.0]]}},
{"type":"Feature","properties":{"fid":4001,"handle":104253,"block":-1,"etype":18,"space":0,"layer":"J26_Funkby","olinetype":"BYLAYER","linetype":"","color":"0,255,255,254","ocolor":256,"color24":-1,"transparency":0,"lweight":-1,"linewidth":0.0,"ltscale":1.0,"visible":1,"width":0.0,"thickness":0.0,"ext":"(3:0,0,0.1)"},"geometry":{"type":"LineString","coordinates":[[14.1451496,55.9852901,0.0],[14.1452137,55.9852898,0.0],[14.1452126,55.9852225,0.0],[14.1451485,55.9852228,0.0],[14.1451496,55.9852901,0.0]]}},
{"type":"Feature","properties":{"fid":4002,"handle":104254,"block":-1,"etype":18,"space":0,"layer":"J26_Funkby","olinetype":"BYLAYER","linetype":"","color":"0,255,255,254","ocolor":256,"color24":-1,"transparency":0,"lweight":-1,"linewidth":0.0,"ltscale":1.0,"visible":1,"width":0.0,"thickness":0.0,"ext":"(3:0,0,0.1)"},"geometry":{"type":"LineString","coordinates":[[14.1452778,55.9852895,0.0],[14.1453419,55.9852891,0.0],[14.1453408,55.9852218,0.0],[14.1452767,55.9852221,0.0],[14.1452778,55.9852895,0.0]]}},
{"type":"Feature","properties":{"fid":4003,"handle":104255,"block":-1,"etype":18,"space":0,"layer":"J26_Funkby","olinetype":"BYLAYER","linetype":"","color":"0,255,255,254","ocolor":256,"color24":-1,"transparency":0,"lweight":-1,"linewidth":0.0,"ltscale":1.0,"visible":1,"width":0.0,"thickness":0.0,"ext":"(3:0,0,0.1)"},"geometry":{"type":"LineString","coordinates":[[14.145406,55.9852888,0.0],[14.14547,55.9852885,0.0],[14.1454689,55.9852211,0.0],[14.1454048,55.9852214,0.0],[14.145406,55.9852888,0.0]]}},
{"type":"Feature","properties":{"fid":4004,"handle":104256,"block":-1,"etype":18,"space":0,"layer":"J26_Funkby","olinetype":"BYLAYER","linetype":"","color":"0,255,255,254","ocolor":256,"color24":-1,"transparency":0,"lweight":-1,"linewidth":0.0,"ltscale":1.0,"visible":1,"width":0.0,"thickness":0.0,"ext":"(3:0,0,0.1)"},"geometry":{"type":"LineString","coordinates":[[14.1455341,55.9852881,0.0],[14.1455982,55.9852878,0.0],[14.1455971,55.9852204,0.0],[14.145533,55.9852208,0.0],[14.1455341,55.9852881,0.0]]}},
{"type":"Feature","properties":{"fid":4005,"handle":104257,"block":-1,"etype":18,"space":0,"layer":"J26_Funkby","olinetype":"BYLAYER","linetype":"","color":"0,255,255,254","ocolor":256,"color24":-1,"transparency":0,"lweight":-1,"linewidth":0.0,"ltscale":1.0,"visible":1,"width":0.0,"thickness":0.0,"ext":"(3:0,0,0.1)"},"geometry":{"type":"LineString","coordinates":[[14.1456623,55.9852875,0.0],[14.1457264,55.9852871,0.0],[14.1457252,55.9852198,0.0],[14.1456612,55.9852201,0.0],[14.1456623,55.9852875,0.0]]}},
{"type":"Feature","properties":{"fid":4006,"handle":104258,"block":-1,"etype":18,"space":0,"layer":"J26_Funkby","olinetype":"BYLAYER","linetype":"","color":"0,255,255,254","ocolor":256,"color24":-1,"transparency":0,"lweight":-1,"linewidth":0.0,"ltscale":1.0,"visible":1,"width":0.0,"thickness":0.0,"ext":"(3:0,0,0.1)"},"geometry":{"type":"LineString","coordinates":[[14.1457904,55.9852868,0.0],[14.1458545,55.9852865,0.0],[14.1458534,55.9852191,0.0],[14.1457893,55.9852194,0.0],[14.1457904,55.9852868,0.0]]}},
{"type":"Feature","properties":{"fid":4007,"handle":104259,"block":-1,"etype":18,"space":0,"layer":"J26_Funkby","olinetype":"BYLAYER","linetype":"","color":"0,255,255,254","ocolor":256,"color24":-1,"transparency":0,"lweight":-1,"linewidth":0.0,"ltscale":1.0,"visible":1,"width":0.0,"thickness":0.0,"ext":"(3:0,0,0.1)"},"geometry":{"type":"LineString","coordinates":[[14.1459186,55.9852861,0.0],[14.1459827,55.9852858,0.0],[14.1459816,55.9852184,0.0],[14.1459175,55.9852188,0.0],[14.1459186,55.9852861,0.0]]}},
{"type":"Feature","properties":{"fid":4008,"handle":104260,"block":-1,"etype":18,"space":0,"layer":"J26_Funkby","olinetype":"BYLAYER","linetype":"","color":"0,255,255,254","ocolor":256,"color24":-1,"transparency":0,"lweight":-1,"linewidth":0.0,"ltscale":1.0,"visible":1,"width":0.0,"thickness":0.0,"ext":"(3:0,0,0.1)"},"geometry":{"type":"LineString","coordinates":[[14.1460468,55.9852854,0.0],[14.1461109,55.9852851,0.0],[14.1461097,55.9852178,0.0],[14.1460457,55.9852181,0.0],[14.1460468,55.9852854,0.0]]}},
{"type":"Feature","properties":{"fid":4009,"handle":104261,"block":-1,"etype":18,"space":0,"layer":"J26_Funkby","olinetype":"BYLAYER","linetype":"","color":"0,255,255,254","ocolor":256,"color24":-1,"transparency":0,"lweight":-1,"linewidth":0.0,"ltscale":1.0,"visible":1,"width":0.0,"thickness":0.0,"ext":"(3:0,0,0.1)"},"geometry":{"type":"LineString","coordinates":[[14.1461749,55.9852848,0.0],[14.146239,55.9852844,0.0],[14.1462379,55.9852171,0.0],[14.1461738,55.9852174,0.0],[14.1461749,55.9852848,0.0]]}},
{"type":"Feature","properties":{"fid":4010,"handle":104262,"block":-1,"etype":18,"space":0,"layer":"J26_Funkby","olinetype":"BYLAYER","linetype":"","color":"0,255,255,254","ocolor":256,"color24":-1,"transparency":0,"lweight":-1,"linewidth":0.0,"ltscale":1.0,"visible":1,"width":0.0,"thickness":0.0,"ext":"(3:0,0,0.1)"},"geometry":{"type":"LineString","coordinates":[[14.1463031,55.9852841,0.0],[14.1463672,55.9852838,0.0],[14.1463661,55.9852164,0.0],[14.146302,55.9852167,0.0],[14.1463031,55.9852841,0.0]]}},
{"type":"Feature","properties":{"fid":4011,"handle":104263,"block":-1,"etype":18,"space":0,"layer":"J26_Funkby","olinetype":"BYLAYER","linetype":"","color":"0,255,255,254","ocolor":256,"color24":-1,"transparency":0,"lweight":-1,"linewidth":0.0,"ltscale":1.0,"visible":1,"width":0.0,"thickness":0.0,"ext":"(3:0,0,0.1)"},"geometry":{"type":"LineString","coordinates":[[14.1464313,55.9852834,0.0],[14.1464953,55.9852831,0.0],[14.1464942,55.9852157,0.0],[14.1464301,55.9852161,0.0],[14.1464313,55.9852834,0.0]]}},
{"type":"Feature","properties":{"fid":4012,"handle":104264,"block":-1,"etype":18,"space":0,"layer":"J26_Funkby","olinetype":"BYLAYER","linetype":"","color":"0,255,255,254","ocolor":256,"color24":-1,"transparency":0,"lweight":-1,"linewidth":0.0,"ltscale":1.0,"visible":1,"width":0.0,"thickness":0.0,"ext":"(3:0,0,0.1)"},"geometry":{"type":"LineString","coordinates":[[14.1465594,55.9852828,0.0],[14.1466235,55.9852824,0.0],[14.1466224,55.9852151,0.0],[14.1465583,55.9852154,0.0],[14.1465594,55.9852828,0.0]]}},
{"type":"Feature","properties":{"fid":4013,"handle":104265,"block":-1,"etype":18,"space":0,"layer":"J26_Funkby","olinetype":"BYLAYER","linetype":"","color":"0,255,255,254","ocolor":256,"color24":-1,"transparency":0,"lweight":-1,"linewidth":0.0,"ltscale":1.0,"visible":1,"width":0.0,"thickness":0.0,"ext":"(3:0,0,0.1)"},"geometry":{"type":"LineString","coordinates":[[14.1466876,55.9852821,0.0],[14.1467517,55.9852818,0.0],[14.1467505,55.9852144,0.0],[14.1466865,55.9852147,0.0],[14.1466876,55.9852821,0.0]]}},
{"type":"Feature","properties":{"fid":4248,"handle":123896,"block":-1,"etype":18,"space":0,"layer":"J26_Funkby","olinetype":"BYLAYER","linetype":"","color":"0,255,255,254","ocolor":256,"color24":-1,"transparency":0,"lweight":-1,"linewidth":0.0,"ltscale":1.0,"visible":1,"width":0.0,"thickness":0.0,"ext":"(3:0,0,0.1)"},"geometry":{"type":"LineString","coordinates":[[14.1413692,55.9839099,0.0],[14.1414273,55.983925,0.0],[14.1414543,55.9838925,0.0],[14.1413963,55.9838773,0.0],[14.1413692,55.9839099,0.0]]}},
{"type":"Feature","properties":{"fid":4249,"handle":123897,"block":-1,"etype":18,"space":0,"layer":"J26_Funkby","olinetype":"BYLAYER","linetype":"","color":"0,255,255,254","ocolor":256,"color24":-1,"transparency":0,"lweight":-1,"linewidth":0.0,"ltscale":1.0,"visible":1,"width":0.0,"thickness":0.0,"ext":"(3:0,0,0.1)"},"geometry":{"type":"LineString","coordinates":[[14.1414003,55.9839576,0.0],[14.1414273,55.983925,0.0],[14.1413692,55.9839099,0.0],[14.1413422,55.9839425,0.0],[14.1414003,55.9839576,0.0]]}},
{"type":"Feature","properties":{"fid":4250,"handle":123898,"block":-1,"etype":18,"space":0,"layer":"J26_Funkby","olinetype":"BYLAYER","linetype":"","color":"0,255,255,254","ocolor":256,"color24":-1,"transparency":0,"lweight":-1,"linewidth":0.0,"ltscale":1.0,"visible":1,"width":0.0,"thickness":0.0,"ext":"(3:0,0,0.1)"},"geometry":{"type":"LineString","coordinates":[[14.1415553,55.9837702,0.0],[14.1416134,55.9837854,0.0],[14.1416405,55.9837528,0.0],[14.1415824,55.9837377,0.0],[14.1415553,55.9837702,0.0]]}},
{"type":"Feature","properties":{"fid":4251,"handle":123899,"block":-1,"etype":18,"space":0,"layer":"J26_Funkby","olinetype":"BYLAYER","linetype":"","color":"0,255,255,254","ocolor":256,"color24":-1,"transparency":0,"lweight":-1,"linewidth":0.0,"ltscale":1.0,"visible":1,"width":0.0,"thickness":0.0,"ext":"(3:0,0,0.1)"},"geometry":{"type":"LineString","coordinates":[[14.1415865,55.9838179,0.0],[14.1416134,55.9837853,0.0],[14.1415553,55.9837702,0.0],[14.1415283,55.9838028,0.0],[14.1415865,55.9838179,0.0]]}},
{"type":"Feature","properties":{"fid":4252,"handle":123900,"block":-1,"etype":18,"space":0,"layer":"J26_Funkby","olinetype":"BYLAYER","linetype":"","color":"0,255,255,254","ocolor":256,"color24":-1,"transparency":0,"lweight":-1,"linewidth":0.0,"ltscale":1.0,"visible":1,"width":0.0,"thickness":0.0,"ext":"(3:0,0,0.1)"},"geometry":{"type":"LineString","coordinates":[[14.1417036,55.9835413,0.0],[14.1416766,55.9835739,0.0],[14.1417346,55.983589,0.0],[14.1417617,55.9835565,0.0],[14.1417036,55.9835413,0.0]]}},
{"type":"Feature","properties":{"fid":4253,"handle":123901,"block":-1,"etype":18,"space":0,"layer":"J26_Funkby","olinetype":"BYLAYER","linetype":"","color":"0,255,255,254","ocolor":256,"color24":-1,"transparency":0,"lweight":-1,"linewidth":0.0,"ltscale":1.0,"visible":1,"width":0.0,"thickness":0.0,"ext":"(3:0,0,0.1)"},"geometry":{"type":"LineString","coordinates":[[14.1418961,55.9835627,0.0],[14.141888,55.9835983,0.0],[14.1419515,55.9836028,0.0],[14.1419596,55.9835672,0.0],[14.1418961,55.9835627,0.0]]}},
{"type":"Feature","properties":{"fid":4254,"handle":123903,"block":-1,"etype":18,"space":0,"layer":"J26_Funkby","olinetype":"BYLAYER","linetype":"","color":"0,255,255,254","ocolor":256,"color24":-1,"transparency":0,"lweight":-1,"linewidth":0.0,"ltscale":1.0,"visible":1,"width":0.0,"thickness":0.0,"ext":"(3:0,0,0.1)"},"geometry":{"type":"LineString","coordinates":[[14.1419515,55.9836028,0.0],[14.1419434,55.9836385,0.0],[14.142007,55.983643,0.0],[14.1420151,55.9836074,0.0],[14.1419515,55.9836028,0.0]]}},
{"type":"Feature","properties":{"fid":4255,"handle":123904,"block":-1,"etype":18,"space":0,"layer":"J26_Funkby","olinetype":"BYLAYER","linetype":"","color":"0,255,255,254","ocolor":256,"color24":-1,"transparency":0,"lweight":-1,"linewidth":0.0,"ltscale":1.0,"visible":1,"width":0.0,"thickness":0.0,"ext":"(3:0,0,0.1)"},"geometry":{"type":"LineString","coordinates":[[14.141888,55.9835983,0.0],[14.1418799,55.9836339,0.0],[14.1419434,55.9836385,0.0],[14.1419515,55.9836028,0.0],[14.141888,55.9835983,0.0]]}},
{"type":"Feature","properties":{"fid":4256,"handle":123905,"block":-1,"etype":18,"space":0,"layer":"J26_Funkby","olinetype":"BYLAYER","linetype":"","color":"0,255,255,254","ocolor":256,"color24":-1,"transparency":0,"lweight":-1,"linewidth":0.0,"ltscale":1.0,"visible":1,"width":0.0,"thickness":0.0,"ext":"(3:0,0,0.1)"},"geometry":{"type":"LineString","coordinates":[[14.1431359,55.9838954,0.0],[14.1431809,55.9838698,0.0],[14.1431352,55.9838446,0.0],[14.1430903,55.9838702,0.0],[14.1431359,55.9838954,0.0]]}}
]
}
