{"type":"FeatureCollection","name":"village_blocks","features":[{"type":"Feature","properties":{"color":"#E9ABB7","district":"Himalaya"},"geometry":{"type":"MultiPolygon","coordinates":[[[[14.140832790310672,55.98147719151465],[14.140820770209782,55.98147403553827],[14.140810703807471,55.98146989826991],[14.14080225927358,55.98146474910863],[14.14079575604202,55.981458782833705],[14.140791440112006,55.98145222513369],[14.14078947474259,55.981445324068936],[14.140789963237903,55.98143790058285],[14.140837936636071,55.98123910459328],[14.140841042550633,55.981231779495545],[14.140846323457527,55.981225343254934],[14.140853758353638,55.98121961157135],[14.140863058372918,55.98121480713566],[14.140873862184778,55.981211116612734],[14.140885750032812,55.981208683388935],[14.140898260043324,55.98120760200126],[14.140910906170102,55.98120791446443],[14.140923971849826,55.98120971543254],[14.141241812234723,55.981272673022794],[14.14149628600569,55.981323152969594],[14.141508388326093,55.98132633069879],[14.141518513472608,55.98133050399351],[14.141526990733977,55.98133570122931],[14.141533495021791,55.981341723101586],[14.141537776907278,55.98134833868228],[14.141539672186518,55.98135529427556],[14.141539108177584,55.981362323146605],[14.141535917315368,55.98136958640314],[14.14141918560634,55.98155475078459],[14.141413515751738,55.98156153629662],[14.14140605786842,55.98156721434583],[14.141396762604733,55.98157196888745],[14.141385987460655,55.981575617059384],[14.141374146853522,55.98157801855106],[14.141361696179223,55.981579080999786],[14.141349114297292,55.98157876354321],[14.141336114300236,55.981576972174665],[14.141081601763684,55.98152664950398],[14.140832790310672,55.98147719151465]]],[[[14.14073761096158,55.98189212940557],[14.140725595719452,55.98188898527133],[14.140715528483254,55.9818848605579],[14.140707076975822,55.98187972457617],[14.14070056024418,55.981873771211454],[14.14069622429648,55.98186722520553],[14.140694232815177,55.98186033367249],[14.140694687961263,55.98185291708027],[14.14076446137121,55.98155805550214],[14.140767540250899,55.981550714964946],[14.140772804834253,55.98154426259525],[14.14078023252474,55.981538514564214],[14.140789533848748,55.98153369488472],[14.140800346313698,55.9815299913897],[14.140812248535013,55.981527548412],[14.140824776658386,55.981526461159575],[14.140837442437078,55.981526772004834],[14.14085052824353,55.98152857579779],[14.141289452018075,55.98161556089415],[14.141301559029417,55.98161873752379],[14.14131168848783,55.981622910552694],[14.141320169604183,55.981628108222374],[14.141326676980029,55.981634131112145],[14.141330960943682,55.98164074813978],[14.141332857129603,55.98164770542738],[14.141332292784817,55.98165473604204],[14.141329100269099,55.98166200099235],[14.14115610381166,55.981936334277165],[14.141150431076003,55.9819431211426],[14.141142969563457,55.9819487999404],[14.141133670035213,55.981953554568165],[14.14112289033657,55.98195720206782],[14.141111045270181,55.981959602083506],[14.141098590634348,55.98196066226254],[14.141086005683828,55.98196034180919],[14.14107300375691,55.98195854661072],[14.14073761096158,55.98189212940557]]],[[[14.140749052200453,55.98074623922918],[14.140737061819088,55.98074284341035],[14.140727119561804,55.98073847459924],[14.14071889973657,55.98073310074289],[14.140712720893248,55.980726930099365],[14.14070882248528,55.980720201805404],[14.140707355590004,55.98071317660869],[14.140708377053993,55.98070612676289],[14.140711847290232,55.98069932547682],[14.140717631812475,55.980693036326485],[14.140725506447275,55.980687503040556],[14.14073516602171,55.98068294005491],[14.14074623619004,55.98067952420259],[14.140758287941056,55.98067738786079],[14.140771646336157,55.98067656502935],[14.140829850269132,55.98067620464015],[14.14084316120618,55.98067685379991],[14.140855230483137,55.98067881731991],[14.140866384995283,55.980682058474606],[14.140876197454013,55.980686453107275],[14.140884291979537,55.98069183287571],[14.140890358499403,55.98069799170059],[14.140894164626284,55.9807046936598],[14.140895564560033,55.980711682025465],[14.140894437869811,55.980719130743914],[14.140890616955685,55.98073071760655],[14.140886935170377,55.98073787749715],[14.140881200416455,55.98074410857073],[14.140873412613029,55.98074959823325],[14.140863868084686,55.98075413760341],[14.140852929999646,55.98075755395844],[14.140841014551283,55.98075971730616],[14.140828575121846,55.98076054533124],[14.140816085031217,55.98076000652742],[14.140803259099334,55.98075800258578],[14.140749052200453,55.98074623922918]]],[[[14.139579268248006,55.98006294457571],[14.13956720149575,55.98005923199853],[14.139557334333238,55.980054536123674],[14.13954935250082,55.98004882781998],[14.139543580824313,55.980042339391176],[14.139540254185203,55.98003533488868],[14.139539507962104,55.98002809936572],[14.139541372521647,55.98002092727694],[14.139545771982919,55.98001411049531],[14.139552527305694,55.98000792643418],[14.139561363576812,55.98000262675785],[14.139572586980542,55.97999816230439],[14.140141036416596,55.97981732057736],[14.14029174130004,55.97976938645696],[14.140292427687392,55.97976915529057],[14.140293316697537,55.97976883873417],[14.140295240666491,55.97976803468496],[14.14029771272864,55.97976683060282],[14.140299904885437,55.97976552663006],[14.140300835767777,55.979764848722894],[14.140302522868804,55.97976332765904],[14.140303195319746,55.97976256002604],[14.140304310517205,55.97976088214014],[14.140304697892343,55.97976005519701],[14.14030519699934,55.97975828697125],[14.140305383515383,55.979756456167635],[14.140305340694006,55.97975511280295],[14.14030524325013,55.979754525745165],[14.14030514931205,55.9797540806065],[14.140241587567866,55.97950612140874],[14.140149328399405,55.97914631879412],[14.140148703949746,55.97913919734837],[14.140150352162193,55.97913255347526],[14.140154178606664,55.979126196739436],[14.140160049951893,55.97912034863766],[14.14016776161351,55.979115212943526],[14.140177044882707,55.97911096860715],[14.140187576289293,55.97910776351978],[14.14019898887285,55.9791057093607],[14.140210884969116,55.979104877705716],[14.140223603632297,55.97910532397417],[14.140378537655284,55.97911896639989],[14.140379240074376,55.979119019398865],[14.140381689632026,55.979119173540646],[14.140383114342905,55.97911922748043],[14.14038564847368,55.979119260283085],[14.140386368017555,55.97911926058388],[14.140608763685009,55.97911656766195],[14.140622823697608,55.97911721321343],[14.140635543749278,55.97911932859371],[14.14064721493327,55.97912286175968],[14.140657338739809,55.979127661799836],[14.14066548275163,55.97913352369074],[14.140671299113636,55.97914019705423],[14.140674743819858,55.97914785108636],[14.140756278444707,55.97946433623853],[14.14075628272071,55.97946435272795],[14.140889886938806,55.979976222268725],[14.140890642877952,55.97998169286138],[14.14089122650582,55.98001678182055],[14.140894567519469,55.980217084955136],[14.140893384597144,55.980224529525955],[14.140889855441003,55.98023127737214],[14.14088404505114,55.980237511503645],[14.140876175917802,55.9802429932033],[14.140866549364938,55.98024751256591],[14.140855534012,55.98025089653604],[14.140843551658719,55.98025301553464],[14.140830273876777,55.98025383713469],[14.14048161983833,55.980256207358636],[14.14040910218391,55.98025668974363],[14.140395069087752,55.98025596921316],[14.140381599473782,55.9802536518731],[14.139579268248006,55.98006294457571]]],[[[14.139422496919133,55.980978430656684],[14.13942208294674,55.980970775680554],[14.139424269277193,55.98096367606316],[14.139429238173475,55.9809565399415],[14.139475339350364,55.980906002920804],[14.139482356200135,55.980899846241556],[14.139490806518834,55.98089486306278],[14.139500797369854,55.98089087059341],[14.139511963629836,55.98088801474119],[14.13952389721962,55.980886399875224],[14.139536162017606,55.980886085012],[14.13954907515693,55.98088714445106],[14.13955688299929,55.98088821963195],[14.139569157301864,55.98089058097895],[14.14035779617335,55.981088173988645],[14.140357990762721,55.98108822188031],[14.140700348050814,55.98117097374116],[14.140711666125334,55.981174453894155],[14.14072102096217,55.981178791020945],[14.140728748517963,55.98118403615572],[14.140734572266656,55.9811900016049],[14.140738283808291,55.98119647389877],[14.140739750326643,55.98120322143042],[14.140738866995518,55.98121042992176],[14.140679072660506,55.98141361756536],[14.140675451117483,55.98142109148026],[14.140669579622887,55.98142759303912],[14.140661484702242,55.98143329835915],[14.140651499138755,55.98143797289327],[14.140640033440846,55.981441424470205],[14.140627558966113,55.98144351119474],[14.140614588543507,55.981444147280996],[14.140601655390666,55.98144330657934],[14.140588511413174,55.981440879672434],[14.140162329545364,55.98133430713903],[14.139498571186998,55.981167944553036],[14.139486540814003,55.98116406327679],[14.139476779063365,55.981159206513816],[14.139468976171603,55.98115334498844],[14.139463455061907,55.98114672128103],[14.13946025432742,55.98113916096569],[14.139422496919133,55.980978430656684]]],[[[14.139224080093237,55.98038996453504],[14.139212514055389,55.980386468763015],[14.13920296192661,55.98038207443885],[14.139195092302215,55.98037673728549],[14.139189196983198,55.98037065520181],[14.13918549456397,55.9803640537084],[14.139184122327134,55.98035717758512],[14.139185131153225,55.9803502817948],[14.139188694878904,55.98034320238805],[14.139333406362086,55.98013505076699],[14.139339581572344,55.98012826321407],[14.139347539484124,55.98012265004937],[14.139357329888696,55.98011803192132],[14.139368563458001,55.98011459247549],[14.139380793475134,55.98011246848561],[14.139393533598543,55.980111744414735],[14.139406277201834,55.980112449056385],[14.139419289258283,55.98011468712847],[14.13990028793884,55.98022787096192],[14.140330093777802,55.980329272299635],[14.140330115812459,55.980329277487286],[14.140359963112047,55.980336289861405],[14.140360724617455,55.980336456157595],[14.140361735155864,55.98033666042843],[14.14036409624022,55.98033702661823],[14.140369127292546,55.98033758003174],[14.140371560424095,55.98033774120358],[14.140372634084322,55.98033776618372],[14.14037345139151,55.98033777356144],[14.140634380878547,55.980336416206825],[14.140647691750212,55.98033707875418],[14.140659756470285,55.98033905484575],[14.140670901957735,55.98034230804385],[14.14068070113206,55.9803467136903],[14.14068877850129,55.980352102966506],[14.140694824550403,55.980358269362455],[14.14069860760157,55.98036497658977],[14.140700069362016,55.980372408272466],[14.140704691493521,55.98059587721868],[14.140703530476873,55.98060334685002],[14.14070000569519,55.980610118804215],[14.140694184141838,55.98061637501372],[14.140686290163936,55.98062187437984],[14.140676627975104,55.98062640497055],[14.140665569931823,55.98062979218802],[14.140653542183735,55.98063190549717],[14.140640218215351,55.98063271123163],[14.140276664148715,55.980634613995186],[14.140262854630373,55.98063389803148],[14.140249588750994,55.980631635318204],[14.140125270926132,55.980602419330296],[14.139695456595433,55.98050111598245],[14.139224080093237,55.98038996453504]]],[[[14.138824173668466,55.981045058394876],[14.138823745629567,55.9810375746946],[14.13882580566482,55.98103062605387],[14.138830249222798,55.981024035789005],[14.138836905529432,55.98101805717417],[14.138845518771577,55.98101291997682],[14.138855757928429,55.98100882162735],[14.138867229493153,55.98100591963154],[14.138880265542443,55.98100422504004],[14.139274876953115,55.98097533372114],[14.13928824679642,55.98097509428414],[14.139300660974564,55.98097624548423],[14.13931243559575,55.98097872892601],[14.139323118590857,55.980982449261454],[14.139332299801858,55.980987263653866],[14.139339626729098,55.98099298726171],[14.139344818065053,55.980999400335484],[14.139347854534801,55.98100668880637],[14.13938901577363,55.98118165397362],[14.13938914197098,55.98118210254649],[14.139389329799108,55.981182675587526],[14.139389953669257,55.981184000393085],[14.13939105689603,55.98118577997842],[14.139392438723412,55.981187440006835],[14.13939323767995,55.98118818938686],[14.139395191903679,55.9811896584022],[14.139396245624791,55.981190301703805],[14.139398691218172,55.98119151879721],[14.139401408144979,55.98119261551699],[14.139403504455425,55.98119333220208],[14.1394044640423,55.981193606283874],[14.139405203296398,55.98119380430744],[14.139722924966604,55.98127340648557],[14.140001589337286,55.98134319756582],[14.140510511740786,55.98147080317721],[14.140605490406196,55.9814945952098],[14.140618008451808,55.98149867309272],[14.140628071398076,55.98150381252503],[14.140635969338113,55.98151002418813],[14.140641346607758,55.981517028356],[14.140643961054213,55.98152450961415],[14.140643678143313,55.981532612146836],[14.14058130234327,55.98180846389727],[14.140578090503656,55.98181615710614],[14.140572472466715,55.981822891137654],[14.140564498027922,55.98182883439391],[14.140554508431492,55.981833732548814],[14.140542931155537,55.981837375998616],[14.140530261619288,55.98183960883127],[14.14051704198272,55.98184033549847],[14.140503837946147,55.98183952490435],[14.140490418118752,55.98183706579601],[14.140266097415354,55.98178099995906],[14.140265729100443,55.98178091097108],[14.140263106688533,55.98178029898232],[14.140262781848591,55.981780203950414],[14.140260167362896,55.98177961486185],[14.139754714493217,55.98165300338215],[14.13947600531634,55.98158310109672],[14.139256033218635,55.98152803796252],[14.139244620932269,55.981524407607715],[14.139234661666007,55.98151962231595],[14.13911351553368,55.98144900813322],[14.139113038495948,55.98144874150146],[14.139112409689378,55.981448404485015],[14.139110854924573,55.98144767087951],[14.139107404614286,55.981446241647944],[14.139105691410824,55.98144562208919],[14.139104907512062,55.981445376576076],[14.139104306916948,55.98144519770513],[14.138935619490963,55.98139749383892],[14.138924423036125,55.98139352039628],[14.138915380459546,55.98138871398026],[14.13890816906988,55.98138302032455],[14.138903060877041,55.9813766541916],[14.138900071325661,55.98136942726665],[14.138824173668466,55.981045058394876]]],[[[14.139067739480444,55.98073604149527],[14.139055152356555,55.98073351464405],[14.13904436700312,55.98072989177852],[14.13903505096013,55.98072516209395],[14.139027561705507,55.980719507079435],[14.139022186618625,55.98071314373112],[14.139019131952967,55.980706316225465],[14.139018514921846,55.98069928654959],[14.139020475444664,55.980691885630925],[14.139123859590512,55.9804607748457],[14.13912822598521,55.98045389085117],[14.13913446198228,55.98044797078111],[14.139142598302055,55.98044282314111],[14.13915233736595,55.980438636201065],[14.139163322976975,55.98043556309412],[14.139175153347235,55.980433716216076],[14.139187395792867,55.98043316311459],[14.139199602558852,55.98043392401882],[14.1392120658989,55.980436100074506],[14.139688648825889,55.98054828530065],[14.14024032496939,55.98067827853848],[14.140241091444489,55.980678446350815],[14.140242108631483,55.980678652414326],[14.140244485927743,55.98067902136199],[14.140249551501169,55.98067957752139],[14.140252001712545,55.98067973859535],[14.140253082657555,55.980679762889864],[14.140253905645224,55.980679769587816],[14.140500774190865,55.98067824186445],[14.140513837201695,55.980678865352495],[14.140525698923335,55.980680755273845],[14.140536696203355,55.98068387888688],[14.140546423473548,55.98068812099602],[14.1405545220019,55.980693325156764],[14.140560693122397,55.980699299445085],[14.140564709249485,55.98070582353528],[14.140566422271311,55.98071265682547],[14.1405657690121,55.980719547310684],[14.140562773562177,55.980726240876436],[14.14055754638973,55.98073249067039],[14.140550280266988,55.98073806620594],[14.140541243161138,55.98074276186244],[14.140530768351958,55.98074640446822],[14.140518515889733,55.980749014387285],[14.140510972065309,55.98075017166864],[14.140508075179794,55.98075078951124],[14.140506799154895,55.98075114391546],[14.140504185795454,55.980752053837165],[14.14050301377162,55.9807525549841],[14.14050075833658,55.98075372691536],[14.140499778543,55.980754343859445],[14.140497963735411,55.98075573482741],[14.140496355043132,55.980757254660915],[14.140495323811734,55.98075841119751],[14.140494937272415,55.98075893608898],[14.140494660870994,55.980759338551664],[14.140408576783495,55.98089425779499],[14.14040829015606,55.98089475160221],[14.140407948415383,55.9808954038857],[14.1404073999691,55.98089692917566],[14.140406751715728,55.980900156478945],[14.140406681368445,55.98090171182785],[14.140406755810977,55.98090239027769],[14.140406839385756,55.98090290736037],[14.140417854096718,55.98095442549209],[14.14041815638207,55.98096174090266],[14.140416089833524,55.98096852676635],[14.140411748213877,55.9809749676234],[14.140405290869428,55.98098082707958],[14.140396954798698,55.980985890079374],[14.140387045954222,55.98098997079889],[14.140375928013304,55.980992919466175],[14.140364009030188,55.98099462785823],[14.140351726459548,55.980995033273096],[14.140339531100654,55.98099412083103],[14.140327135865192,55.98099178560817],[14.139614404096701,55.98081335174324],[14.139613759817378,55.98081319976482],[14.13961149176825,55.980812696972365],[14.139610168083586,55.98081244027007],[14.139607812523524,55.9808120468869],[14.139607135551257,55.980811942783134],[14.139067739480444,55.98073604149527]]],[[[14.138367458600834,55.97891834926883],[14.138353614506547,55.97891700941231],[14.13834132898527,55.97891428404669],[14.138330300982593,55.97891020912287],[14.13832099769855,55.97890495727468],[14.138313813265096,55.978898750996144],[14.138309052048875,55.97889185321556],[14.138306915756846,55.9788845561565],[14.138307494891198,55.978877168957744],[14.13831097120516,55.97886955261103],[14.138454896731192,55.978651069831095],[14.138460282894032,55.97864474929921],[14.13846720487742,55.97863942058948],[14.13847574911093,55.97863488838405],[14.138485628467272,55.97863130498656],[14.138496510953013,55.97862879081612],[14.13850803086511,55.97862743036068],[14.138520542169644,55.97862725919947],[14.138743468930516,55.97863567095255],[14.139735783028659,55.97867367146991],[14.140350026192078,55.97869725225537],[14.140363213943255,55.97869849309765],[14.140374974984187,55.978700991179984],[14.14038563990056,55.97870472420746],[14.140394799410734,55.97870954891982],[14.140402102004762,55.978715280161815],[14.140407267434158,55.97872169798876],[14.140410097466926,55.97872855610717],[14.14041050782626,55.978736034752814],[14.140379138019599,55.97899598237188],[14.140376741121495,55.979003754676924],[14.140371850346325,55.979010650700246],[14.14036453204103,55.97901683757317],[14.140355098331453,55.97902205142455],[14.140343951566255,55.97902606988267],[14.140331567156668,55.979028721559544],[14.140318473300116,55.979029893360604],[14.140304392847488,55.97902951271903],[14.139700341365167,55.978977836808305],[14.13970010308433,55.97897781619559],[14.139529787971417,55.978962920135906],[14.139529442987442,55.97896289210346],[14.139528436056102,55.97896281651159],[14.139527801169223,55.978962776019756],[14.139526240407427,55.97896269402422],[14.139525835111167,55.978962675622114],[14.13871760441487,55.97893172804903],[14.138367458600834,55.97891834926883]]],[[[14.139520142594503,55.979921791840624],[14.139508165968293,55.97992479276652],[14.139496141967939,55.97992635756951],[14.13948380497385,55.979926606308574],[14.139471610843245,55.97992552979271],[14.139460010154533,55.979923167799654],[14.139449431557955,55.979919607606035],[14.139440265936754,55.979914980762544],[14.139432851963832,55.97990945823289],[14.13942746358758,55.97990324407672],[14.139424299909523,55.97989656790948],[14.139423426028458,55.97988924218753],[14.139433750790618,55.97969427197135],[14.139433754656642,55.979694184638525],[14.139433763720195,55.97969392991695],[14.139433766869159,55.97969376976819],[14.139433768341778,55.97969337669432],[14.139433767691381,55.979693274776295],[14.139428873291939,55.97939682147015],[14.139426073330892,55.97923052778381],[14.139423582532336,55.97907927144454],[14.13942489305112,55.97907146373531],[14.139428780990743,55.97906441503564],[14.139435160187327,55.97905795923841],[14.13944376167344,55.97905236853962],[14.139454222783648,55.97904787865998],[14.139466102445677,55.97904467890625],[14.139478899777211,55.97904290418956],[14.139492906340298,55.979042611998956],[14.139536608249616,55.97904421782688],[14.139543217755428,55.97904463214812],[14.139939676066213,55.97907987479729],[14.139953592308173,55.97908197391989],[14.139965649497237,55.97908544224823],[14.13997613621873,55.979090249758904],[14.139984584888735,55.979096182093976],[14.139990618795743,55.97910297474169],[14.139994180343043,55.97911078873936],[14.140024682645045,55.9792285523723],[14.140067286435993,55.97939466711266],[14.140144552266392,55.97969629479311],[14.140145132080168,55.97970388723848],[14.140143139317551,55.979710948434466],[14.140138687257872,55.97971764911552],[14.140131952157125,55.97972372400141],[14.140123200657346,55.979728932587044],[14.140112122196905,55.979733329428804],[14.139520142594503,55.979921791840624]]],[[[14.13752991038633,55.9795246667535],[14.137516504909392,55.9795232375164],[14.137504624508242,55.97952051653014],[14.137493948874454,55.979516527767316],[14.137484904655416,55.979511430637345],[14.137477853299238,55.97950542884514],[14.13747307660961,55.97949876224993],[14.137470765483746,55.97949169727947],[14.137471027844558,55.97948406350881],[14.13748414354872,55.97942287136986],[14.13748717201282,55.97941532279287],[14.137492520000539,55.97940868892254],[14.137500147731433,55.97940279414551],[14.137509742217194,55.97939788034114],[14.137520909768506,55.9793941491366],[14.13753396675588,55.97939160255761],[14.13812522274237,55.979312760689474],[14.138125982869251,55.97931264826743],[14.138126962032612,55.97931248901783],[14.138129179258137,55.97931202694983],[14.138132129972634,55.97931126936302],[14.138134857435684,55.979310378048936],[14.138136080344504,55.979309882268346],[14.138138443610261,55.979308709745396],[14.138139469618869,55.979308089736556],[14.138141377429958,55.97930668128166],[14.138143069649386,55.979305137375704],[14.138144156552189,55.9793039586367],[14.138144564163072,55.97930342294157],[14.138144855946097,55.97930301168146],[14.138292876138847,55.97907841897207],[14.138328572701967,55.979024278183545],[14.138333963522197,55.97901795718503],[14.138340890357828,55.97901262864332],[14.138349439650284,55.97900809728457],[14.138359323976534,55.9790045154506],[14.138370211030761,55.97900200356063],[14.138381734796212,55.97900064606299],[14.1383942491211,55.97900047868131],[14.138872383736686,55.97901867150269],[14.139282222066758,55.97903438589369],[14.139294776415392,55.97903553183204],[14.139306024489594,55.9790378170336],[14.139316319601859,55.97904123005703],[14.13932530433762,55.97904565241276],[14.139332666774209,55.979050930570345],[14.139338151309861,55.979056881288436],[14.139341567537452,55.97906329797636],[14.139342874275636,55.97907037729677],[14.139352325131686,55.979620462575355],[14.139351209505005,55.97962771626367],[14.139347864853123,55.97963430466785],[14.139342346575614,55.97964041831784],[14.139334855166283,55.97964583508731],[14.139325662808801,55.97965035816948],[14.139315103487567,55.97965382322766],[14.139303560852973,55.97965610436624],[14.139291454282354,55.97965711870487],[14.139279223642676,55.97965682938965],[14.139266562945192,55.97965514723571],[14.138955989731018,55.97959589936194],[14.138955069227357,55.9795957408133],[14.138951837469609,55.979595242960315],[14.13894994739108,55.97959501916736],[14.13894659029354,55.97959473833015],[14.138945627388148,55.97959467432452],[14.138694021911835,55.979582242051464],[14.13752991038633,55.9795246667535]]],[[[14.136276609877987,55.97980098937744],[14.13627791512333,55.97979339180807],[14.136281658483968,55.979786524173],[14.136287767875094,55.979780210123245],[14.136295999303238,55.97977470182467],[14.136306024026956,55.979770219263614],[14.136317441685913,55.97976694146116],[14.136329796290244,55.97976499932365],[14.136342594431328,55.97976447041465],[14.136356127664271,55.97976543294654],[14.136728579853441,55.97981346215877],[14.137101985505435,55.97986156288906],[14.137359291235871,55.979894718799535],[14.13735983618658,55.97989478347794],[14.13736174788756,55.97989499107154],[14.137362848162708,55.979895088551736],[14.137364780977636,55.97989522156748],[14.137365334982102,55.97989525425238],[14.137471019189185,55.97990045505283],[14.13775336835746,55.97991445746561],[14.138576768215092,55.979955157461156],[14.138776709129226,55.97996499524433],[14.138787169858192,55.97996597250509],[14.138797233948067,55.9799678442229],[14.139166100604807,55.980054770944676],[14.13917766396326,55.98005826374305],[14.13918721514859,55.98006265468363],[14.139195085696931,55.9800679881113],[14.13920098398573,55.98007406641037],[14.139204691468843,55.98008066436586],[14.139206070774287,55.980087537508254],[14.139205070794333,55.98009443117155],[14.13920151798281,55.98010150950461],[14.139057217488135,55.98030955732201],[14.139051053386526,55.98031634623676],[14.139043105671469,55.980321962009164],[14.139033324671967,55.98032658406032],[14.139022099177847,55.980330028665676],[14.139009875397324,55.98033215890372],[14.138997139220383,55.98033289009836],[14.138984396904705,55.98033219318493],[14.138971383113947,55.98032996363229],[14.138663794100387,55.980257811922804],[14.138663221778405,55.98025768482622],[14.138662482519466,55.98025752976009],[14.138660704318628,55.98025722118868],[14.138656877429614,55.980256690850695],[14.138655039732358,55.98025649883873],[14.138654221802883,55.98025644066593],[14.138653601902856,55.98025640339659],[14.13853035619088,55.98025034373291],[14.137706948303636,55.980209643355074],[14.13742475084749,55.98019564348683],[14.13728159113763,55.980188598020305],[14.137276630802909,55.98018825693025],[14.13697834520375,55.98016186447029],[14.136978150812498,55.980161847951365],[14.136605270467758,55.98013146501184],[14.136598278042968,55.980130542603156],[14.136597626826555,55.98013046462768],[14.13659269120069,55.98012993321613],[14.136592013245759,55.980129868603676],[14.136334346913113,55.98010847400016],[14.136320955815599,55.980106571277894],[14.136309261301776,55.98010339901447],[14.136298948007381,55.9800989742806],[14.136290438404174,55.98009347833047],[14.136284081077326,55.980087136299225],[14.136280136446096,55.98008020798071],[14.13627867967443,55.980072521171195],[14.136276609877987,55.97980098937744]]],[[[14.137467134390802,55.97981907363842],[14.137453737120648,55.9798176439785],[14.137441863847908,55.97981492425611],[14.137431193915528,55.97981093824115],[14.137422153241266,55.97980584504581],[14.137415102706372,55.97979984797816],[14.137410323750133,55.979793186426626],[14.137408007135612,55.979786126304084],[14.137408260353684,55.979778496924645],[14.137446178642733,55.97960050599852],[14.137448982502894,55.97959332320038],[14.137453885226453,55.97958697409576],[14.137460871358055,55.9795812681644],[14.137469682046483,55.97957641682265],[14.137479990837342,55.97957259982248],[14.13749141576888,55.97956995859141],[14.137503533524391,55.979568590992365],[14.13751667403384,55.97956854496947],[14.138080448811147,55.979597051417926],[14.138080485928024,55.97959705327033],[14.138634851669153,55.979624356649154],[14.138869835752391,55.979635977244016],[14.138882912821037,55.979637352273826],[14.138894532422073,55.97963995634593],[14.138905028423943,55.97964377205155],[14.138914002073825,55.97964865442863],[14.138921112454048,55.979654417991235],[14.138926089433875,55.97966084377642],[14.138928911229543,55.97966811899245],[14.138934128676267,55.9796931530742],[14.13893420415056,55.979701620010225],[14.138930942924956,55.97970988811642],[14.138840255982851,55.979858846243594],[14.13883494003238,55.97986544887361],[14.138827933644958,55.97987102050672],[14.138819173628747,55.97987575215798],[14.13880897486231,55.979879473748],[14.138797703940503,55.979882051504035],[14.138785765997108,55.979883392768464],[14.138772823116362,55.97988345289254],[14.138595647429723,55.979874843276406],[14.138041274069694,55.97984754461773],[14.137467134390802,55.97981907363842]]],[[[14.136279270016084,55.98019198632059],[14.136280392541586,55.9801846771003],[14.13628377868107,55.980178040910126],[14.136289370051287,55.98017188932013],[14.136296960379063,55.98016644926965],[14.136306269647681,55.9801619214484],[14.136316954427071,55.980158472892874],[14.13632862054334,55.9801562308242],[14.13634083762027,55.9801552779548],[14.136353931056993,55.98015567284368],[14.137177024933601,55.980225286049055],[14.137268008597717,55.980233016661295],[14.137268259763086,55.98023303686857],[14.137268992727677,55.98023309253851],[14.137269454488933,55.98023312381045],[14.137270589454443,55.98023319136748],[14.137270884060186,55.980233207370155],[14.13746934076358,55.980242956119746],[14.13801186187204,55.980269757148825],[14.138628439794257,55.98030029246874],[14.138638869982548,55.980301268920364],[14.138648905615648,55.98030313467167],[14.138768641257988,55.98033132538979],[14.138780394145245,55.98033488672824],[14.13879007151345,55.98033937795243],[14.138797999246462,55.98034483805719],[14.138803873447356,55.98035105773867],[14.138807468937527,55.98035779857595],[14.138808647888629,55.9803648021702],[14.138807365106217,55.98037180005019],[14.138803436848901,55.9803789477644],[14.138704790281864,55.98051082300363],[14.138697911964012,55.98051784419145],[14.138689122902228,55.98052354872667],[14.138678401107425,55.98052810265651],[14.138666217847565,55.980531305816314],[14.138653108628596,55.98053301741357],[14.138638800297954,55.9805331713543],[14.138500709010753,55.98052652684429],[14.138499937693625,55.98052650016188],[14.138498973459905,55.98052647980745],[14.138496626067301,55.980526526337215],[14.138493382281869,55.98052672409859],[14.138490298247481,55.98052708594458],[14.138488860798047,55.98052733903451],[14.138485962198196,55.98052803054351],[14.138484640622409,55.98052843566472],[14.13848203884889,55.980529430262415],[14.138480883933237,55.980529971846444],[14.138478678970024,55.98053123131113],[14.138477735097275,55.980531888545165],[14.138476011679115,55.98053336447682],[14.138475315120647,55.98053411210473],[14.138474139477552,55.9805357477843],[14.138473234060683,55.98053748219493],[14.138472739829394,55.98053877613976],[14.138472598144942,55.98053935155477],[14.138472509687485,55.980539790179286],[14.138460537447964,55.98061587363997],[14.138458063578467,55.98062323028269],[14.138453368417908,55.98062976385924],[14.138446485637367,55.98063565959172],[14.13843767962366,55.980640691007785],[14.138427288641047,55.98064466483588],[14.13841571183746,55.98064742842956],[14.138403393912057,55.98064887563097],[14.138390014745012,55.980648955589764],[14.137955633384422,55.98062764260844],[14.137413125652571,55.98060084223435],[14.137178366799146,55.98058927963684],[14.137157885048234,55.9805865487055],[14.137127630195975,55.98057978585446],[14.137127569676537,55.980579772406045],[14.136814616793776,55.980510638840826],[14.136802734144931,55.98050722807513],[14.136792886479359,55.980502863350054],[14.136784746147192,55.980497509482525],[14.136778624690464,55.98049137137314],[14.136774756385474,55.9804846839365],[14.13677328927676,55.98047770311065],[14.136774279511407,55.98047069606203],[14.136777904095705,55.98046350456934],[14.13681700594357,55.9804075696682],[14.136817269437904,55.980407164347255],[14.136817576126424,55.98040665486781],[14.136818160335244,55.98040538474067],[14.13681874013955,55.9804035908031],[14.1368189943065,55.98040183670821],[14.136818968566493,55.98040099508827],[14.136818607285704,55.98039924688517],[14.136818289079745,55.98039842418373],[14.13681732618589,55.98039674881672],[14.136816727699353,55.980395976538134],[14.13681520006506,55.98039443816267],[14.136813366062189,55.980392954666534],[14.13681188416125,55.980391926485424],[14.136811176108832,55.980391503054484],[14.13681062413299,55.98039118876068],[14.136628609753593,55.98029250627785],[14.136628056774926,55.980292220214785],[14.136627312671825,55.98029185299268],[14.136625518787003,55.98029108598461],[14.136622939764779,55.98029013597545],[14.136620283275368,55.98028934601047],[14.136618949873121,55.980289035142796],[14.136616076809414,55.98028853595487],[14.136613055157058,55.98028818022982],[14.136610818584392,55.980288007582146],[14.136609828575303,55.980287970515775],[14.136609076146001,55.98028795223779],[14.136344128503886,55.98028499243238],[14.136331092543566,55.980284140823194],[14.136319329917336,55.98028204159021],[14.136308502657096,55.98027872184033],[14.136299010928964,55.980274304268725],[14.13629120553856,55.98026895214503],[14.1362853749656,55.98026286327915],[14.13628173470191,55.98025626271009],[14.136280336403264,55.980248961617725],[14.136279270016084,55.98019198632059]]],[[[14.138003578320324,55.9810177140268],[14.137990423484169,55.98101633088107],[14.137978740286773,55.98101370386136],[14.137968197863705,55.98100985194496],[14.137959201487883,55.98100492320778],[14.137952096998477,55.98099910712095],[14.137947157506158,55.980992627267135],[14.13794457289422,55.98098573274546],[14.137944434301657,55.98097824460007],[14.137980863299157,55.98074680848756],[14.13798333655731,55.98073945370312],[14.137988029968911,55.98073292164483],[14.137994909982538,55.98072702701676],[14.138003712450228,55.980721996133745],[14.138014099414912,55.98071802214826],[14.138025672085709,55.980715257635],[14.138037986148863,55.980713808732865],[14.138051361908946,55.98071372617493],[14.138452056526928,55.98073330016806],[14.13846340312971,55.9807343684578],[14.138567435992435,55.98074900438101],[14.138580194941326,55.9807515765154],[14.138591105447615,55.980755275763514],[14.138600493590392,55.98076010867137],[14.138607988851598,55.98076588450081],[14.138613295418264,55.98077237529986],[14.138616387218915,55.98077976303413],[14.138669475670374,55.981006060488895],[14.138669897203028,55.981013635736794],[14.138667770899314,55.98102066524288],[14.138663205483928,55.98102732145462],[14.138656380727552,55.9810333422711],[14.138647565367023,55.981038490611134],[14.138637106523467,55.98104256374891],[14.138625416033722,55.98104540129672],[14.138612954233425,55.981046891520556],[14.138599408505666,55.981046981049396],[14.138003578320324,55.9810177140268]]],[[[14.136141904166868,55.979262052627945],[14.136140616106731,55.979254237882465],[14.136142115643349,55.979246903500965],[14.136146263022528,55.979239895459656],[14.136152883115729,55.97923350968004],[14.13616169638201,55.9792280158078],[14.136172330672027,55.97922364582685],[14.136184336942474,55.9792205842637],[14.136197208217329,55.97921896039567],[14.13621040099526,55.97921884279206],[14.13622417558035,55.97922032433308],[14.1368269423991,55.97932200738919],[14.13728903165217,55.97939983955068],[14.137301594421615,55.979402746498636],[14.137312209247023,55.97940673703004],[14.137321200209872,55.9794118252829],[14.137328210720337,55.97941780945281],[14.137332962734618,55.97942445220252],[14.137335267782488,55.97943149007477],[14.137335019730854,55.97943909497375],[14.13730393928799,55.9795857915355],[14.137303542973088,55.979587389068364],[14.137303417834863,55.979587828937234],[14.137303331485459,55.97958817585433],[14.137266981213866,55.97975842384938],[14.137264306521455,55.97976537355615],[14.137259668424628,55.97977153740838],[14.137253069116293,55.979777113640225],[14.1372447371899,55.979781909095976],[14.13723496125558,55.97978575766513],[14.137224079942936,55.979788526036586],[14.137212470171256,55.97979011831629],[14.13720053409319,55.97979047934904],[14.137187938948648,55.97978954103736],[14.136848391434295,55.97974594698609],[14.136320155183327,55.97967778766389],[14.136308104641147,55.979675555124906],[14.136297658973348,55.97967231693229],[14.136288465371043,55.979668052770116],[14.136280841677912,55.9796629100604],[14.136275051461986,55.979657066598485],[14.136271294903429,55.97965072440627],[14.136269601550493,55.979643685738395],[14.136267945827745,55.97962093435707],[14.136267909845872,55.97962059648795],[14.136267746569812,55.979619432675314],[14.136267602295872,55.979618744962956],[14.136267251500392,55.97961749173537],[14.13626714128793,55.97961714305242],[14.136220371568923,55.979484463850426],[14.136141904166868,55.979262052627945]]],[[[14.136058959183504,55.97880862751951],[14.136059973073472,55.97880112820854],[14.13606337909419,55.97879431492021],[14.136069105301297,55.978788007142576],[14.136076929667635,55.978782449451344],[14.13608654881312,55.97877785733852],[14.136097589767935,55.97877440885698],[14.136109624433896,55.97877223771692],[14.13612297801345,55.97877137706705],[14.136475984361732,55.978768201697356],[14.136477089422527,55.97876819647944],[14.136875185057363,55.97876801765866],[14.136888379547615,55.97876873182334],[14.136900325728359,55.97877073315877],[14.136911355360349,55.97877398853788],[14.136921052541716,55.978778375207995],[14.136929051613883,55.978783727757985],[14.136935429028881,55.97879022982467],[14.137290017314667,55.979253440748316],[14.137293949323816,55.97926030452946],[14.137295414377235,55.97926703540309],[14.137294593308452,55.9792738004245],[14.137291515353825,55.97928035869727],[14.137286290115547,55.97928647668699],[14.137279103658955,55.97929193653719],[14.137270211887023,55.97929654382721],[14.137259931427915,55.979300134495176],[14.137248628360094,55.97930258068037],[14.137236705176665,55.97930379527604],[14.137224586452708,55.97930373503143],[14.137211955221744,55.97930231812856],[14.136602269251739,55.979199645098326],[14.136602148115195,55.97919962498838],[14.136597269468712,55.97919882674118],[14.136596703159174,55.97919873267506],[14.136125401342838,55.97911927349511],[14.13611198929344,55.97911610497714],[14.13610079034876,55.9791116954685],[14.136091517592547,55.97910605743192],[14.136084592886254,55.9790994473689],[14.136080062236017,55.97909170633926],[14.136070916966494,55.979067653496095],[14.136069353561252,55.97906017011423],[14.136058959183504,55.97880862751951]]]]}},{"type":"Feature","properties":{"color":"#BA2F4B","district":"Stora Barriärrevet"},"geometry":{"type":"MultiPolygon","coordinates":[[[[14.126207105203253,55.976722753047106],[14.126205996632725,55.97671558112823],[14.126207312727502,55.9767084202003],[14.126233190092739,55.976635817724485],[14.126236895894055,55.976628905890536],[14.126242505532307,55.97662288656374],[14.126250038387163,55.97661756499912],[14.126259804312413,55.97661285183862],[14.126336746264545,55.97658230375843],[14.12634653098411,55.97657906802254],[14.12635651187306,55.97657692042611],[14.126367650156732,55.97657565414141],[14.126499413014711,55.97656697954022],[14.126517977843458,55.97656710044938],[14.127470432893961,55.976642416316274],[14.127470752727106,55.976642439776825],[14.127471686333667,55.97664250293389],[14.127472274630344,55.97664253659977],[14.127473720454766,55.97664260432608],[14.127474095803112,55.976642619434806],[14.127995422011026,55.97666017317568],[14.1279954629473,55.97666017452463],[14.128406635446265,55.97667342867374],[14.128409152464359,55.97667353449046],[14.128890215470383,55.97669848793624],[14.128904043629683,55.97669997567037],[14.129203399444771,55.97674950114741],[14.129204006077856,55.97674960312639],[14.129308441060733,55.9767674386152],[14.129315307537803,55.97676882686142],[14.129841758354008,55.97689240572361],[14.129842109511157,55.976892485442335],[14.129843137356934,55.97689271092222],[14.12984378971665,55.97689284500116],[14.129845403638216,55.97689315472108],[14.12984582407504,55.976893231803125],[14.130328744879096,55.9769776682653],[14.130328985855071,55.97697770924152],[14.13075082772554,55.97704742420949],[14.130753658361481,55.977047927584245],[14.130889981619134,55.97707390604906],[14.131189053908342,55.97713096589621],[14.13119664078924,55.977132687316654],[14.131369565684848,55.97717846034101],[14.131369640045314,55.97717847989408],[14.131369855190382,55.97717853609126],[14.131369992772099,55.977178571587494],[14.131370335951196,55.97717865903309],[14.131370424426374,55.977178681397234],[14.131468132681803,55.9772031808046],[14.13147319097829,55.97720458424254],[14.131761427088698,55.97729255936478],[14.131768055449664,55.97729484988969],[14.132039736682097,55.977400449703],[14.132039770520787,55.97740046281978],[14.132299729449015,55.977500953869615],[14.132300716496967,55.977501342271495],[14.132325275049661,55.977511178354625],[14.132334992368854,55.97751590599144],[14.132342478516017,55.97752123487223],[14.13234804294667,55.97752725553488],[14.132351487666512,55.977533753752404],[14.132352690104504,55.977540498305395],[14.132351607474327,55.97754724920914],[14.132348068590046,55.97755417676536],[14.13214843877143,55.97783972972305],[14.132143144751474,55.97784570440015],[14.132141738722803,55.97784677199002],[14.132140862346578,55.97784751115829],[14.132136823810834,55.977851311875945],[14.13213581556731,55.97785243183092],[14.132135434818341,55.977852940190935],[14.132135161979138,55.97785332964504],[14.13208496083867,55.977930202907444],[14.13208472114562,55.97793059817394],[14.132084426978404,55.977931122997326],[14.132083907832644,55.97793234011263],[14.132083406370324,55.97793402879379],[14.132083192553718,55.977935691842454],[14.132083222654266,55.977936492891054],[14.13208356120961,55.977938149441904],[14.13208385508643,55.977938933614126],[14.132084734376445,55.977940526725774],[14.132085281927711,55.977941267066484],[14.132086671728414,55.97794274197845],[14.132088343350013,55.97794417571351],[14.13208969260211,55.97794517362801],[14.132090338790762,55.97794558812833],[14.132090842077957,55.977945896228164],[14.132160180505444,55.977986413827665],[14.13258647987322,55.97823535472294],[14.132594917895863,55.978241394102525],[14.132600667820459,55.97824784769991],[14.13260399851684,55.97825481376095],[14.13260477580549,55.978262011655566],[14.132602968371648,55.978269151414146],[14.132598649027068,55.978275945408775],[14.132591991776977,55.97828211994076],[14.13258326481039,55.97828742626652],[14.13257281969615,55.978291650618466],[14.13256107721983,55.97829462281668],[14.132548510432207,55.978296223124815],[14.132534813124556,55.978296397411626],[14.132325448758836,55.97828726671241],[14.132324663416886,55.97828724325958],[14.132323650918039,55.97828722690779],[14.132321282270295,55.97828728654168],[14.13231804474501,55.978287502739065],[14.132314951220241,55.978287885256314],[14.13231351196232,55.978288148739075],[14.132310612629286,55.97828886332529],[14.132307785082455,55.978289755831156],[14.132305806190713,55.97829049344795],[14.132304982783653,55.97829085226716],[14.132304369174962,55.978291133543365],[14.132286603471947,55.97829969578508],[14.132275990967226,55.97830389648384],[14.132264849583265,55.978306717707184],[14.132252954370228,55.97830830611044],[14.132239966962379,55.97830862286715],[14.131623135998968,55.978290729974496],[14.13161094865107,55.97828975448996],[14.131599964048718,55.978287699564085],[14.13158981766818,55.97828457425369],[14.131580274304385,55.97828022247924],[14.131505293519446,55.97823920664758],[14.131496450542507,55.97823327752894],[14.131490307447836,55.9782268779143],[14.131486590791392,55.978219917707754],[14.131485452521607,55.978212681466594],[14.131486939173438,55.97820546503328],[14.13149098996604,55.97819856344022],[14.131497846010584,55.97819186125259],[14.13174958640289,55.97799502861304],[14.1317500275172,55.97799466527711],[14.131750575727555,55.97799418911256],[14.131751707143232,55.9779930264665],[14.131753048048457,55.977991368444826],[14.131754061690597,55.977989693239934],[14.131754403199237,55.97798886956744],[14.131754811282903,55.977987115762815],[14.131754858081559,55.977986270622566],[14.131754644824124,55.97798450604699],[14.131754395102881,55.97798367212562],[14.131753568752268,55.97798196502455],[14.131753032168996,55.97798117457344],[14.131751624684584,55.97797959096929],[14.131750821992298,55.97797887456003],[14.131748887808817,55.97797747569898],[14.131746663343936,55.977976158155066],[14.131744911371799,55.97797526312196],[14.131744092618108,55.97797490307209],[14.131743458513105,55.97797463808864],[14.131241506001645,55.97777545737591],[14.131230831613758,55.97777020653496],[14.13122283668637,55.977764210946845],[14.131217234318274,55.97775741892698],[14.13121426743051,55.97775012498174],[14.13121406466768,55.97774264538117],[14.131216634820118,55.97773530444528],[14.131222196552951,55.97772798611028],[14.13135421189755,55.9775947973102],[14.131361395080718,55.97758891890192],[14.131369869853522,55.977584186704505],[14.131379767249754,55.977580416909895],[14.131390743270604,55.977577740542834],[14.131402416428365,55.97757625062436],[14.131414381005543,55.9775759989387],[14.131426221155959,55.97757699423356],[14.131437525358077,55.977579201916036],[14.13144855414906,55.977582755815476],[14.13168103887394,55.97767481299632],[14.131681687893751,55.97767505695258],[14.131682534061976,55.9776753585653],[14.13168461186684,55.97767598428335],[14.131687578465549,55.97767672610136],[14.13169057087648,55.97767728466192],[14.131692041713169,55.9776774718988],[14.131695171472368,55.97767769268791],[14.131696679338715,55.97767771558405],[14.131699825893847,55.97767759009741],[14.131701312715323,55.97767744777101],[14.13170435486575,55.97767698084213],[14.131705763367728,55.97767667877571],[14.131708583935456,55.97767588838982],[14.131709859868087,55.97767543821775],[14.131712350208806,55.9776743548193],[14.13171469540762,55.9776731097129],[14.131716288161808,55.977672129596776],[14.131716928806666,55.97767167170805],[14.131717400242334,55.97767131714402],[14.131770642755288,55.9776291484548],[14.131771081539886,55.97762878219822],[14.131771637663784,55.97762829245118],[14.131772754521968,55.977627127780515],[14.131774066715826,55.977625478868745],[14.131775059306705,55.97762380766823],[14.131775391886501,55.97762298620999],[14.131775783363612,55.97762123882037],[14.131775823451187,55.97762039684782],[14.131775598803012,55.97761864027464],[14.131775344861174,55.97761781007406],[14.131774512702195,55.977616111675225],[14.131773974468647,55.97761532508167],[14.131772566709213,55.977613749984314],[14.131771764823798,55.97761303716118],[14.131769835445894,55.97761164576392],[14.131767617902128,55.97761033485408],[14.131765872386437,55.97760944427991],[14.131765056832995,55.9776090858828],[14.131764425336751,55.97760882211463],[14.131368727966407,55.97745184565404],[14.131367784540656,55.977451498586305],[14.131364425315992,55.977450355269696],[14.131362419666035,55.97744977640201],[14.131358807356683,55.977448907604824],[14.131357755029757,55.97744867866137],[14.131223203502504,55.97742241046547],[14.13073570038057,55.97732720985881],[14.13018120337145,55.97721891044598],[14.12904200947107,55.97699651164214],[14.128836171345544,55.97695630735327],[14.128835141040549,55.97695612758639],[14.128831516010568,55.976955569079124],[14.128829402425666,55.976955327456665],[14.128825676366372,55.97695504559677],[14.128824602611866,55.97695498482983],[14.128361190663739,55.97693752752334],[14.127968304758701,55.97692278060175],[14.127965969699488,55.97692267166713],[14.127410484507521,55.97689167893314],[14.12740739449505,55.97689167354303],[14.127405880066835,55.97689175270975],[14.127405882045723,55.97689176456115],[14.12740317685171,55.97689192870692],[14.127399785065954,55.97689258231163],[14.12739673684731,55.97689364056079],[14.127396699935787,55.976893656828054],[14.127394480238207,55.97689484398031],[14.127394451675709,55.97689486248743],[14.127392675968718,55.97689626416422],[14.127392546797825,55.97689639011315],[14.12739127989244,55.97689795515571],[14.12739087960978,55.976898609828545],[14.127389545697866,55.976900247767134],[14.12738280958664,55.976906739984464],[14.127374460333758,55.97691203577328],[14.127364421063701,55.97691631550719],[14.127353079610412,55.97691941385268],[14.127340874113822,55.97692121111521],[14.127328276093596,55.97692163786338],[14.127315772233409,55.97692067761118],[14.127303845579375,55.97691836745482],[14.127292956878847,55.97691479663967],[14.127283526781028,55.976910103112594],[14.127275919586324,55.97690446819262],[14.12727042917289,55.97689810956647],[14.127267267643647,55.97689127287859],[14.127266901766909,55.97688764216302],[14.127266417342911,55.97688590115219],[14.127265335517011,55.976884246406165],[14.127263697816428,55.976882741444285],[14.127261567106263,55.976881444036316],[14.127259025176336,55.97688040398471],[14.127256169601587,55.976879661213054],[14.127253109996559,55.976879244233515],[14.126278467663724,55.976801944615865],[14.126264704530264,55.976800019829064],[14.126252706823166,55.97679675094161],[14.126242175979002,55.97679216493072],[14.12623356693221,55.97678645991317],[14.12622725159464,55.97677988234704],[14.126223266251616,55.976772264235684],[14.126207105203253,55.976722753047106]]],[[[14.1303599745668,55.97756318367242],[14.130360769528375,55.977556541615854],[14.130363613279645,55.977550077632],[14.130455168414075,55.977399834385814],[14.1304607119984,55.97739301434025],[14.130468064985317,55.97738729172989],[14.130477273129406,55.977382482376356],[14.130487982099876,55.977378771343936],[14.130499779814379,55.97737630143347],[14.130512212295974,55.97737516768724],[14.130524801141977,55.97737541373189],[14.130537834741995,55.97737713198071],[14.13125454028629,55.977514322600264],[14.131266588692998,55.97751738758557],[14.131276715391389,55.977521440439254],[14.131285253965604,55.977526510509314],[14.131291883437829,55.977532407204606],[14.131296354595749,55.97753890885988],[14.131298499360916,55.97754577106845],[14.131298237107195,55.977552735869764],[14.13129557769182,55.977559541446524],[14.131290308726733,55.97756633468822],[14.131100015462657,55.97775823596482],[14.131099630858488,55.977758648639295],[14.131099160789645,55.97775918652379],[14.131098238469542,55.97776049097945],[14.131097226292319,55.97776233061775],[14.131096579704375,55.97776416953333],[14.131096436805644,55.977765056859894],[14.131096485455744,55.97776693082654],[14.131096674356352,55.97776781545671],[14.131097416131798,55.97776964308871],[14.131097928627891,55.977770486602935],[14.131099331313651,55.97777218852668],[14.131100145147947,55.97777295429173],[14.131102147826155,55.97777445659346],[14.131104470945784,55.97777586522791],[14.13110631525734,55.97777682129487],[14.1311071796636,55.97777720365677],[14.131107851047005,55.977777485024816],[14.131599004615262,55.977972336118434],[14.131609133777577,55.977977258878155],[14.131616859418294,55.97798284307581],[14.131622483705158,55.977989164888896],[14.13162578936851,55.97799598010305],[14.131626648707876,55.97800302544359],[14.131625028525248,55.97801002874574],[14.131620991407749,55.97801671946855],[14.131614296321855,55.9780232248878],[14.131451258860096,55.978150762616195],[14.131442679074711,55.9781562725295],[14.13143299120347,55.978160500937285],[14.131422041352831,55.97816361962946],[14.131410230353909,55.978165514442864],[14.131397990561432,55.97816611601572],[14.131385770026666,55.97816540232679],[14.131374016095894,55.97816339950145],[14.131363159034757,55.97816018085534],[14.13135299377777,55.978155592241045],[14.130898912635008,55.97790691958669],[14.130898398893958,55.9779066503083],[14.130897717390804,55.97790630846348],[14.130896049915254,55.977905576996676],[14.130893640340696,55.97790465671226],[14.130891172407264,55.977903882808036],[14.130889927587745,55.97790356950108],[14.130887255371704,55.97790304968801],[14.130884434483919,55.97790265259556],[14.130882345895952,55.97790243948206],[14.130881417749308,55.97790237986769],[14.13088071262463,55.977902343363105],[14.130431288480475,55.97788465230578],[14.130418849448956,55.97788350987518],[14.130407699957459,55.97788124963334],[14.130397483257054,55.977877880964606],[14.130388547679134,55.97787351872159],[14.130381197875804,55.977868311632],[14.130375684432877,55.97786243722798],[14.130372195326483,55.977856095793285],[14.130370764768529,55.97784908842058],[14.130361871249413,55.97761525406092],[14.1303599745668,55.97756318367242]]],[[[14.130376074724873,55.978003307496806],[14.130377254313604,55.977995420466684],[14.130381073196878,55.97798828880173],[14.130387437367421,55.977981750706775],[14.130396073496563,55.97797608697895],[14.130406610680351,55.97797154086309],[14.130418596369172,55.97796830760497],[14.13043151580373,55.9779665260659],[14.130445653156267,55.977966256777094],[14.130559389620922,55.977970704189495],[14.130573633443916,55.97797212110462],[14.13058622854749,55.977975003934105],[14.130598163387821,55.977979578920745],[14.130620242963936,55.97799012976392],[14.131085661054897,55.97821228342824],[14.131094822533905,55.97821759369434],[14.13110156280057,55.978223423345625],[14.131106173256264,55.97822986948924],[14.131108481742253,55.97823669142165],[14.131108402056787,55.978243634406994],[14.131105937174112,55.978250439189125],[14.131101179133594,55.97825685167227],[14.131094305603066,55.97826263240943],[14.131085573244746,55.97826756554321],[14.131075308131292,55.97827146686646],[14.131063893570074,55.978274190700525],[14.131051755790063,55.97827563533521],[14.131038566149982,55.97827575385225],[14.130652648932928,55.97825828783273],[14.130638938332552,55.97825686787056],[14.130626795423664,55.97825409369862],[14.130615913398515,55.978249996824424],[14.130606746335458,55.97824474820003],[14.130599676751444,55.97823856683686],[14.130594999640659,55.97823171066701],[14.130592778369193,55.9782240088006],[14.130592651943028,55.97822278363181],[14.130592345222912,55.978221479690944],[14.130591694654202,55.97821972060338],[14.130590764227186,55.978218047351234],[14.130590181730959,55.9782172747944],[14.130588689013388,55.97821573426258],[14.130587849805917,55.97821503957592],[14.130585851473045,55.97821369025495],[14.130584787415417,55.97821309981274],[14.130582359340515,55.97821199293411],[14.13057968457615,55.978210999347496],[14.130577636441497,55.97821035396596],[14.130576702580198,55.978210108158],[14.130575985087747,55.97820993112938],[14.130445779983988,55.97817990587474],[14.130433075850103,55.978176050302345],[14.130422758671624,55.97817109716194],[14.13041453676003,55.97816503962006],[14.130408778752908,55.97815814927343],[14.130405551188474,55.978150267076266],[14.130376902105331,55.978016368785845],[14.13037640428425,55.97801238092999],[14.130376074724873,55.978003307496806]]],[[[14.130205596601954,55.978912032886434],[14.130203603619014,55.97890487005688],[14.130204037926573,55.97889805488934],[14.130206765769001,55.97889140837162],[14.130211688888975,55.97888516990953],[14.13021862995602,55.97887956421087],[14.13022733895414,55.97887479319125],[14.130237502187246,55.9788710287013],[14.130248753578483,55.97886840633683],[14.130261439676278,55.97886693325479],[14.130580544973236,55.97884728681735],[14.130594468567873,55.97884722891687],[14.130607313312453,55.97884866258113],[14.130619370867718,55.97885152472156],[14.130630139530993,55.97885569624743],[14.130639171228706,55.97886100358581],[14.130646090160216,55.97886722590368],[14.13065089342264,55.97887453814796],[14.130914016280034,55.97945100415252],[14.13107572735511,55.97980591530267],[14.131077745065129,55.97981330517021],[14.131077186514702,55.979820330578555],[14.131074192733022,55.9798271605475],[14.131068878407682,55.97983353342773],[14.131061447124308,55.97983920508029],[14.131052183567475,55.9798439582295],[14.131041442614858,55.97984761078664],[14.131028891572058,55.979850174852885],[14.130874489360117,55.97987242406862],[14.130860931239557,55.97987358177188],[14.130848045658706,55.979873222437945],[14.13083554853488,55.97987142924312],[14.130823944329727,55.979868274571885],[14.13081370146082,55.97986388576643],[14.13080523339339,55.979858439986145],[14.130798881950254,55.97985215705646],[14.130794903513783,55.97984529059519],[14.130793367569492,55.97983766547696],[14.130792550182354,55.979798237786326],[14.130792520276866,55.97979778394862],[14.130792457662581,55.97979722057803],[14.130792115638933,55.979795852558134],[14.1307913816517,55.97979397971229],[14.130790342254222,55.97979221957559],[14.130789695924978,55.979791414894414],[14.130788033597133,55.97978981137773],[14.13078710611814,55.97978909793018],[14.130784891487117,55.979787719161905],[14.130783722265631,55.97978712726134],[14.130781049424948,55.97978603182147],[14.13077812290554,55.97978507470992],[14.130775885288937,55.97978446757379],[14.13077487044074,55.97978424465584],[14.13077409056787,55.97978408622231],[14.130380552561256,55.979710511089614],[14.13036874095591,55.979707581590084],[14.130358756336765,55.97970370377964],[14.130350256353129,55.97969884294363],[14.130343545444644,55.9796931731806],[14.13033886397213,55.97968689756192],[14.130336379608714,55.979680240858556],[14.130336168844451,55.97967301317195],[14.13036201259372,55.97948908949836],[14.1303656213488,55.97946392686455],[14.13037154528181,55.979422459249335],[14.130371583408259,55.97942210395859],[14.130371672699345,55.97942086119531],[14.130371673458605,55.97942014947476],[14.130371586819063,55.97941890665172],[14.130371549450755,55.97941855133623],[14.13034291305496,55.97921503603348],[14.130342844544511,55.979214653719936],[14.130342554262835,55.979213321275346],[14.13034233004412,55.979212563301225],[14.130341837555479,55.9792112495811],[14.130341682256512,55.97921087530414],[14.130205596601954,55.978912032886434]]],[[[14.129499792727898,55.97858100047657],[14.12948876830556,55.978575891454646],[14.129480417805116,55.978569981288366],[14.12947445408396,55.97856322664861],[14.129471139446233,55.978555924628274],[14.129470586878533,55.97854792130651],[14.129495824328803,55.978335717021416],[14.129498016918506,55.978328331755904],[14.129502462033534,55.97832174295935],[14.12950911889379,55.978315765883536],[14.129517731738035,55.97831063017106],[14.129527969655408,55.97830653313881],[14.129539439299247,55.97830363219695],[14.129551699999695,55.97830203880112],[14.12956507365674,55.978301800011884],[14.130268576355308,55.97832791784443],[14.130280880993292,55.97832901211049],[14.130291929681144,55.97833120147685],[14.130302083243674,55.97833447783971],[14.130311003515176,55.9783387320795],[14.130318393404572,55.978343822508286],[14.130324006790023,55.978349579588716],[14.13032788651172,55.97835620394012],[14.130398824687783,55.97852938955048],[14.130485835123364,55.978742516669136],[14.130487538738308,55.978750356619656],[14.130486395863166,55.978757758030966],[14.130482556474007,55.978764869660225],[14.130476184758077,55.978771387383816],[14.130467553196107,55.978777032475925],[14.130457030909978,55.97878156352803],[14.130445067877616,55.97878478677279],[14.130431362313443,55.97878667651998],[14.130143326934133,55.978809064516575],[14.130130996046752,55.978809392491684],[14.13011948575904,55.978808527192676],[14.13010844214078,55.978806516334494],[14.130097583174413,55.97880323110381],[14.129791811259311,55.978689615411156],[14.129499792727898,55.97858100047657]]],[[[14.12748653013113,55.977279775656655],[14.127480528324591,55.977273342090626],[14.127477030070324,55.97726680152509],[14.12747580596492,55.97726000880049],[14.127476900198646,55.97725320914118],[14.127480273267363,55.97724664802171],[14.127485803398853,55.97724056230492],[14.127493290949042,55.97723517169113],[14.127502465609467,55.9772306707866],[14.127512996165759,55.97722722207825],[14.127524502454706,55.97722495006763],[14.127537329260182,55.97722387294129],[14.127926778049686,55.97721213198776],[14.127927607785137,55.97721209489479],[14.127928695373175,55.97721203037868],[14.127931148476092,55.977211775909986],[14.127934433675152,55.97721128494617],[14.127937539129208,55.9772106217954],[14.12793895032199,55.977210222516796],[14.1279417455795,55.97720921613819],[14.127942979810593,55.97720866298293],[14.127945345325585,55.97720735641676],[14.127946349811102,55.9772066730415],[14.127948184416962,55.97720512216615],[14.127948916197292,55.97720433779735],[14.127950141432997,55.977202608939514],[14.127951061278173,55.977200777293476],[14.12795154773381,55.977199408129394],[14.127951677082917,55.97719880048392],[14.12795175409269,55.97719833674643],[14.12797059895566,55.97704061471601],[14.127972795353646,55.97703323025359],[14.127977243502858,55.977026642567566],[14.127983902752236,55.97702066688558],[14.127992517278589,55.9770155327699],[14.128002756145072,55.97701143745302],[14.128014226014411,55.97700853826081],[14.128026486259477,55.97700694656878],[14.128039858784879,55.97700670946478],[14.128623993257419,55.97702846815714],[14.128790782083367,55.97703481482667],[14.128809922651424,55.977037024738785],[14.129288049983936,55.97713138038358],[14.129809129897433,55.977234176424204],[14.130089242633364,55.97728947893648],[14.130278784910107,55.97732687364774],[14.130290827289954,55.977330016801844],[14.130300917265048,55.97733414559898],[14.130309386438123,55.9773392899303],[14.130315913880613,55.97734525485828],[14.130320252242871,55.97735181434999],[14.130322237127242,55.97735871984211],[14.130321793317844,55.97736570965999],[14.13031875765765,55.9773729480727],[14.130210279475321,55.97755132930177],[14.13020504890317,55.97755785290759],[14.130198170269663,55.97756336934962],[14.130189574685833,55.977568071861576],[14.130179563343424,55.97757179566582],[14.130168487043251,55.97757441027882],[14.130156733902846,55.97757582408357],[14.130143958816923,55.977575997834755],[14.12991606127972,55.97756713026283],[14.12960924115995,55.977555029488975],[14.129278066550908,55.977542013907936],[14.12925845821053,55.977539684388134],[14.129049791009377,55.977497288501354],[14.129049642465707,55.97749725821802],[14.128791086559234,55.97744436739766],[14.128662407703347,55.97741793191471],[14.128661320487906,55.97741773282351],[14.12865749316044,55.97741711541252],[14.128655256667306,55.97741684933254],[14.12865131149038,55.97741654203342],[14.128650173550623,55.97741647639427],[14.12805347879857,55.97739402707588],[14.127632194280809,55.97737817774007],[14.127619710979241,55.977377051385744],[14.127608517933016,55.97737479809569],[14.127598259605772,55.97737142844629],[14.127589287931967,55.97736705804088],[14.127581446139029,55.97736150802033],[14.12748653013113,55.977279775656655]]],[[[14.129114719189351,55.978197197956334],[14.129101660676334,55.978195858437495],[14.129090044592512,55.978193291784734],[14.129079536117107,55.978189515663644],[14.129070532716101,55.978184672899964],[14.12906337492807,55.97817894666349],[14.129058333483881,55.97817255353981],[14.129055599066826,55.97816573533838],[14.129055254683545,55.97815830971451],[14.129082020016225,55.97794907821512],[14.129084275267685,55.97794170609949],[14.129088771656624,55.97793513539197],[14.129095470475933,55.97792918095411],[14.129104114843308,55.97792407112226],[14.129114373270436,55.977920001844375],[14.129125852374608,55.977917129165974],[14.129138111963877,55.97791556324633],[14.129151474189765,55.97791535158413],[14.129709551191823,55.977937170218006],[14.13017069035398,55.977955350537215],[14.130183109107895,55.9779564907431],[14.130194241781755,55.977958745067326],[14.13020444572667,55.97796210444669],[14.13021337418904,55.977966454721795],[14.13022072375875,55.97797164806029],[14.130226244679797,55.97797750798057],[14.130229749337621,55.97798383534896],[14.130231204857186,55.97799082946586],[14.130232396582105,55.97801906179775],[14.130232412358286,55.978019300823675],[14.13023248622158,55.97802012320899],[14.13023255428851,55.97802061333941],[14.130232724430094,55.978021517658725],[14.130232777962757,55.97802176834051],[14.130276984969264,55.978206704118406],[14.130277441451144,55.97821426369508],[14.13027535772481,55.978221282861526],[14.130270842584629,55.978227934625004],[14.13026407311618,55.97823395809898],[14.130255314821639,55.978239117038726],[14.130244911206708,55.978243209106985],[14.130233270308066,55.978246073810006],[14.130220848689966,55.97824759879202],[14.130207331958161,55.978247732150614],[14.129677556167506,55.978223504220495],[14.129676968988612,55.97822348341107],[14.129674433526022,55.97822341959706],[14.129671995465134,55.97822326945112],[14.129668236406323,55.97822325006091],[14.129114719189351,55.978197197956334]]],[[[14.128987466949424,55.97769272553292],[14.128974276932592,55.97769146912409],[14.128962519379819,55.97768895571089],[14.128951863920017,55.97768520735782],[14.128942719915049,55.97768036806943],[14.128935438659171,55.97767462376168],[14.128930299883077,55.97766819511968],[14.128927501007308,55.97766132911916],[14.128927127405941,55.977653845832876],[14.128936858001168,55.9775764544002],[14.128939031351235,55.97756921665186],[14.12894336558447,55.97756275240548],[14.128949829496172,55.977556871319436],[14.128958184426347,55.97755179053379],[14.128968121895552,55.97754769764015],[14.128979274994613,55.97754474375533],[14.128991231931545,55.97754303794185],[14.129003551235417,55.977542643181316],[14.129015778056221,55.977543574048944],[14.129028197089458,55.977545936190005],[14.129170473364521,55.97758185992871],[14.129171120061372,55.977582013784556],[14.129171949037154,55.977582199141246],[14.129173973133097,55.977582566836396],[14.129178342674702,55.9775831850799],[14.129180446428347,55.97758340061735],[14.129181381271067,55.97758346078375],[14.129182091611366,55.977583497585044],[14.129725856777192,55.97760487043181],[14.13015819267113,55.977621768022395],[14.130170635405934,55.977622907347026],[14.130181789115829,55.977625165341706],[14.130192010457701,55.97762853248061],[14.130200950785788,55.97763289391211],[14.130208305148845,55.97763810086967],[14.130213822691909,55.977643975746105],[14.130217315212933,55.97765031815173],[14.130218748489376,55.97765732694931],[14.130225615807543,55.9778364462042],[14.130224450679064,55.97784433829718],[14.130220641890721,55.97785147593999],[14.130214284052363,55.97785802063618],[14.13020565052148,55.97786369099295],[14.130195112500648,55.97786824321018],[14.130183123077584,55.97787148156265],[14.130170197744324,55.97787326681546],[14.130156052736945,55.97787353832444],[14.129696750505113,55.97785562984524],[14.129105042613313,55.97783232754214],[14.129091863992118,55.97783107438164],[14.129080115068554,55.97782856632543],[14.129069464999759,55.977824825249265],[14.129060322190226,55.977819994614535],[14.12905303724428,55.97781425966455],[14.12904788952124,55.977807840320914],[14.129045076422733,55.97780098274989],[14.12904468246441,55.97779350664997],[14.129054938190878,55.97770998319747],[14.129054972657924,55.97770954989775],[14.129054992533597,55.97770900379452],[14.129054868372142,55.97770769022766],[14.129054458936785,55.977705882243306],[14.129053758487137,55.9777041635812],[14.12905328115329,55.97770336398859],[14.12905199496741,55.97770175479281],[14.129051248035353,55.97770102265981],[14.12904942552947,55.97769958475676],[14.12904843769448,55.97769894821031],[14.129046148891117,55.977697736845684],[14.129044958110258,55.97769722034479],[14.129042290947478,55.977696282060286],[14.129040942968512,55.97769590544784],[14.129037999920445,55.977695276293],[14.12903488515177,55.97769479997826],[14.129032564560283,55.97769454599554],[14.129031533951327,55.97769447672829],[14.12903074868477,55.977694434858634],[14.128987466949424,55.97769272553292]]],[[[14.129775366743631,55.97947252512129],[14.129772894016737,55.979464921724045],[14.129773189123101,55.97945765383337],[14.129776093285722,55.97945056797727],[14.129781487589105,55.97944395429384],[14.1297891511565,55.97943808358746],[14.129798770194096,55.9794331962404],[14.129809950839789,55.97942949237016],[14.129822235290234,55.97942712363548],[14.129835120545932,55.979426187026604],[14.129848079007113,55.97942672089394],[14.129861368460105,55.97942882840361],[14.13016934727115,55.979497162162204],[14.130182131103231,55.97950091777686],[14.130192558745504,55.97950578656692],[14.130200922571497,55.97951177363925],[14.130206848317341,55.97951861108548],[14.13021007081747,55.97952599294482],[14.130210469543098,55.97953406833868],[14.13019058761932,55.97967575422341],[14.13018825901354,55.979683082495534],[14.130183720280424,55.9796896076889],[14.130177005729642,55.97969551647005],[14.130168370359284,55.97970058444074],[14.130158142114954,55.97970461913416],[14.13014670943541,55.97970746732433],[14.130133737423725,55.979709118754094],[14.129961315116555,55.97972135205134],[14.129947538216822,55.97972154497112],[14.12993477753589,55.979720266417736],[14.129922735894263,55.97971757994578],[14.129911904074845,55.9797135950482],[14.129902723551288,55.97970847413807],[14.12989556849475,55.979702425929055],[14.12989042542848,55.97969527258012],[14.129775366743631,55.97947252512129]]],[[[14.129498891967494,55.9789361936671],[14.129496461965816,55.978928873939594],[14.129496606959584,55.97892187087874],[14.12949917736944,55.978915016595536],[14.12950407553189,55.978908571517145],[14.129511115341156,55.97890278052301],[14.129520029320357,55.97889786364068],[14.129530478784332,55.978894007685895],[14.129542066707954,55.97889135916473],[14.129554352810885,55.97889001870699],[14.129566870285847,55.978890037243076],[14.129579917046179,55.97889150084195],[14.129724712111209,55.97891616156226],[14.129725480979747,55.978916280928516],[14.129726481808712,55.97891642143552],[14.129728849468812,55.97891665024296],[14.129732132000266,55.97891682751586],[14.12973534054637,55.9789168207863],[14.129736864140801,55.97891673204922],[14.129740006372625,55.97891636889735],[14.129741468108925,55.97891611261593],[14.129744418819975,55.97891540751208],[14.129747297239804,55.97891452012107],[14.129749313436854,55.97891378330483],[14.12975015233922,55.97891342383133],[14.12975077775641,55.9789131416877],[14.129757974518014,55.97890972550291],[14.129758520574887,55.97890945412333],[14.129759225780763,55.97890908727809],[14.12976072409123,55.97890819392715],[14.12976262151195,55.978906895683984],[14.129764255877154,55.97890554337158],[14.129764933738587,55.97890485517336],[14.129766104249308,55.978903359838014],[14.12976705256381,55.978901768951225],[14.129767602227643,55.978900583098344],[14.129767779905292,55.978900053596874],[14.129767898329606,55.97889965036255],[14.1297820110767,55.97884367557911],[14.129785270702596,55.9788362402393],[14.12979076860153,55.978829728598015],[14.12979847720823,55.978823961271296],[14.12980808678751,55.97881916999216],[14.129819211222937,55.97881554727564],[14.129831403531146,55.97881323868354],[14.129844173821626,55.97881233697575],[14.129857008980574,55.978812878383124],[14.129869393287779,55.9788148411518],[14.129881550221445,55.97881835482931],[14.130018382321822,55.97886820885259],[14.130028328592555,55.97887262049081],[14.130036150736602,55.978877668142424],[14.130042167646481,55.97888343870132],[14.13004642348147,55.97889012907828],[14.130198893905636,55.97922585157629],[14.130200645388921,55.97923118180054],[14.130205915990278,55.97925675603279],[14.130206125351487,55.97926433058988],[14.13020380487088,55.9792713375327],[14.130199058252987,55.97927795040481],[14.130192072233061,55.979283909049514],[14.13018312164691,55.97928897904801],[14.130172558618666,55.97929296094158],[14.130160798707955,55.97929569807855],[14.130147516893782,55.97929717007264],[14.129991523760346,55.979305593660904],[14.129977457913265,55.97930553856823],[14.129964526679986,55.979303970504],[14.129952444464271,55.9793009527849],[14.12994172432283,55.97929661355475],[14.129932259823976,55.97929079158208],[14.129931072292987,55.97928988953111],[14.129929472944859,55.979288850865885],[14.129926986381745,55.979287465310925],[14.129924395666336,55.97928629419836],[14.129923066867406,55.979285811583686],[14.12992010038087,55.97928496434177],[14.129918622331415,55.97928464530804],[14.129915407439993,55.979284158313135],[14.12991384360431,55.979284016559],[14.129910518340983,55.97928391072053],[14.129907115121487,55.979284000208196],[14.12990463462299,55.979284174321805],[14.129903561216002,55.97928429771919],[14.129902748850615,55.97928440346768],[14.1297557077018,55.97930580864031],[14.129742715969249,55.97930696704099],[14.129730347687376,55.97930672494346],[14.12971829206486,55.97930516000516],[14.129706996810684,55.979302330343074],[14.129696881395807,55.97929834104221],[14.129688321475273,55.97929334025295],[14.129681634937505,55.97928751368922],[14.129676782458299,55.979280672187464],[14.129498891967494,55.9789361936671]]],[[[14.128603267175,55.97875149613004],[14.128600738275217,55.97874338077702],[14.128601340792711,55.97873563960394],[14.12860512100801,55.97872767797151],[14.128671053643268,55.978631922627585],[14.128671328072425,55.978631491702075],[14.128671662970836,55.978630920253025],[14.128672246808703,55.97862958852492],[14.128672793275603,55.9786277435822],[14.128672997166683,55.978625920253336],[14.12867286596854,55.978624051588575],[14.128672583359576,55.97862268953016],[14.128672378377502,55.9786220991823],[14.128672202087934,55.97862165247902],[14.128655784173253,55.97858455860315],[14.12865385064622,55.9785770818711],[14.128654541635212,55.97856998580301],[14.12865771544341,55.97856310464442],[14.128663247897213,55.9785567076143],[14.128670922543488,55.97855104499048],[14.128680439118218,55.97854633831759],[14.128691425294068,55.9785427717397],[14.128704209362319,55.97854034062683],[14.12875627595863,55.97853356344192],[14.128768520999929,55.97853261254386],[14.128780140316568,55.97853289495397],[14.128791478114902,55.97853434509672],[14.128802835246871,55.97853707722961],[14.128918710059844,55.97857222039152],[14.128919263918965,55.97857238067107],[14.128921207929261,55.97857291676103],[14.128922357822455,55.978573203121925],[14.128924441788392,55.97857366829786],[14.128925036434147,55.97857379346888],[14.129094695846488,55.97860737989445],[14.129102401184241,55.97860919190349],[14.129351184325007,55.978677412292164],[14.129357640503567,55.978679417546964],[14.129382898879916,55.97868823522828],[14.129393957242169,55.978693043132004],[14.1294024908103,55.97869865833854],[14.129408796557012,55.97870512977538],[14.129412609048975,55.978712185035896],[14.129413767802848,55.9787195271379],[14.129412224040848,55.978726847024916],[14.129408042744227,55.97873383657533],[14.129401399918226,55.97874020157255],[14.12939257518354,55.97874567408959],[14.129381269125378,55.97875029815051],[14.129346225512226,55.97876174562106],[14.129345591770146,55.97876196380019],[14.129344814108007,55.978762245615606],[14.129343005298573,55.978763007389986],[14.129340626413857,55.97876416472048],[14.129338532029143,55.97876539661768],[14.129337631579519,55.97876603812732],[14.129335989016631,55.97876746855319],[14.129335320453464,55.97876819341837],[14.129334188419927,55.97876977124745],[14.129333775639097,55.9787705535603],[14.129333194596015,55.978772222398156],[14.129333052351285,55.9787730341971],[14.12933304306619,55.97877473439667],[14.129333328321257,55.97877647162976],[14.129333697546311,55.978777730785644],[14.12933392951174,55.97877827618842],[14.129334123091557,55.97877868782582],[14.12934655546733,55.978802791427334],[14.12942232842301,55.97894973909342],[14.129422369890774,55.978949819826674],[14.129424523949949,55.978954030002065],[14.129424532341687,55.97895404634557],[14.12956605427019,55.979228689433214],[14.129779241227846,55.979642275053415],[14.129781686451686,55.9796497395147],[14.129781459894438,55.9796568771234],[14.129778715515362,55.97966384877558],[14.129773561660475,55.97967037923232],[14.129766201801504,55.97967621067285],[14.129756926503012,55.97968111287327],[14.129746101951095,55.97968489229583],[14.129734155496454,55.979687399729634],[14.129721558782595,55.979688536181754],[14.12970880912533,55.979688256785245],[14.129695628170023,55.979686466389495],[14.129369978330962,55.97962249064719],[14.12936930932726,55.97962236835329],[14.129368436655676,55.979622220577824],[14.129366371026835,55.9796219525481],[14.129363486220356,55.97962168895665],[14.129360661313967,55.97962157232618],[14.129359294935638,55.97962158346178],[14.129356477299856,55.979621746077385],[14.129353617985156,55.97962205542683],[14.129351562251541,55.97962235792898],[14.129350675359893,55.979622524214946],[14.129350008227034,55.9796226585245],[14.129148548044016,55.97966604788374],[14.129134924445246,55.97966810749051],[14.129121671162853,55.97966852910102],[14.129108546155956,55.979667416924755],[14.129096110409163,55.97966481849796],[14.129084895446702,55.97966084488171],[14.12907538061411,55.97965566591492],[14.129067972590097,55.979649502955034],[14.129062673525404,55.97964218513228],[14.128904458536837,55.97933593526066],[14.128762946216685,55.97906131163945],[14.128684945985192,55.978910011305985],[14.128603267175,55.97875149613004]]],[[[14.128379658443619,55.978315790345555],[14.128373416291174,55.97830897911746],[14.128369945847075,55.978302045443954],[14.128369016257139,55.978294863824736],[14.128370664858613,55.97828772272244],[14.128374825431099,55.97828090897214],[14.128381330856662,55.97827469626001],[14.128389919832559,55.97826933413036],[14.12840024736707,55.97826503796237],[14.128411898636749,55.97826198031892],[14.128424405648419,55.978260284015356],[14.12843807694127,55.978260000361864],[14.128716330808551,55.978269869786146],[14.12871655925504,55.9782698780918],[14.129000991957755,55.978280471838076],[14.12935494967809,55.978293729111215],[14.12936814043654,55.9782949575996],[14.129379908341887,55.9782974445538],[14.12939058393071,55.97830116738108],[14.129399757545047,55.978305983224296],[14.129407077162261,55.97831170728353],[14.129412261903363,55.97831811990757],[14.129415112811383,55.97832497502254],[14.129415546181637,55.97833245295852],[14.129395740527409,55.97850090402621],[14.129393565503957,55.97850827431622],[14.129389146557935,55.97851485218225],[14.12938252376489,55.97852082299516],[14.129373950462146,55.97852595835648],[14.129363754599211,55.978530061825865],[14.129352326192944,55.978532976435304],[14.12934010240849,55.97853459069368],[14.129327550836422,55.97853484285148],[14.129314370110329,55.97853365269785],[14.129205792588929,55.97851762509238],[14.129205368935562,55.97851756598639],[14.129203896600155,55.97851737241885],[14.129203027011046,55.97851727218743],[14.12920144412984,55.9785171151029],[14.129200998694028,55.978517074498285],[14.128991494677596,55.97849966215183],[14.128979881583643,55.97849810624801],[14.128968930644225,55.978495442041805],[14.128842991512382,55.97845715536887],[14.128842844864092,55.97845711133496],[14.128842428014973,55.978456987719184],[14.128842152225074,55.978456907833994],[14.12884144318312,55.978456707288906],[14.128841262539705,55.9784566569898],[14.128621838027588,55.97839651769338],[14.128618491772283,55.97839553915616],[14.128404292138658,55.97832886190914],[14.128390846715517,55.97832337763002],[14.128380173343805,55.97831623569727],[14.128379658443619,55.978315790345555]]],[[[14.128159363836959,55.977927113698726],[14.128156029155868,55.9779197617497],[14.128155396741285,55.97791263535317],[14.12815729376969,55.9779055795655],[14.128161645420489,55.97789887266864],[14.12816828006241,55.97789277918412],[14.128176936022836,55.9778875394401],[14.128187271908406,55.9778833600931],[14.128198880069581,55.97788040597721],[14.128211302678425,55.977878793603274],[14.12822485341781,55.977878573510786],[14.128941404350186,55.977906859313094],[14.128954598048368,55.97790811598463],[14.128966358667972,55.97791063036021],[14.128977016439931,55.97791438030223],[14.128986161691884,55.977919221667435],[14.128993442890568,55.977924968359495],[14.128998580154342,55.97793139948228],[14.1290013760116,55.97793826783084],[14.129001744861762,55.97794575322584],[14.128975434421548,55.97815384931036],[14.12897318125905,55.97816124047531],[14.128968674787536,55.97816782772444],[14.128961955078235,55.97817379544995],[14.128953281097012,55.978178913665246],[14.128942987124626,55.97818298512248],[14.12893146987415,55.97818585291407],[14.128919173202158,55.97818740651984],[14.128905776664608,55.97818759738326],[14.128354862562787,55.978165099107585],[14.128341984534154,55.97816387195848],[14.128330484633716,55.978161447519334],[14.128320020693362,55.978157841838126],[14.1283109758978,55.97815318695341],[14.128303681462985,55.97814765332506],[14.12829807203231,55.97814105234756],[14.128159363836959,55.977927113698726]]],[[[14.128283749475314,55.97942362674881],[14.128281332123972,55.9794162659975],[14.128281515147247,55.979409226511535],[14.128284148185674,55.97940234213464],[14.128289130142386,55.979395877192694],[14.12829626973396,55.97939007990726],[14.128305292834899,55.97938517286507],[14.128315853002775,55.979381344471946],[14.128328281709573,55.979378577668015],[14.128679939659415,55.97932188320692],[14.12869310504153,55.97932052497129],[14.128705697345447,55.97932062415171],[14.128718012915963,55.979322096399656],[14.128729578121124,55.97932488509546],[14.128739948186212,55.97932888299145],[14.128748724298875,55.979333936336594],[14.128755568946623,55.9793398507893],[14.12876051198621,55.979346811622364],[14.128928444677427,55.979673588830956],[14.128930863309664,55.97968094667245],[14.128930683312412,55.979687983613395],[14.128928054996315,55.97969486593026],[14.128923079200693,55.97970132956929],[14.128915946830848,55.97970712653996],[14.128906931533715,55.97971203442972],[14.12889637919898,55.979715864937354],[14.128883958221051,55.97971863536209],[14.128532298204933,55.97977547815235],[14.128519127455244,55.97977684181107],[14.128506528437788,55.979776746380495],[14.128494205243257,55.97977527639104],[14.128482632287682,55.9797724884341],[14.128472255104409,55.97976848983998],[14.128463473191715,55.979763434545646],[14.128456624633149,55.97975751716888],[14.12845167988935,55.979750552557],[14.128283749475314,55.97942362674881]]],[[[14.127724044700695,55.97748468683676],[14.127717767500531,55.977477863112746],[14.127714275482518,55.97747091321082],[14.127713337302922,55.977463712994485],[14.127714990842556,55.97745655319734],[14.127719169332702,55.97744972292073],[14.127725704051317,55.977443497960294],[14.12773433113596,55.97743812966988],[14.127744702238271,55.977433834812295],[14.127756398589742,55.97743078680678],[14.127768947910868,55.97742910872677],[14.127782656641727,55.97742885317149],[14.128148875609334,55.977442671204095],[14.128452620909632,55.977453964710804],[14.128456797681796,55.97745422311492],[14.128456926763503,55.97745423080572],[14.128461346109095,55.97745448401994],[14.128461912739597,55.97745451082824],[14.128555905026762,55.97745802203637],[14.128566322733827,55.9774588402626],[14.128712247858415,55.97747643578245],[14.128721863088243,55.977477991622706],[14.128818678033284,55.977497812466744],[14.128830025171176,55.977500823804085],[14.128839592016728,55.97750470294862],[14.128847726969038,55.97750949700182],[14.128854154720832,55.97751504372119],[14.128858657740368,55.97752115539207],[14.128861083633378,55.97752762518037],[14.128861367091611,55.977534650274414],[14.128830232620802,55.97778475406647],[14.128827998671785,55.97779213659131],[14.128823515978562,55.977798718533904],[14.12881682436239,55.97780468466752],[14.12880818099624,55.97780980570016],[14.128797918063663,55.97781388481894],[14.128786429992243,55.97781676525392],[14.128774158294716,55.97781833630335],[14.12876078144711,55.977818550275224],[14.128414156691226,55.97780503008728],[14.128113293311065,55.97779315904709],[14.128100856587675,55.977792015760606],[14.128089709373088,55.97778975513111],[14.128079494859024,55.977786386481235],[14.128070561191727,55.977782024626414],[14.128062750138703,55.97777649038853],[14.127724044700695,55.97748468683676]]],[[[14.127667057073035,55.97825948669319],[14.12766459761287,55.97825238475918],[14.127664576778143,55.97824557944545],[14.12766684956378,55.97823889398659],[14.1276713344442,55.9782325681889],[14.127677870546549,55.9782268289575],[14.12768622342134,55.978221882157484],[14.127696093452183,55.97821790522943],[14.127707126602933,55.97821504082486],[14.127718927116954,55.97821339168925],[14.127731836756688,55.97821299337178],[14.128114433142795,55.978221506194146],[14.128128182419848,55.978222603244866],[14.12814047492638,55.97822507855812],[14.128151617522008,55.97822889474969],[14.128161148930626,55.97823389383879],[14.128168674574907,55.97823986887557],[14.128174211408794,55.97824699531691],[14.128245816685501,55.97837286528358],[14.128246066022829,55.978373269984694],[14.128246405078656,55.97837378053298],[14.128247365330195,55.97837495879183],[14.128248898398985,55.97837652936793],[14.128250638346236,55.97837796341594],[14.128251586129883,55.97837860213731],[14.128253785444096,55.978379822799],[14.12825624585782,55.97838094711821],[14.128258148218425,55.978381694956326],[14.128259023943457,55.97838198871715],[14.128259698570236,55.97838220281267],[14.12841932300721,55.97843004976741],[14.128431314832667,55.97843462365801],[14.128440713873827,55.97844016303937],[14.12844780721473,55.97844668904731],[14.128452556124168,55.978454362236064],[14.128481398834978,55.97852428000364],[14.128483118590534,55.97853175714517],[14.128482235568002,55.97853883166678],[14.128478886149681,55.978545671332675],[14.128473200829323,55.978552009666025],[14.128465401108874,55.97855759972209],[14.128455790868806,55.97856222370924],[14.128444744528776,55.97856570147446],[14.12843193272633,55.97856803595557],[14.128343867729646,55.978578846685316],[14.1283430937103,55.97857895302121],[14.128342139496759,55.97857909823724],[14.128339853575202,55.97857955224414],[14.128336770550254,55.978580315598045],[14.128333941689764,55.978581217817485],[14.128332677871835,55.97858172215544],[14.128330232045581,55.97858292484739],[14.1283291758273,55.97858356134634],[14.128327213408532,55.97858501515395],[14.12832548415113,55.97858660969562],[14.128324378864486,55.97858782927587],[14.128323968158496,55.97858838327364],[14.128323674968822,55.978588808954385],[14.12829010419616,55.97864149547327],[14.128284744402936,55.978647938444176],[14.128277782579602,55.97865337217323],[14.12826914217263,55.97865799028438],[14.128259122281795,55.97866163291503],[14.128247373703385,55.978664333998545],[14.127983445047477,55.97870948233088],[14.127970417698029,55.97871095390206],[14.127957915534708,55.978710983434574],[14.127945640076055,55.97870965705338],[14.127934056593668,55.978707025031774],[14.127923604131134,55.9787031871301],[14.127914678863204,55.97869828881473],[14.1279076190797,55.97869251574432],[14.127902381867605,55.97868568155796],[14.127750922913757,55.97841888874789],[14.127750471761214,55.978418063658715],[14.127667057073035,55.97825948669319]]],[[[14.126371414019095,55.97692415225295],[14.126365481147293,55.9769177043808],[14.126362049548272,55.97691115770781],[14.126360891329211,55.97690436612268],[14.126362048243713,55.97689757446796],[14.126365478582848,55.97689102758853],[14.126371058678924,55.97688496150485],[14.126378587363991,55.97687959490419],[14.126387793222225,55.97687512125671],[14.126398344374715,55.976871701840956],[14.126409860443973,55.97686945992947],[14.126421926266747,55.976868476344876],[14.126434874203365,55.976868806087936],[14.127111418621375,55.9769223664275],[14.127124352815976,55.97692412364642],[14.127135715564043,55.97692706638641],[14.12714584170502,55.97693118694892],[14.127154346251348,55.97693632867379],[14.12716131928333,55.97694267216961],[14.127251379296329,55.97704599327601],[14.12725625582438,55.97705348772726],[14.127258244017108,55.977061385460836],[14.1272692955511,55.97723636538345],[14.127269337153967,55.97723676801929],[14.12726941256532,55.97723729317629],[14.127269731225006,55.97723849219678],[14.127270366353638,55.97724011900131],[14.127271234699338,55.9772416616772],[14.127272378133476,55.97724319556912],[14.127273346394418,55.97724428170086],[14.127273828936074,55.977244742271516],[14.127274208823742,55.977245086842565],[14.127498907079142,55.977438986926515],[14.127718104168592,55.97762818447001],[14.127927125410551,55.97780865417273],[14.127934425684844,55.97781687070208],[14.127965182574945,55.977864355045384],[14.128074241155153,55.97803281014537],[14.128077609468798,55.978040313798694],[14.128078170526004,55.97804758474659],[14.1280761011273,55.97805476977346],[14.128071486191189,55.97806157403416],[14.12806451509518,55.978067718308715],[14.128055473904704,55.97807295046018],[14.12804473363419,55.97807705578147],[14.128032735022098,55.97807986580608],[14.128019970444747,55.97808126522164],[14.128006143421251,55.978081192273734],[14.127653440247789,55.97805921852289],[14.127641082671305,55.978057792168066],[14.127630097096343,55.97805527615789],[14.127620126728916,55.978051671943035],[14.127611512162717,55.97804710264572],[14.127604547676155,55.97804172435604],[14.127599151508369,55.97803534275056],[14.127546254086637,55.97795410117393],[14.127546236032526,55.977954073585956],[14.12754392126282,55.97795055426906],[14.12754373357754,55.97795026554034],[14.12752991866216,55.97792875933298],[14.127529582095109,55.977928279121066],[14.127528322989765,55.97792662394306],[14.127527505293392,55.9779256999476],[14.127525915698746,55.97792413612342],[14.127525437214333,55.977923695309634],[14.127342109311028,55.97776522714614],[14.127122891946835,55.97757601219137],[14.126740326230125,55.97724581450592],[14.126740145260904,55.97724565751463],[14.126371414019095,55.97692415225295]]]]}},{"type":"Feature","properties":{"color":"#165B57","district":"Amazonas"},"geometry":{"type":"MultiPolygon","coordinates":[[[[14.13592944438988,55.97983345671757],[14.135930630175027,55.97982599710953],[14.135934171676578,55.9798192364856],[14.135940003041464,55.97981299246893],[14.135947900069057,55.97980750512438],[14.135957559140149,55.979802985424854],[14.135968608890382,55.97979960713996],[14.135980624488058,55.979797500155094],[14.135993933076422,55.979796697910146],[14.136108143397736,55.97979611438993],[14.136121570553414,55.97979679059608],[14.136133731739335,55.979798803071034],[14.136144948894568,55.97980211342647],[14.136154784544965,55.97980659255712],[14.136162855095304,55.97981206577492],[14.136168845789685,55.97981831962191],[14.136172522987147,55.97982511019511],[14.136173820198621,55.9798326178637],[14.136171619161843,55.98031879679246],[14.136170333516013,55.98032607829994],[14.13616681160703,55.980332673501664],[14.136161106478774,55.98033877195324],[14.136153427497705,55.98034414985298],[14.136144056467302,55.98034860984209],[14.136133337286473,55.98035198824717],[14.136121663329028,55.98035416108706],[14.136109463007628,55.980355048622506],[14.136097184051692,55.98035461828259],[14.136084526863979,55.98035277670673],[14.135980313966485,55.980331470424574],[14.135967936765791,55.98032811455479],[14.135957661162672,55.98032371605341],[14.135949170084011,55.98031825440894],[14.135942808224877,55.98031195133716],[14.135938833844138,55.98030506271154],[14.135937318384007,55.980297414485825],[14.13592944438988,55.97983345671757]]],[[[14.135016910410874,55.979523279507035],[14.135003270262049,55.97952168384763],[14.134991251593163,55.979518756308984],[14.13498054596426,55.979514524219326],[14.134971599525645,55.97950916394857],[14.134964785113992,55.97950289888276],[14.134960386714582,55.979495990114636],[14.134958587626562,55.97948872556265],[14.134959518027744,55.97948094641198],[14.135042365482562,55.97920939465219],[14.135046014475005,55.97920200599897],[14.135051858609772,55.979195579111924],[14.135059878907985,55.979189934622944],[14.135069752285153,55.97918529991033],[14.135081081009226,55.979181861675265],[14.135093408722467,55.9791797584209],[14.135107047840544,55.97917903177119],[14.135925028941545,55.97918158535547],[14.135938260685942,55.979182351778],[14.135950221722583,55.97918440967537],[14.13596124234758,55.979187726345245],[14.135970904090705,55.97919217584863],[14.135978840080277,55.97919758923107],[14.135984748973737,55.979203760938105],[14.13598863690528,55.97921087860801],[14.136061412285395,55.979412764003264],[14.136062759554955,55.979420390575385],[14.136061441369513,55.97942756190511],[14.136057590717755,55.97943444161744],[14.136051362642851,55.97944075270442],[14.136043007913973,55.97944624105335],[14.136032862929342,55.97945068567856],[14.136021336171458,55.9794539076193],[14.13600810706734,55.979455895030036],[14.135436904219139,55.97950806654825],[14.135423784197508,55.9795085470783],[14.135411515908306,55.97950766696126],[14.13539977671913,55.979505487328126],[14.1353890020803,55.97950208902965],[14.135379591663161,55.97949759812146],[14.135371894534586,55.97949218118803],[14.135366196208878,55.97948603916353],[14.135362708057011,55.97947939987837],[14.135361487091625,55.97947207544083],[14.135362019526827,55.97938576734149],[14.135362003859719,55.979385338121396],[14.135361960877747,55.9793847955109],[14.135361690301012,55.97938350376885],[14.135361085690636,55.979381735654606],[14.135360207193123,55.97938006443157],[14.135359650093871,55.97937929089276],[14.135358212201512,55.97937774578143],[14.135357399005153,55.97937704684608],[14.135355455668428,55.9793756858198],[14.135354416886392,55.97937508771214],[14.135352041020441,55.97937396183727],[14.135350815629339,55.97937348699893],[14.135348096377243,55.97937263851864],[14.135346730350717,55.97937230476467],[14.135343769740542,55.97937176551445],[14.135342314338565,55.97937158536878],[14.135339223453615,55.97937137558151],[14.135336032034067,55.97937133322187],[14.135333698079933,55.979371397302415],[14.135332679570498,55.9793714670468],[14.135331908336177,55.9793715305132],[14.135167788823123,55.97938731967004],[14.1351670141298,55.97938740520996],[14.135165999981455,55.979387531744756],[14.135163733931808,55.97938791438167],[14.135160716729697,55.979388562937274],[14.135157897905714,55.97938935428996],[14.135156622830378,55.97938980486496],[14.135154134440704,55.979390888929146],[14.13515304115834,55.9793914701263],[14.13515097899672,55.97939280516952],[14.135150109590327,55.979393494617106],[14.135148553042756,55.97939502924493],[14.135147940984258,55.979395800399594],[14.135146949972356,55.9793974755343],[14.135146618822484,55.97939829871091],[14.135146231496739,55.97940004986589],[14.13514619400418,55.97940089337408],[14.13514642527544,55.97940265313598],[14.135146977390495,55.97940443495491],[14.135147552333576,55.979405719610625],[14.135147878248853,55.97940627161728],[14.135148144271064,55.97940668758584],[14.135199308634256,55.979480892284165],[14.13520296849321,55.97948840669003],[14.135203776617828,55.979495719024705],[14.13520191654544,55.97950297103333],[14.135197465629691,55.979509861125536],[14.135190608970253,55.97951610276188],[14.135181631715243,55.97952143637028],[14.135170907202852,55.97952564014081],[14.135158881435327,55.97952853925034],[14.135146054530772,55.979530013132894],[14.135132133992627,55.97952999969659],[14.135016910410874,55.979523279507035]]],[[[14.135379862837066,55.98006807162548],[14.135370928117007,55.98006219187985],[14.135364682424706,55.98005582853338],[14.135360850752969,55.980048892613155],[14.13535951001986,55.980041211674006],[14.135362607109103,55.979591929891654],[14.13536402753427,55.97958432515153],[14.135367883841264,55.979577463744],[14.135374105719675,55.97957116960926],[14.135382443798092,55.979565695013626],[14.13539256388909,55.97956125937654],[14.135404060383436,55.979558040476384],[14.135417255130749,55.979556049216896],[14.13565627027687,55.979534029492065],[14.135669410403107,55.97953353917151],[14.135681699903355,55.979534414421856],[14.13569346036316,55.97953659360681],[14.135704254134843,55.9795399956313],[14.135713679544377,55.97954449389424],[14.135721385838899,55.979549920999546],[14.135727086239394,55.97955607498559],[14.135730568612939,55.97956272684099],[14.135731774871543,55.97957006395613],[14.135726545717258,55.98016961188429],[14.13572519760151,55.98017698070908],[14.135721561691268,55.98018364537184],[14.135715694817353,55.98018979204968],[14.135707817641066,55.980195189556405],[14.135698226434641,55.98019963488329],[14.135687281938095,55.980202960834546],[14.135675395791221,55.98020504231578],[14.135663015051023,55.98020580103913],[14.135650605377082,55.98020520846777],[14.13563863351728,55.98020328688931],[14.135627549752469,55.98020010857741],[14.135617154712522,55.980195521115384],[14.135379862837066,55.98006807162548]]],[[[14.134906499485881,55.98034645592331],[14.134896363430842,55.98034175438123],[14.134888523098182,55.9803363897126],[14.134882669275722,55.980330282766374],[14.134879019703066,55.98032366069843],[14.134877710129608,55.98031676982506],[14.134878789265349,55.98030986646108],[14.134882216969231,55.98030320738572],[14.134887865742433,55.98029704029144],[14.134896008133845,55.98029125141928],[14.135181451286368,55.98012433493905],[14.135191616409331,55.98011945428821],[14.135202597169926,55.98011599610997],[14.135214573523058,55.980113804156275],[14.135227084362825,55.980112962820336],[14.135239648005046,55.980113504494696],[14.135251780732569,55.98011540832415],[14.135263015418902,55.98011860100874],[14.135273543780379,55.98012323435467],[14.13566801785313,55.980335013999984],[14.135674873299445,55.98033929341332],[14.1356805039292,55.9803440996973],[14.135693782096729,55.98035754086665],[14.135699191089598,55.98036462064907],[14.135701788323557,55.980371716085635],[14.135701789105783,55.98037895878525],[14.135699193403042,55.980386054397336],[14.135694106705989,55.9803927145489],[14.135686735742096,55.9803986685644],[14.135677380074231,55.980403674466345],[14.135666419926254,55.98040752880935],[14.135654300730131,55.98041007494875],[14.135641515023309,55.98041120940661],[14.135628582431107,55.980410886077266],[14.135615236887753,55.98040900661079],[14.135613737897833,55.98040870279119],[14.1356132377002,55.98040860658803],[14.13561150119071,55.98040829037972],[14.135610462706007,55.980408122659476],[14.135608546621148,55.98040785189489],[14.135608009076735,55.980407781405205],[14.13523095252704,55.980362143438555],[14.13523016273242,55.9803620593513],[14.13522739323674,55.98036180446514],[14.135225796058625,55.98036170304184],[14.135222994907286,55.980361604183294],[14.13522219151914,55.98036158710096],[14.134961079159526,55.980359691080565],[14.13494792125299,55.98035887736787],[14.134936040160392,55.98035678974372],[14.134924413326457,55.98035324853522],[14.134906499485881,55.98034645592331]]],[[[14.134921837477327,55.979892436120466],[14.134909422523421,55.97988919590765],[14.134899066916846,55.979884904637764],[14.13489045130872,55.979879542938505],[14.134883922676236,55.97987332674257],[14.134879743947025,55.97986650639586],[14.134878083410394,55.979859356575204],[14.134879066236977,55.97985171176914],[14.13495759380425,55.97959926887695],[14.13496095701695,55.97959236561489],[14.134966230245388,55.97958631546904],[14.134973427724663,55.979580921711324],[14.13498229689044,55.979576373611756],[14.134992526518333,55.97957283076562],[14.135003757644865,55.97957041749328],[14.135015596163756,55.979569218477764],[14.13502838438087,55.97956927940302],[14.13517204173388,55.979577531654016],[14.135173100499943,55.97957757276697],[14.135176782392547,55.979577647523264],[14.135178916453015,55.97957761146873],[14.135182671128687,55.97957740780305],[14.135183736944855,55.97957732978725],[14.135207365258593,55.97957514842437],[14.135220506310604,55.97957465566587],[14.135232797424079,55.9795755288792],[14.13524456009698,55.97957770635335],[14.135255356519401,55.97958110704218],[14.135264784845296,55.97958560437112],[14.13527249414918,55.97959103094834],[14.135278197487727,55.97959718479504],[14.135281682579896,55.979603836863085],[14.135282891362582,55.97961117452275],[14.135280212783776,55.97992972121092],[14.135278867044642,55.97993708999808],[14.135275233409075,55.97994375487614],[14.13526936875691,55.97994990202327],[14.135261493655593,55.979955300246466],[14.135251904285528,55.97995974651951],[14.135240961300894,55.97996307361876],[14.135229076265418,55.97996515641253],[14.135216696173497,55.979965916567224],[14.135204286638684,55.979965325493524],[14.135192314381873,55.97996340542163],[14.135181229677848,55.97996022856519],[14.135170833080327,55.979955642532055],[14.135133535793978,55.979935619322106],[14.135132903793906,55.97993529763724],[14.135132077456717,55.97993489896992],[14.135129995046402,55.979934047220304],[14.135125367085553,55.97993245634319],[14.135123059270484,55.979931799927535],[14.135122010590814,55.979931558950554],[14.135121203024992,55.97993138741757],[14.134921837477327,55.979892436120466]]],[[[14.132932344198073,55.98011091280991],[14.132919003407986,55.98010956886639],[14.132907147689577,55.980106942240155],[14.132896453325436,55.980103056794235],[14.132887341985974,55.98009806572883],[14.132880172923759,55.98009216583792],[14.132875228808471,55.9800855897497],[14.132872704581489,55.98007859675402],[14.132872699769713,55.98007146257913],[14.132875214561494,55.98006446851961],[14.132880149799417,55.98005789034519],[14.132887762354986,55.98005161528318],[14.13312054235904,55.979895654302894],[14.133130705978294,55.979890128803],[14.133141978614063,55.97988614775053],[14.133154477604437,55.979883554796835],[14.133167664211738,55.97988246170474],[14.133181809598101,55.97988294422713],[14.133483154838293,55.979910998222074],[14.133484302864657,55.97991108145442],[14.133488315770252,55.979911290517165],[14.133490629017892,55.97991131746158],[14.133494653999158,55.97991120202313],[14.133495807222516,55.97991114559544],[14.133752474897737,55.97989335611371],[14.13376517779127,55.97989314251434],[14.133776987602896,55.979894184240635],[14.133788247707049,55.97989643254029],[14.133798567924607,55.979899809506456],[14.133807590644675,55.979904198122306],[14.133815003216249,55.97990944631586],[14.13382054878202,55.979915372229435],[14.133824035178925,55.9799217705212],[14.133825423872178,55.97992883821668],[14.133825560576765,55.97993353563029],[14.133825587546745,55.97993393012166],[14.133825637715802,55.979934395957685],[14.133825915144593,55.97993560297546],[14.133826513650632,55.97993729297653],[14.133827345733115,55.979938869534045],[14.133827868260541,55.97993960435261],[14.133829199363413,55.97994106983394],[14.133830806701615,55.97994249882456],[14.133832106344826,55.97994349540008],[14.133832730174952,55.9799439106364],[14.133833216180635,55.97994421950173],[14.133895716422954,55.97998215318186],[14.133896333301806,55.979982507517555],[14.133897164833272,55.97998295958239],[14.13389921082602,55.979983901529835],[14.133902171727932,55.979985049562345],[14.133905276099368,55.97998598941627],[14.133908613481546,55.97998674820026],[14.133911142046335,55.979987191208096],[14.133912273303293,55.979987333380976],[14.133913140916452,55.979987428477834],[14.134213401794586,55.98001556563137],[14.134347224155084,55.98002802998353],[14.134347935551139,55.98002808713054],[14.134348876553773,55.98002815074523],[14.134351028132214,55.98002821481849],[14.134353978712843,55.980028191879796],[14.13435683455737,55.980028026200216],[14.134358192673746,55.980027877897776],[14.134360950276779,55.98002743060489],[14.134363699728274,55.980026831116284],[14.134365650336228,55.98002631909595],[14.134366479531263,55.98002606217889],[14.13436710030455,55.980025859563774],[14.134553748444722,55.979961767812455],[14.13455446926901,55.97996150518365],[14.13455539860118,55.97996114641511],[14.134557396336275,55.979960234650626],[14.13455992891966,55.97995887558776],[14.134562139469079,55.97995740486826],[14.134563048336807,55.9799566489531],[14.134564649949914,55.979954949055696],[14.134565945328616,55.97995312436111],[14.134566701787774,55.97995174543253],[14.134566945452088,55.97995112860719],[14.134567108545722,55.979950656071935],[14.134579038206262,55.9799103225025],[14.134582375055649,55.97990328798894],[14.134587700700262,55.97989712365446],[14.134595019539326,55.9798916364013],[14.134604065838573,55.97988702546143],[14.134614511143255,55.979883458249496],[14.13462597620363,55.97988106428417],[14.13463804474485,55.979879930485914],[14.134650278581008,55.97988009802075],[14.134662233524672,55.979881560805815],[14.134673475514417,55.979884265730135],[14.134683596374567,55.97988811458301],[14.1346927724739,55.97989327336455],[14.134769788627155,55.979945741640385],[14.134770262997856,55.97994605029482],[14.13477088804559,55.979946438842966],[14.134772465657845,55.97994729400846],[14.134774782922578,55.97994838868203],[14.134777190946124,55.97994932971775],[14.134779811751562,55.9799501657924],[14.13478179700015,55.979950701773085],[14.134782696753522,55.97995090340502],[14.134783385391772,55.979951047591165],[14.134928637553037,55.97997935862663],[14.135036987543847,55.98000059683893],[14.13505015395472,55.98000410078677],[14.135061689890142,55.98000908928607],[14.13512177453655,55.98004136206058],[14.135130461919669,55.980047042517654],[14.13513661711819,55.98005317447404],[14.135140519391248,55.980059859795105],[14.135142019227208,55.98006684234167],[14.135141059160507,55.98007385458647],[14.135137675973558,55.98008062786433],[14.135131999287694,55.98008690266564],[14.135123757955617,55.98009278750011],[14.134803762873439,55.980280159022016],[14.1347931627366,55.98028521488924],[14.134781673596795,55.98028873935694],[14.134769144905878,55.98029088565074],[14.134756098333876,55.980291564403096],[14.134742255801882,55.98029069581667],[14.134668867253469,55.98028177711469],[14.134668485596826,55.980281733435525],[14.134667169886775,55.98028159212818],[14.13466637849379,55.980281518537616],[14.134664903271199,55.98028140244302],[14.13466449383946,55.98028137321625],[14.134475114514682,55.98026923478086],[14.134473989095792,55.98026915764098],[14.134161730938173,55.980246362890156],[14.134160862688113,55.980246312877824],[14.134159720788382,55.980246264589766],[14.134157104892807,55.98024627340086],[14.134156444070722,55.98024630582673],[14.134139708379758,55.98024603840381],[14.133963738593772,55.98023170343781],[14.133951901396111,55.98023012607483],[14.13394141279882,55.980227559664854],[14.133931905067959,55.980223992329776],[14.13392316255246,55.98021925699823],[14.133706673754432,55.98007901264755],[14.133706081835191,55.980078649724774],[14.13370529418116,55.98007819252452],[14.133703310418616,55.98007721610154],[14.13369886214999,55.98007536608434],[14.133696614668557,55.980074583343296],[14.133695584101298,55.98007428729275],[14.133694787501321,55.98007407371883],[14.133568267076958,55.980042514060365],[14.133567584679385,55.980042354267795],[14.133566676847423,55.980042155294086],[14.133564561055925,55.98004178349166],[14.133561609977944,55.98004138767182],[14.133558685136723,55.9800411516527],[14.133557265983622,55.98004111097089],[14.133554313343028,55.98004117850453],[14.1335513054125,55.98004140350168],[14.133549132779844,55.98004165237103],[14.133548193352123,55.980041798390936],[14.133547485337509,55.98004191832554],[14.133138233393058,55.980117036617884],[14.133125068216804,55.98011866887209],[14.133111586414879,55.98011882145889],[14.132932344198073,55.98011091280991]]],[[[14.132480482512435,55.97879035529943],[14.132467559926884,55.97878841258514],[14.132456274275322,55.978785293384405],[14.132446292962813,55.97878100235556],[14.132437999495572,55.97877570437054],[14.132431712528271,55.97876960299097],[14.132427673620581,55.978762932646795],[14.13242603795593,55.978755949628784],[14.132426920720858,55.97874847930415],[14.132515849928426,55.97844815799917],[14.132519035125997,55.97844135838155],[14.132524075951673,55.97843537709078],[14.132530990374907,55.97843001389933],[14.132539544233994,55.97842545043473],[14.132549447847072,55.97842184124135],[14.132560365822409,55.9784193085466],[14.132571928416565,55.97841793812154],[14.132584488048282,55.97841776619176],[14.132973620277317,55.978432523901105],[14.132987638913503,55.9784338872122],[14.13300006377897,55.978436671356704],[14.133011187029703,55.97844083626957],[14.133020525306904,55.978446200965486],[14.133027672816935,55.97845253232276],[14.133032612138349,55.97845999835989],[14.133189949728523,55.978804615793806],[14.133191982746908,55.97881209958818],[14.133191376091922,55.9788192123258],[14.13318827415752,55.978826118423136],[14.133182798790955,55.97883254659848],[14.133175165071664,55.978838244343585],[14.133165672862777,55.97884298784234],[14.133154695032081,55.97884659076298],[14.133142662805255,55.97884891157723],[14.13313004882665,55.978849859119954],[14.13311654794357,55.97884936698478],[14.132480482512435,55.97879035529943]]],[[[14.132101457194294,55.97889163443093],[14.13209828110269,55.97888464768418],[14.132097553802481,55.978877877918066],[14.13209911299138,55.978871152273065],[14.132102903124194,55.97886471034131],[14.132108789181485,55.97885878160792],[14.132116561479611,55.97885357727591],[14.132125943140458,55.978849282742445],[14.132136599954949,55.97884605099433],[14.132148152288817,55.97884399715798],[14.132160188606328,55.97884319439848],[14.132173041790109,55.978843701354336],[14.13307745111886,55.978927899662224],[14.133089935907417,55.97892975510801],[14.133100882907538,55.978932707191376],[14.133110640024915,55.97893676016972],[14.133118857911288,55.97894176892846],[14.133125242329326,55.978947554131956],[14.133129564687698,55.97895390864427],[14.133131670225687,55.978960604945534],[14.13313148355446,55.97896740327825],[14.133129011356491,55.97897406023158],[14.133124048015612,55.978980732882185],[14.132818954937886,55.97930143455986],[14.132811871098015,55.979307438731105],[14.13280290059646,55.97931259320769],[14.132739299133705,55.979342834570254],[14.13273877453608,55.979343095250414],[14.132738122354793,55.97934343385965],[14.132736663160035,55.97934429875882],[14.1327347843375,55.97934557139089],[14.13273317249897,55.97934688477376],[14.132732498531164,55.979347554173835],[14.132731326212635,55.97934900607881],[14.132730362112055,55.97935055248169],[14.13272979399443,55.97935170502857],[14.132729604827928,55.97935222031473],[14.132729476938554,55.97935261262905],[14.132678419866066,55.97953163646867],[14.132674835176655,55.97953916376471],[14.132668965423017,55.97954571436006],[14.132660842117687,55.97955146233897],[14.132650803215888,55.97955616856668],[14.132639266368384,55.979559637248634],[14.132626711545894,55.979561724076156],[14.132612837918959,55.979562381219985],[14.13257507767989,55.97956200716862],[14.132561436435417,55.9795610985307],[14.132549170098866,55.97955882361834],[14.132537966271641,55.97955522066522],[14.132528278701853,55.97955043558881],[14.132520499729603,55.97954466218183],[14.132514594083645,55.979537722619334],[14.132101457194294,55.97889163443093]]],[[[14.13137520238376,55.98009884840571],[14.131373069981906,55.980091261958094],[14.131373656471608,55.98008404527211],[14.131376811649082,55.980077040125764],[14.131382407941453,55.98007052975423],[14.131390219075916,55.98006477738758],[14.131399929228639,55.98006001560782],[14.13141114579434,55.980056436945105],[14.13142418894982,55.98005404415866],[14.131911597484802,55.9799941674304],[14.13192530482379,55.979993282308115],[14.131938234860893,55.97999391743987],[14.131950672462011,55.97999599436748],[14.131962109453418,55.979999428232226],[14.131972078543871,55.980004078733714],[14.131980172416991,55.98000975586241],[14.131986060373366,55.98001622766281],[14.131989501842288,55.980023229710746],[14.131990356211139,55.98003047591706],[14.131988477096113,55.9800381239184],[14.131940338397735,55.98014921511771],[14.131940182125723,55.98014961535421],[14.131940003078183,55.98015012986474],[14.131939730704005,55.98015135840692],[14.131939564055727,55.98015306660959],[14.13193967556039,55.980154721538035],[14.131939859894151,55.980155511090246],[14.131940511907379,55.98015712651885],[14.131940951889664,55.98015788377266],[14.131942122300801,55.9801594049198],[14.131942803010968,55.98016010419538],[14.131944452129748,55.98016147947679],[14.131945350484568,55.98016209706126],[14.131947422386764,55.98016327983903],[14.131948507920926,55.980163794788645],[14.131950932346275,55.98016474495346],[14.131953571947134,55.9801655882667],[14.131955572523571,55.98016612852532],[14.131956479271846,55.980166331470365],[14.13195717342704,55.98016647654159],[14.132398404506262,55.98025225800526],[14.132399269847902,55.980252411063],[14.13240041333314,55.98025259362001],[14.132403082471152,55.9802528858758],[14.132406754199653,55.980253109773486],[14.132410377157187,55.98025310091206],[14.132414045248687,55.980252859061686],[14.13241670971807,55.980252553760245],[14.132417850305437,55.98025236561674],[14.132418713221634,55.98025220833192],[14.132521007198832,55.980231758584964],[14.132533635660288,55.980229972295334],[14.132545869875921,55.98022958484904],[14.132558012930003,55.98023050448102],[14.132569622761253,55.980232697712516],[14.132580276719874,55.980236084700174],[14.132589586953937,55.980240542142504],[14.132597214528696,55.980245907768634],[14.132602881765436,55.98025198624568],[14.132606602894276,55.98025897021591],[14.132666722074458,55.98043001915462],[14.13268388948372,55.980478933417174],[14.13268513653383,55.98048511668963],[14.132684572855,55.980491331203424],[14.132639377455156,55.98068143290651],[14.132636057449188,55.98068914663226],[14.132630322068485,55.98069588492577],[14.132622221812236,55.9807018147726],[14.132612106298307,55.98070668023194],[14.132600412126514,55.98071027130338],[14.132587644034347,55.98071243299095],[14.132574353111615,55.98071307199295],[14.132560277614882,55.98071210323182],[14.132226438718599,55.98066906601842],[14.132226257567108,55.98066904252761],[14.132211830023405,55.98066716069693],[14.132194822480677,55.980663635495986],[14.131752568009173,55.98053464459895],[14.13175171008607,55.98053441220037],[14.131750572421023,55.98053412699992],[14.131747872436668,55.98053360571553],[14.131742089716617,55.98053280254869],[14.131739267451927,55.98053255684328],[14.13173802346537,55.98053251125413],[14.131737070880154,55.980532492189774],[14.131628431981534,55.9805321212232],[14.131615756472227,55.980531413035436],[14.131604260756818,55.980529519037106],[14.131593594043538,55.980526463207],[14.131584127683922,55.980522351931064],[14.131576191240063,55.98051732833955],[14.131570061011109,55.980511567324044],[14.131565691529207,55.98050487280904],[14.13137520238376,55.98009884840571]]],[[[14.131838700501083,55.98076274389153],[14.131825975142045,55.98076122433115],[14.131814706182269,55.98075855009365],[14.131804548786283,55.98075472826429],[14.13179587193403,55.98074989767584],[14.131788990822557,55.98074423380564],[14.131784155415996,55.980737942400765],[14.131781541365424,55.9807312520043],[14.13178124362824,55.980724405652985],[14.13178327301888,55.98071765204876],[14.131787555816162,55.98071123652419],[14.131793936441435,55.980705392130716],[14.131802183110334,55.98070033117253],[14.131812614489897,55.980695979589015],[14.131849947334564,55.980683309647986],[14.13185059917261,55.98068307623742],[14.13185141276385,55.9806827692136],[14.131853254557937,55.98068195894225],[14.131855648466429,55.98068073773293],[14.13185774933603,55.98067943422526],[14.131858640863493,55.980678758704286],[14.131860249174412,55.980677251721815],[14.131861620471032,55.98067562435734],[14.131862465834821,55.98067439488922],[14.13186276532159,55.98067384135173],[14.131862974449538,55.98067341776355],[14.131865560366878,55.980667632776225],[14.131870217900463,55.98066040144282],[14.131876944996574,55.98065422763956],[14.131885745456286,55.980648932479596],[14.131896262822808,55.98064473043937],[14.131908071097772,55.980641791719336],[14.131920691995935,55.98064023535004],[14.131933614317628,55.98064012437104],[14.131946314654382,55.980641463277436],[14.131959033024332,55.98064437027682],[14.132169508515162,55.9807069745672],[14.132170447245178,55.98070723223542],[14.132173760618233,55.98070806804217],[14.132175726646253,55.98070847984865],[14.132179263348428,55.98070907654823],[14.132180282673577,55.980709228301826],[14.132493475089698,55.98074974879097],[14.132505900457591,55.980752078590335],[14.132516625492313,55.98075547941523],[14.132525991514656,55.98075996405457],[14.132533653424476,55.98076536726772],[14.132539328910806,55.98077148996824],[14.132542808854037,55.98077810655951],[14.132543965031171,55.98078497324682],[14.132542754840495,55.98079183702042],[14.132539222871463,55.98079844497763],[14.132533499261923,55.9808045536416],[14.132525309465494,55.9808102771866],[14.132454026210562,55.98085130709395],[14.132453564626175,55.980851584222535],[14.132452992225321,55.98085194273398],[14.132451725996088,55.98085284574779],[14.13245011366479,55.98085416041605],[14.13244875825387,55.98085549789135],[14.132447578992434,55.980856935726294],[14.132446840956096,55.98085801304173],[14.132446571053025,55.98085849806776],[14.132446380692445,55.98085886784933],[14.132407323482028,55.980941332399276],[14.132407121943196,55.98094181024557],[14.132406888254083,55.98094244086847],[14.132406566809085,55.9809439012814],[14.132406421534538,55.98094590082841],[14.132406661614162,55.98094785644041],[14.132407294166034,55.980949826098644],[14.132407969482697,55.98095124821013],[14.132408355086675,55.98095185503618],[14.132408671507292,55.98095231297942],[14.132428300313098,55.98097856656861],[14.132432319570135,55.980985976782186],[14.132433509404077,55.980993230768796],[14.132432059343278,55.981000469919124],[14.132428029001666,55.98100739661477],[14.132421584074715,55.98101372608307],[14.132412989527559,55.981019198104576],[14.132402598701749,55.981023587711356],[14.132390838788552,55.98102671443617],[14.132378193266149,55.9810284497318],[14.132364361434576,55.98102873944344],[14.13218690321162,55.98102236311243],[14.132174371207366,55.98102125180436],[14.132163131054535,55.981019003865775],[14.132152828522859,55.98101563109992],[14.132143819456422,55.981011250000435],[14.132136415023462,55.98100601188836],[14.13213087096862,55.9810000976854],[14.13212715885533,55.980993309498345],[14.132075302623278,55.98085296119175],[14.132075126974389,55.9808525377056],[14.132074879073576,55.98085199945518],[14.132074128921104,55.980850755007815],[14.132072873277655,55.98084908578622],[14.132071378564019,55.98084754101323],[14.132070537932632,55.98084684461937],[14.13206853499144,55.9808454918734],[14.132066249700399,55.98084422408532],[14.132064459288658,55.98084336692308],[14.132063626062827,55.98084302385248],[14.132062981722177,55.98084277190566],[14.131855860861993,55.980765932093874],[14.131855057719633,55.980765652807115],[14.131853988235298,55.98076530487341],[14.131851422611748,55.98076463184449],[14.13184586917184,55.980763497040705],[14.131843132174975,55.98076308651889],[14.13184191363143,55.98076296691128],[14.131840977813084,55.98076289085451],[14.131838700501083,55.98076274389153]]],[[[14.13165029370574,55.97843235896642],[14.131647212141646,55.97842505071589],[14.131646773334761,55.97841799135194],[14.131648811520668,55.978411020380705],[14.13165324791945,55.97840440723951],[14.131659911057287,55.978398407534996],[14.131668543394278,55.978393253163524],[14.13167881127879,55.97838914334818],[14.131690317843596,55.97838623693859],[14.13170261834531,55.97838464627107],[14.13171603277198,55.978384419372794],[14.132373448136303,55.97840955597892],[14.132387417750783,55.978410916032665],[14.13239980229512,55.978413686804636],[14.132410896443547,55.97841782944651],[14.132420221441304,55.978423165187756],[14.132427374878716,55.978429463770944],[14.13243204805665,55.97843645338828],[14.132434039308233,55.978443832411024],[14.132433213700935,55.97845175247158],[14.132413151662545,55.97852029908703],[14.132347854336917,55.9787409479422],[14.132344387021597,55.97874817594241],[14.132338818133167,55.97875448898789],[14.132331155894155,55.978760073264176],[14.13232169448367,55.97876471437155],[14.13231079715767,55.97876823412168],[14.132298882302225,55.97877049737909],[14.132286407370252,55.97877141724939],[14.132273059913706,55.97877092949531],[14.132132786115209,55.97875799396764],[14.132131652040863,55.97875791244739],[14.13212770191799,55.97875770809357],[14.13212540305623,55.978757681574436],[14.13212135053486,55.97875779724679],[14.132120197482196,55.978757853504504],[14.132052004486603,55.9787625700407],[14.132038634719953,55.978762756190406],[14.132026238023164,55.978761555957995],[14.132014497481826,55.97875902644824],[14.132003863722268,55.978755264749005],[14.131994744889825,55.97875041524205],[14.131987490983432,55.97874466406148],[14.131982058305587,55.97873782653614],[14.13186095464258,55.97853349313511],[14.131860670669024,55.97853305271698],[14.131860278935642,55.978532491396415],[14.131859180224096,55.978531221359006],[14.131857433716629,55.97852955096793],[14.131855437251518,55.9785280327069],[14.131854358882793,55.978527370989596],[14.131851840653754,55.978526118907695],[14.131850539453922,55.9785255974861],[14.13184761008533,55.978524666586424],[14.131846143216032,55.978524308366275],[14.131842931390256,55.978523739541636],[14.131839556500301,55.978523353686455],[14.131837046850391,55.978523180344915],[14.131835939850676,55.9785231530219],[14.131835096310345,55.9785231446019],[14.131753445884064,55.97852352872894],[14.131739326684686,55.97852277055891],[14.13172659567395,55.97852053699523],[14.13171496459842,55.978516879487835],[14.131704935704413,55.978511955973254],[14.131696942053333,55.97850597905591],[14.131690974646332,55.97849877952386],[14.13165029370574,55.97843235896642]]],[[[14.131586732600772,55.979039864528914],[14.131584558621753,55.979032798389376],[14.13158476993174,55.979026054215744],[14.131587230267263,55.9790194509613],[14.131591852931109,55.979013221308335],[14.131598475031206,55.97900758477418],[14.13160686322062,55.97900273997609],[14.13161672192026,55.97899885763247],[14.13162770373431,55.978996074547155],[14.13164015975653,55.97899438890868],[14.13190614109955,55.97897291330196],[14.131919232685675,55.97897256744936],[14.131931432446821,55.97897356486121],[14.13194306670963,55.97897584827501],[14.131953706657999,55.97897933352861],[14.131962960123952,55.97898389216242],[14.131970486042288,55.9789893561541],[14.131976354889328,55.97899591274432],[14.132241584207499,55.97938060910285],[14.132405720538754,55.979619083468755],[14.132409163584997,55.97962592701126],[14.132410214027606,55.97963258941974],[14.132409039461907,55.979639245337125],[14.13240568057835,55.97964566417633],[14.132400253740888,55.97965162356337],[14.132392486792208,55.97965725041178],[14.132079173679568,55.979845110229725],[14.132069298865936,55.979849988685885],[14.132058606892134,55.97985349427116],[14.132046910533345,55.97985578563446],[14.132034645327312,55.97985677745218],[14.132022267994087,55.97985643279196],[14.13201023942912,55.979854764487904],[14.131999007540585,55.97985183466275],[14.131988990570598,55.979847752414564],[14.131980561520974,55.979842669754106],[14.13197403426371,55.97983677594452],[14.131969375701905,55.979829881779345],[14.131783918007773,55.97944725529173],[14.131586732600772,55.979039864528914]]],[[[14.129813120872951,55.98213751610535],[14.129809666494758,55.98212984737971],[14.129809142528858,55.98212241402461],[14.129811366432053,55.982115079670805],[14.129816242838569,55.98210815882622],[14.129823562639645,55.98210194826678],[14.12983301195062,55.98209671431017],[14.129845591720182,55.98209217387181],[14.129845579792566,55.98209216352864],[14.129847230126629,55.982091577851854],[14.129848396073653,55.982091070200354],[14.129850636550145,55.98208988506257],[14.129851607801104,55.982089262206884],[14.129853402600558,55.98208785955353],[14.129854143416216,55.98208714441262],[14.129855426504026,55.98208557585027],[14.129855909630049,55.98208479473435],[14.12985663379857,55.9820831179741],[14.129856841459567,55.98208229962221],[14.12985698006541,55.98208057635534],[14.129856818580613,55.98207880945999],[14.129856534371795,55.98207752463197],[14.129856337260405,55.982076966799596],[14.129856169412859,55.98207654525678],[14.129739304264685,55.98181302414541],[14.129737366815878,55.98180621734241],[14.129728392030838,55.98173721353905],[14.129728830271699,55.981729313670385],[14.129731967778989,55.981722089242304],[14.129737696182646,55.98171538083606],[14.129745770138502,55.981709475767225],[14.129755843844684,55.981704626945024],[14.129767485852188,55.981701042040484],[14.129780197543477,55.98169887459191],[14.129794269627004,55.98169817596786],[14.130311821614345,55.981702562962994],[14.130324441978395,55.981703330257226],[14.130335870549185,55.98170526929748],[14.130346459917485,55.981708358506054],[14.130355843987104,55.98171249108266],[14.130363698331195,55.98171752415577],[14.130369751408358,55.98172328372168],[14.130374048535838,55.98172996659018],[14.13052121472254,55.9820494485098],[14.130521437043928,55.982049885208234],[14.13052175088567,55.98205044739693],[14.130522653676547,55.98205171658508],[14.130524123153146,55.98205339801181],[14.13052584404665,55.98205494634729],[14.130526793908107,55.98205563411486],[14.130529037637807,55.98205695644967],[14.130530215930523,55.982057522902885],[14.130532890273276,55.98205856488561],[14.130534248567509,55.98205898674239],[14.13053724360324,55.98205970554578],[14.130538726069302,55.9820599654666],[14.130541918694592,55.98206033154602],[14.130543464400045,55.98206041884771],[14.130546723391754,55.98206041715659],[14.130550042206227,55.98206022622934],[14.130552449369917,55.98205998308136],[14.130553487598895,55.98205983180478],[14.130554271841511,55.98205970556052],[14.130581055807502,55.98205497897814],[14.130581776813237,55.98205484114882],[14.130582718479646,55.98205464707664],[14.130584800257791,55.98205412128553],[14.130587547880715,55.982053291145675],[14.13059007685804,55.98205234388016],[14.130591207673751,55.98205182726764],[14.130593372193525,55.98205063031161],[14.130594308694514,55.982050003720495],[14.130596031167189,55.98204859998014],[14.130596739786649,55.982047885869484],[14.130597958470437,55.982046325661855],[14.13059841380668,55.982045549630094],[14.130599085017154,55.982043888881854],[14.130599270748922,55.98204307874555],[14.130599370426511,55.98204137698663],[14.13059917679038,55.98203963334808],[14.130598873552573,55.98203836681755],[14.130598669995518,55.98203781706166],[14.13059849780513,55.9820374018229],[14.130462392275373,55.981741246928244],[14.130460367053251,55.98173404905891],[14.130460794934107,55.981727198596445],[14.130463540314246,55.98172051824618],[14.130468503280357,55.981714251125005],[14.13047550321512,55.981708625311015],[14.130484285370512,55.98170384554337],[14.130494530138852,55.98170008577108],[14.130505864684292,55.98169748282271],[14.13051863327892,55.98169604628618],[14.130620243203209,55.98169017481647],[14.130620383941409,55.9816901663334],[14.130620762005645,55.98169014260283],[14.130621032512229,55.9816901243235],[14.13062177209593,55.98169007078488],[14.130621953726441,55.98169005704717],[14.130750539423076,55.981679913395624],[14.130750577603894,55.981679910357514],[14.13092067049261,55.9816662592269],[14.13092087380419,55.98166624216657],[14.130921465979174,55.98166619030753],[14.130921837595423,55.98166615526215],[14.130922747714656,55.981666063282375],[14.13092298338898,55.9816660384473],[14.131020810087472,55.98165530619907],[14.13103363105156,55.98165459275127],[14.131045702883055,55.98165520125867],[14.131057355408194,55.981657067772396],[14.131068173637543,55.98166012581908],[14.131077772293724,55.981664266490284],[14.131085809532623,55.98166934232149],[14.131091999117645,55.9816751725434],[14.131096380231094,55.98168195121252],[14.13122132737719,55.9819529307234],[14.131301980271427,55.98212827621492],[14.131302085666329,55.98212849399386],[14.131302471363258,55.98212925308592],[14.131302711277327,55.98212968386553],[14.131303164543494,55.9821304311803],[14.131303298911472,55.98213064390946],[14.131359310839489,55.982215901052264],[14.131438478177241,55.98233638475266],[14.131438766276524,55.98233679226047],[14.131439168704754,55.98233732327556],[14.131440240700625,55.98233849201732],[14.131441909444796,55.98234002432086],[14.131443789533584,55.982341423329856],[14.131444801414322,55.982342040654444],[14.131447130281714,55.98234320943043],[14.13144833673767,55.98234370541037],[14.131451026169175,55.98234459968158],[14.131452381503188,55.98234495553026],[14.131455329627226,55.982345541423],[14.13145678249617,55.98234574366018],[14.131459877640383,55.982345998981465],[14.131461373016908,55.98234603994762],[14.131464497943226,55.98234595502642],[14.131467671088807,55.982345693981486],[14.131469963037423,55.98234540845738],[14.131470950299242,55.98234524231121],[14.131471694690202,55.98234510588816],[14.13155853858575,55.98232786844486],[14.131559280862966,55.98232770944719],[14.131560247891915,55.98232748682024],[14.131562377918119,55.9823268896382],[14.131565169896122,55.98232595603042],[14.131567720580664,55.98232489882057],[14.131568844432064,55.98232432871115],[14.131570974028985,55.9823230116992],[14.131571875711105,55.982322329152986],[14.131573501174042,55.98232080369764],[14.13157414552624,55.982320035330005],[14.131575203467573,55.982318360918796],[14.131575565360594,55.982317536695355],[14.131576014524153,55.982315778624994],[14.131576079846187,55.98231493068653],[14.131575902716381,55.98231315751554],[14.131575401443635,55.98231135953832],[14.131574860830336,55.98231006140108],[14.13157454873255,55.98230950304521],[14.131574292830264,55.982309082058464],[14.131441756298635,55.98210753423431],[14.131439586322692,55.98210363846702],[14.131293970184428,55.981786764154904],[14.131240711887882,55.98167093293771],[14.131238636551844,55.98166323144543],[14.131239351945743,55.981655915973086],[14.131242705182292,55.98164883381523],[14.131248556804392,55.98164227950733],[14.131256663451452,55.981636525632396],[14.131266687980512,55.98163181148452],[14.131278213487546,55.98162833311727],[14.13129155204824,55.98162610286486],[14.13173172603615,55.98157918242449],[14.131744941292332,55.981578508227166],[14.131757357543059,55.98157923148114],[14.131769289144616,55.98158128489063],[14.131780285297658,55.981584590873915],[14.131789930545713,55.9815890245244],[14.131797860471742,55.981594418330054],[14.131804148236816,55.98160095609343],[14.131887258599967,55.98171207781342],[14.131890575240822,55.981717597971226],[14.13195402471168,55.98185532484387],[14.132029906939628,55.98202058622568],[14.13202991554298,55.98202060487961],[14.132043536077193,55.982050006924375],[14.132044735321488,55.982053084222954],[14.132194944559346,55.982526326716005],[14.132195991505949,55.982533452070705],[14.132194726319685,55.98254014050086],[14.132191255357197,55.98254657986732],[14.132185350341214,55.98255292024582],[14.132164386448666,55.98257105549182],[14.132153856040814,55.98257812336383],[14.13214060895319,55.98258357659304],[14.132069340483563,55.982606066302],[14.13205829172828,55.98260886129948],[14.132047229648588,55.98261042070608],[14.132035848945344,55.98261086082782],[14.132023794843498,55.982610124167614],[14.131743990461674,55.98257876416566],[14.131743724796102,55.9825787356885],[14.131615933946943,55.9825656600875],[14.13161422688649,55.98256547352721],[14.130512868120418,55.982437394685284],[14.130506224854786,55.98243643618607],[14.1303522017135,55.982409796234855],[14.130340366685306,55.98240704484604],[14.130330293741004,55.982403338021456],[14.130321636550892,55.98239864334821],[14.130314700167013,55.98239312625219],[14.13030972900523,55.98238698113866],[14.130306719934342,55.98238001156975],[14.130291534977486,55.98232101140021],[14.130291509386776,55.98232091107872],[14.130236649494186,55.982103904136025],[14.130236526910176,55.98210348939274],[14.130236342618604,55.9821029452186],[14.130235769257323,55.98210172651894],[14.130234778215767,55.982100094480934],[14.130233551615408,55.98209856189346],[14.130232842273543,55.98209785983637],[14.130231127782459,55.98209648153663],[14.130230197514438,55.98209586549196],[14.130228054906617,55.98209468953297],[14.130226936146423,55.98209418097925],[14.130224440122605,55.982093248360016],[14.130223171873597,55.98209286502696],[14.13022040945403,55.98209220826191],[14.130219035934013,55.98209196351454],[14.13021610342984,55.98209160550162],[14.130214672523849,55.982091507872454],[14.130211672171454,55.982091461093155],[14.130208597852885,55.98209157414195],[14.130206366004897,55.98209174469749],[14.130205396916166,55.982091857920125],[14.130204665170469,55.98209195344985],[14.13017815783412,55.98209578156449],[14.130177346762897,55.98209591148871],[14.130176289874496,55.98209609771108],[14.130173945214326,55.98209662749179],[14.13017086262664,55.982097487473595],[14.13016802195927,55.98209850064689],[14.13016676997381,55.98209905845999],[14.130164369131714,55.98210038060345],[14.130163352444614,55.98210107214822],[14.130161496872413,55.982102645193514],[14.130160760138411,55.982103440096175],[14.13015953133227,55.98210519495573],[14.130159106907652,55.98210605830516],[14.130158558836657,55.98210791790593],[14.130158357661566,55.982109841705885],[14.130158408983009,55.98211125608366],[14.130158518536428,55.98211187295686],[14.130158623950434,55.98211234124777],[14.130184393864452,55.9822067612808],[14.130185117200325,55.982214112280445],[14.130183413540582,55.982220972106546],[14.130179389057968,55.98222752164075],[14.130173193274347,55.982233517546],[14.130165056382955,55.98223873705426],[14.130155280696094,55.98224298624314],[14.130144229413236,55.98224610724087],[14.13013231312683,55.98224798409174],[14.130119974567473,55.9822485470644],[14.130107672154772,55.98224777524246],[14.130095118839241,55.98224556636555],[14.129884751530913,55.98219563377406],[14.129871675205989,55.98219152915254],[14.129861179291519,55.98218625918763],[14.129852476246764,55.98217942845811],[14.129820616376318,55.98214750396494],[14.129815840108549,55.98214167604947],[14.129813120872951,55.98213751610535]]],[[[14.130875115112252,55.97896400634173],[14.130872902641562,55.97895665083145],[14.130873264685238,55.978949637047414],[14.130876056258186,55.978942796379705],[14.130881170893385,55.978936389719564],[14.130888413526467,55.978930661405855],[14.130897507935286,55.97892582990639],[14.130908107274621,55.97892207948597],[14.130919807304275,55.978919553178905],[14.130932161805982,55.97891834733401],[14.130945489810514,55.97891851806238],[14.131349090187143,55.978945904374164],[14.13136222444722,55.97894754311699],[14.131373799303109,55.97895041081773],[14.131384143795444,55.97895449321241],[14.13139285593742,55.97895963165944],[14.131399597174859,55.97896562647894],[14.131404389732966,55.97897266190078],[14.131477999685867,55.97912417344837],[14.131583080612602,55.97934114176333],[14.131844039563001,55.9798803782076],[14.131846280377454,55.97988798801597],[14.131845774796432,55.979895237374826],[14.13184267636455,55.9799022820974],[14.13183711142875,55.97990883491306],[14.13182930691572,55.97991462860996],[14.131819581078423,55.979919426931694],[14.131808330518384,55.97992303421128],[14.131795237297814,55.97992544644886],[14.131427076820835,55.97997085247426],[14.131414196465446,55.979971734458594],[14.131402017740724,55.97997126643335],[14.13139021730757,55.97996951757858],[14.131379221509116,55.979966551079464],[14.131369427617182,55.97996247411391],[14.131361189479106,55.97995743398042],[14.131354804733409,55.97995161277607],[14.131350233121314,55.979944818135536],[14.131093724661307,55.97941566904345],[14.130990317157037,55.97920195374925],[14.130875115112252,55.97896400634173]]],[[[14.131123604624243,55.978374188407244],[14.131123091376121,55.97836664627688],[14.131125111604165,55.97835963681109],[14.131129555978047,55.97835298648722],[14.131136250936954,55.97834695501064],[14.131144935031598,55.97834177791967],[14.131155269134338,55.97833765738748],[14.131166849682668,55.978334754326944],[14.131179224438812,55.97833318210691],[14.131192709843466,55.978332990778924],[14.131399788034251,55.978341535367825],[14.13141286017178,55.97834279785282],[14.131424514617855,55.97834529375787],[14.131435086257184,55.97834900367911],[14.131444175884551,55.978353787522956],[14.131451440257873,55.97835946464247],[14.131456930550518,55.97836622122095],[14.131664740083323,55.97870634072162],[14.131667854246107,55.978713831264365],[14.131668201268864,55.97872106298448],[14.131665951808722,55.978728186990644],[14.131661197072845,55.978734914426745],[14.131654129849707,55.97874097251624],[14.13164503669233,55.97874611562236],[14.13163428629951,55.978750135207946],[14.131622314566306,55.978752868291146],[14.131609606909718,55.97875420405381],[14.131595863329968,55.97875408103753],[14.131261152702084,55.978732098092436],[14.131248612464775,55.978730595884855],[14.131237495832268,55.978727973173406],[14.13122745203632,55.97872423349878],[14.131218835512133,55.97871950883036],[14.131211950327614,55.97871396589699],[14.131207039453102,55.97870780030304],[14.13120410213881,55.97870081576189],[14.131123604624243,55.978374188407244]]],[[[14.13041310435236,55.980852152504006],[14.130406900661493,55.98084594807578],[14.13040309895224,55.980839607256414],[14.130401463374298,55.98083298211148],[14.130402050585332,55.98082630214555],[14.130404840242383,55.98081979876217],[14.130409735706731,55.98081369724769],[14.130416567391741,55.98080820896704],[14.130425098637689,55.98080352404181],[14.130435659608864,55.98079957053328],[14.13057630901242,55.98075693914946],[14.130588979633227,55.980753977447534],[14.130601654138124,55.98075258237506],[14.130614571263855,55.98075263469975],[14.13062720833317,55.9807541323043],[14.130639054000962,55.980757014589855],[14.130649628945008,55.98076116492783],[14.13065850526118,55.98076641537931],[14.130665323778107,55.98077255349044],[14.13067009139655,55.98077975826198],[14.130678323481616,55.98079751180314],[14.130678494223055,55.98079785233344],[14.130678735749393,55.98079829999526],[14.130679389535532,55.98079929539579],[14.130680980469965,55.980801336915434],[14.130681839146815,55.98080228233836],[14.130682261049577,55.98080268600229],[14.130682590821818,55.98080298774135],[14.13072345646877,55.98083877858228],[14.130723912037892,55.98083915614551],[14.130724533284125,55.98083964390603],[14.13072609642106,55.98084069255075],[14.130728416563164,55.980842028268846],[14.1307309070016,55.98084319799931],[14.130732189191304,55.98084368567511],[14.130735049450056,55.9808445510612],[14.130736480835207,55.98084488439132],[14.130739593868691,55.98084541002021],[14.130742861952067,55.98084576504897],[14.130745286220494,55.9808459228145],[14.130746355899973,55.98084594665203],[14.130747170049439,55.980845953248576],[14.13080003475297,55.980845632370254],[14.13080085330272,55.98084561572553],[14.130801927976544,55.98084557851466],[14.130804359695144,55.98084538921795],[14.130807631036882,55.98084499012894],[14.130810739491974,55.98084442033473],[14.130812163680627,55.98084406590379],[14.130815001603803,55.980843155851616],[14.130816268060363,55.980842647458665],[14.130818717934904,55.98084143483319],[14.130820986855703,55.980840057296334],[14.13082250785017,55.98083897905526],[14.130823108403298,55.98083847906208],[14.130823547786864,55.98083809231845],[14.130866135530491,55.98079840827045],[14.130866552530188,55.98079799541305],[14.130867074397884,55.98079744535582],[14.13086808444131,55.980796141193416],[14.130869204902226,55.98079430970475],[14.130869957708722,55.98079246357506],[14.130870367888535,55.98079054142797],[14.13087046877524,55.980789121223545],[14.130870424950077,55.9807884989633],[14.130870369258979,55.980788025773286],[14.130868389528159,55.98077603620901],[14.130868520844503,55.9807682891353],[14.130871270511792,55.980761165554895],[14.130876533170447,55.98075449899597],[14.1308840922611,55.98074856378711],[14.130893636726752,55.980743604161724],[14.130904773812839,55.980739824207916],[14.130917819164216,55.98073722528536],[14.131149731550812,55.980705406357814],[14.131162579742755,55.98070435487741],[14.131174782615394,55.980704663928016],[14.131186660180026,55.980706260013505],[14.131197782765032,55.98070908539543],[14.131207748009997,55.980713037865414],[14.13121619542108,55.980717974442555],[14.13122281941185,55.98072371654579],[14.131227667692366,55.98073045586092],[14.131245879509445,55.980764926065255],[14.131246109626984,55.98076532685965],[14.131246411987696,55.98076581401492],[14.13124731924185,55.980766995500055],[14.131248795844927,55.98076859273369],[14.131250473255795,55.980770045261934],[14.13125139268762,55.98077069465511],[14.131253536011638,55.98077194070566],[14.131254660609306,55.98077247963683],[14.131257190595223,55.98077347313595],[14.131258478774647,55.98077388167725],[14.131261301873122,55.98077458588892],[14.131266718814727,55.980775600682406],[14.131267462450237,55.980775728880594],[14.131277132763723,55.98077725361825],[14.131288131078847,55.980780354187814],[14.13129786932714,55.98078457227508],[14.131305989403762,55.98078975276846],[14.131312192708435,55.98079570516562],[14.131316251126057,55.98080221057906],[14.13131801541522,55.980809029785014],[14.131317420696423,55.980815912020475],[14.131314304109923,55.98082302586019],[14.131113744098935,55.98114390305701],[14.131054020457663,55.981239269768416],[14.131053780510213,55.98123968492574],[14.131053488455025,55.98124023552366],[14.13105298808927,55.98124151315428],[14.131052533206685,55.98124328172483],[14.131052390366563,55.9812450226126],[14.131052466641313,55.98124585580876],[14.131052926638548,55.981247579423204],[14.13105328871818,55.98124838874532],[14.131054334279263,55.98125003036198],[14.131054968567023,55.98125078541843],[14.131056560429624,55.98125228339222],[14.131057443107524,55.98125295583001],[14.131059521495144,55.98125425390998],[14.131061872902482,55.981255463038465],[14.131063704633123,55.981256275759115],[14.131064553225206,55.98125659896696],[14.131065208360747,55.98125683568746],[14.131400279075034,55.98137155940842],[14.131400973958554,55.98137178418096],[14.13140190084203,55.981372066963964],[14.131404093463237,55.98137262116817],[14.131407178637174,55.98137325011076],[14.131410285010519,55.981373693044205],[14.13141353190699,55.98137396698284],[14.131415931193848,55.981374067532414],[14.131416986939962,55.98137406744965],[14.131417789356446,55.98137405617506],[14.131563036685929,55.98136998324558],[14.131576998258724,55.98137039370352],[14.13158971537301,55.98137226859374],[14.131601483043818,55.98137555362997],[14.131611807681473,55.9813801110229],[14.131620256223188,55.98138574961478],[14.131626474297727,55.98139223289737],[14.131630436172559,55.981399734021274],[14.131664869210507,55.9815028244801],[14.131666025515104,55.98151031522847],[14.13166462476792,55.981517344478014],[14.1316607898147,55.981524084009855],[14.131654669266398,55.98153027265348],[14.131646500305658,55.981535670586425],[14.131636599495701,55.981540068627716],[14.131625350512852,55.98154329634414],[14.131612422698247,55.98154535045763],[14.131228435708575,55.98158402747972],[14.131216046009882,55.981584631529955],[14.131204399248091,55.98158400749634],[14.131193148037008,55.98158221186108],[14.131182665687765,55.981579304202725],[14.131173300000667,55.981575380996276],[14.131165361725353,55.9815705724123],[14.13115872092659,55.981564689566405],[14.130804819764176,55.98117691404401],[14.130782757235895,55.98115273198233],[14.13078250972083,55.98115247134124],[14.130781617757226,55.98115156816431],[14.130781077548074,55.98115106121068],[14.130780081616113,55.981150192711716],[14.130779789504018,55.981149946945344],[14.13041310435236,55.980852152504006]]],[[[14.130561329440651,55.97834934702381],[14.130560267414129,55.978341590863245],[14.130561931303728,55.978334332963335],[14.130566189070043,55.97832741424322],[14.130572864076512,55.978321121728904],[14.130581679406692,55.978315716467904],[14.130592269352436,55.97831142269954],[14.13060419458543,55.978308418552366],[14.130616960382847,55.978306828654496],[14.130630861939554,55.97830671204486],[14.13097856719208,55.978323684672475],[14.130991462416707,55.97832502163368],[14.131002939571616,55.978327554041094],[14.13101333941676,55.97833126767698],[14.131022278118282,55.97833602547991],[14.13102942576933,55.97834165185067],[14.131034518566107,55.978347939133165],[14.131037548118803,55.97835507845638],[14.131121656929524,55.97869666643869],[14.13112217555149,55.97870414380974],[14.131120202796962,55.978711096051036],[14.131115845139284,55.97871769965196],[14.1311092698463,55.97872370113278],[14.131100729310239,55.97872887012615],[14.131090551359746,55.97873300821974],[14.131079126676257,55.978735956572294],[14.131066122763873,55.97873770572223],[14.130788634227178,55.97875923830752],[14.130775652470374,55.97875954718262],[14.130763562897073,55.97875853787771],[14.130752034097874,55.978756265262426],[14.130741483723094,55.97875281166612],[14.130732293977646,55.97874830220118],[14.130724797774997,55.97874290023058],[14.130718918220145,55.97873641722913],[14.130660876289976,55.9786537359343],[14.130657019565385,55.97864612787066],[14.130561329440651,55.97834934702381]]],[[[14.128908311122286,55.98097393246245],[14.128908130946723,55.98096680470918],[14.128910191425248,55.98096019841816],[14.128914410116526,55.980953921372226],[14.12892064008549,55.980948192196514],[14.128928664345954,55.98094321043405],[14.128938203418132,55.980939149596054],[14.128948925062861,55.98093615111845],[14.128960455853077,55.98093431943593],[14.128973146057474,55.98093368048782],[14.129360730968406,55.98093448115012],[14.129361589625287,55.98093447008508],[14.12936271566245,55.98093443871872],[14.12936526817431,55.98093425215754],[14.129368695260883,55.98093384336629],[14.12937195386737,55.98093324540545],[14.1293734361453,55.98093287126961],[14.129376393870821,55.98093190019101],[14.129379209596967,55.980930733258816],[14.12938114876145,55.98092978609399],[14.129381935965945,55.98092933454689],[14.129382519023366,55.98092898171458],[14.129490604063554,55.98085996360877],[14.129500628963887,55.98085473100501],[14.129511627075065,55.98085096230523],[14.129523749420986,55.98084849914336],[14.129536507037049,55.980847440872935],[14.12954938533474,55.98084783018017],[14.129561864857898,55.980849651362014],[14.129574172267223,55.98085303145486],[14.129637058962418,55.98087493897887],[14.129646914408077,55.98087910923062],[14.129654770383963,55.98088390321972],[14.129660953233108,55.98088941089183],[14.129665260431986,55.98089545184003],[14.129667695082562,55.98090222958911],[14.129696401398212,55.98105075902338],[14.129696437692347,55.981050931257236],[14.129696550182219,55.98105142415701],[14.129696633120739,55.98105174221799],[14.129696867502227,55.981052540858705],[14.129696931713983,55.981052744923836],[14.129708706333481,55.98108779499699],[14.129708888771265,55.981088267680505],[14.1297091579286,55.98108888420691],[14.129709973383871,55.98109025986574],[14.129711349158965,55.9810920758677],[14.12971302926301,55.981093762440224],[14.129715066200914,55.98109537229026],[14.129716728481752,55.9810964839069],[14.129717524119785,55.98109693627534],[14.129718146709507,55.98109727171861],[14.129764696791497,55.98112103629571],[14.129765185387846,55.981121275790805],[14.129765842379154,55.98112158492583],[14.129767406221095,55.98112223449999],[14.129770831142965,55.98112348448368],[14.129772523930052,55.98112402347191],[14.129773294377745,55.9811242353051],[14.129773883047065,55.98112438897645],[14.130038126399615,55.98118976474252],[14.130039928994517,55.981190227345735],[14.13004287115006,55.981191009883965],[14.130043275088363,55.98119111351611],[14.13009389910828,55.981203630444625],[14.130094475801444,55.981203765595644],[14.130096507155171,55.9812042158784],[14.130097686530636,55.98120444804704],[14.13009977429268,55.98120480864223],[14.130100375190546,55.98120490530856],[14.130184478288712,55.98121744949976],[14.130185132908219,55.98121753895947],[14.130187431182478,55.981217824619605],[14.130188757639242,55.9812179571241],[14.13019109060141,55.981218134094675],[14.13019176010823,55.9812181769067],[14.130323311613811,55.981225029553016],[14.130323997402968,55.98122505701426],[14.130326396312633,55.98122512426271],[14.130327771048979,55.9812251298694],[14.130330171456587,55.98122508219435],[14.13033085788873,55.98122506032955],[14.130448922840786,55.981219880326485],[14.130449171359912,55.98121986966377],[14.130526445735091,55.98121662909417],[14.13052686138532,55.981216608625125],[14.130528312479436,55.98121652653344],[14.130529139932488,55.98121646755254],[14.130530581831158,55.981216343426134],[14.130530993227326,55.98121630494773],[14.13061824683892,55.981207491473526],[14.130630640771468,55.981206884000116],[14.130642292409402,55.98120750574755],[14.130653548930686,55.98120930009056],[14.130664036556858,55.9812122074471],[14.130673407040875,55.98121613127698],[14.130681349230628,55.981220941287354],[14.130687992896664,55.98122682632227],[14.13099211456466,55.981560057466375],[14.130997198184717,55.98156742193366],[14.130999332059789,55.98157475140103],[14.130998726699548,55.98158216972898],[14.130995407969762,55.98158935992901],[14.130989517679902,55.98159601476039],[14.130981307523768,55.98160184985886],[14.13097112832467,55.98160661588758],[14.130959415044641,55.98161010919158],[14.130945863997498,55.981612311179205],[14.13063030223369,55.981644278100866],[14.130622947577958,55.98164480702755],[14.130508177020868,55.98164973286079],[14.130327549591815,55.98165749869484],[14.130315378215704,55.981657447269626],[14.130059078520553,55.98164424670021],[14.130047043922298,55.981643046423514],[14.129847081713358,55.98161316260176],[14.129836489200954,55.98161107462996],[14.129354309188347,55.981491744889034],[14.12934467017171,55.98148882085562],[14.129335991955028,55.981485071395596],[14.129297653702118,55.981465566249746],[14.1290467082381,55.98133762591093],[14.129037082356637,55.98133155079748],[14.129029969328453,55.9813244746053],[14.128989750044795,55.98127210331597],[14.128985101405867,55.98126354531633],[14.128935951940978,55.98111600183831],[14.128935145828569,55.98111293317228],[14.128908311122286,55.98097393246245]]],[[[14.129720785542757,55.98080786254817],[14.129719590073076,55.980800471234076],[14.129720890160415,55.98079352769583],[14.129724565844446,55.98078685590148],[14.129730478345207,55.980780707750654],[14.12973840442995,55.98077531537229],[14.129748044841683,55.98077088236034],[14.129759728244576,55.98076736772274],[14.130001047753394,55.98071091522816],[14.130013685002284,55.98070873563532],[14.130026056625852,55.9807080060117],[14.130038447575279,55.98070862452409],[14.130050392917727,55.98071056796467],[14.13006144444031,55.98071376341171],[14.13007118746771,55.98071809096573],[14.130079764907801,55.98072372207025],[14.130566979501133,55.98111475054248],[14.130573614291949,55.98112140439079],[14.130577510629125,55.981128232161275],[14.130578906956645,55.98113535676685],[14.130577747703272,55.981142494668546],[14.130574079002628,55.98114936179814],[14.130568046857412,55.981155684863076],[14.130559891329108,55.98116121222304],[14.130549936984325,55.98116572390439],[14.130538579978001,55.98116904035466],[14.130525496296508,55.98117115500789],[14.130522450128987,55.98117146745484],[14.130514958146769,55.98117201149671],[14.130334127977058,55.98117979908563],[14.130321987276488,55.98117975009392],[14.130208573343864,55.98117394404712],[14.130196533164144,55.98117274681918],[14.130129523371348,55.981162751916315],[14.13011888527581,55.981160655995396],[14.129823454760512,55.98108750816944],[14.129813927182477,55.981084623392114],[14.129805334970799,55.981080931927835],[14.129803558747383,55.98108003491928],[14.12979524613314,55.98107501042281],[14.129789059635367,55.98106957834347],[14.129784705758853,55.98106361565854],[14.129782174479667,55.9810569172706],[14.129743375677588,55.98087477233738],[14.129743340883397,55.980874620063865],[14.129743234154391,55.980874182686065],[14.129743157586098,55.98087390203563],[14.129742945943457,55.980873200693054],[14.12974288836361,55.98087302101341],[14.129720785542757,55.98080786254817]]],[[[14.129385547788779,55.980282533862145],[14.1293866947286,55.98027537230671],[14.129390011362583,55.98026886762095],[14.129395448123171,55.980262825941765],[14.12940281235013,55.98025746136455],[14.129411843081016,55.98025296399067],[14.129422220298823,55.98024949319081],[14.12943357627231,55.9802471719575],[14.129446260186342,55.98024601392633],[14.129531244532114,55.98024279968866],[14.12954544517557,55.98024309201633],[14.12955841175667,55.98024490836506],[14.129570425198624,55.98024818737011],[14.129580964872565,55.98025278692873],[14.129589574018157,55.98025850770902],[14.129595879538211,55.98026510178835],[14.129599326463186,55.98027174081444],[14.12959976844581,55.980272473051556],[14.129601431350013,55.98027488128254],[14.129602407419592,55.98027604124113],[14.129602900062231,55.980276532439035],[14.1296032898806,55.98027690033272],[14.129626337691278,55.98029751793902],[14.129626809218117,55.98029791584872],[14.129627452870325,55.98029842890117],[14.129629084086524,55.980299530990436],[14.129631511488983,55.98030092798103],[14.129634132102707,55.98030214631365],[14.129635478124321,55.98030264743335],[14.129638498858062,55.98030352935708],[14.129640003432323,55.980303860488156],[14.129643288559551,55.98030436637665],[14.129646725126818,55.98030468141182],[14.129649273945542,55.98030479971219],[14.129650394303741,55.98030480167448],[14.129651247396586,55.98030479049639],[14.129749280482082,55.9803020478829],[14.129763826271587,55.980302511953376],[14.129777031063695,55.98030456307954],[14.129789157001511,55.98030813537077],[14.129799651636445,55.98031306607622],[14.129808566195571,55.98031951340546],[14.129983254974894,55.980478388838016],[14.129988989816171,55.98048493103116],[14.129992197593507,55.980491546679396],[14.1299931014539,55.98049838275495],[14.129991668501026,55.980505190465564],[14.12998795088462,55.980511722051155],[14.129982083902712,55.980517739800824],[14.129973789484865,55.9805233576631],[14.129938909761076,55.980542850702626],[14.129938402199253,55.98054314762575],[14.12993780759531,55.980543511768985],[14.129936407316526,55.98054450049153],[14.129934615460416,55.98054596624716],[14.129933144312396,55.980547454512546],[14.129932562364068,55.98054820264148],[14.129931618320406,55.98054981924759],[14.129930934343953,55.9805515218115],[14.12993059327981,55.98055278382627],[14.129930514135111,55.98055334286592],[14.129930472021108,55.980553767984574],[14.129929221825975,55.98057583009116],[14.129929216853492,55.980576291675014],[14.129929238147627,55.98057689821405],[14.129929476758189,55.98057827531926],[14.129930059254937,55.98058013328043],[14.129930958061639,55.98058190669441],[14.129931538491205,55.98058272217227],[14.129933064705469,55.98058435580556],[14.129935727610354,55.98058660859147],[14.129936752316608,55.98058738205596],[14.129941473583374,55.980590573355215],[14.129947456357407,55.9805967745347],[14.129951160623342,55.98060350977058],[14.129952443885465,55.98061051997395],[14.12995125677832,55.98061753547845],[14.129947644965895,55.98062428641367],[14.129941747385226,55.98063051308635],[14.129933790901976,55.9806359759704],[14.129924081583553,55.98064046492082],[14.12991229399883,55.98064401792756],[14.12968750081191,55.98069659052922],[14.129674132925114,55.98069885068661],[14.129661048027199,55.98069950057343],[14.129648000547343,55.98069864709824],[14.129635536534426,55.980696325979686],[14.129624177618494,55.98069263435871],[14.12961378237667,55.98068741717019],[14.129474005145621,55.980601278357554],[14.129466955966961,55.9805961115239],[14.129461892992794,55.98059069175631],[14.129458335120146,55.98058450404877],[14.129388464900156,55.98041453553759],[14.129386626057514,55.98040566618914],[14.129385547788779,55.980282533862145]]],[[[14.129106410138654,55.982025812134076],[14.12910047345917,55.98201868619091],[14.129097460780597,55.98201148541728],[14.129097127713823,55.982003625688726],[14.129113703444476,55.981887090367046],[14.129115245223486,55.981881510429176],[14.129118240120883,55.98187611854881],[14.12916503427149,55.98180965875465],[14.129171567399215,55.98180262468401],[14.129180555409828,55.98179649668505],[14.129255537953709,55.9817550246759],[14.129264640262464,55.981750796607265],[14.129274302584866,55.98174770549838],[14.129285432371613,55.98174546104327],[14.129306779236044,55.98174229400402],[14.129320501863656,55.98174107647783],[14.129333557458743,55.98174141711361],[14.129338913164744,55.98174218374061],[14.129342041239479,55.981742451624356],[14.129345202505995,55.98174237147945],[14.129348274452132,55.98174194641182],[14.129351138027276,55.981741192894624],[14.129353682256063,55.981740140129745],[14.129359544298998,55.98173717305777],[14.129369990214977,55.98173363062616],[14.129382167710256,55.9817311092712],[14.12956666386267,55.981703736958906],[14.12957981948357,55.981702538255554],[14.129592350890926,55.981702777421596],[14.129604560396004,55.98170437427042],[14.129615982594874,55.9817072679331],[14.129626182094004,55.9817113481085],[14.129634770106609,55.981716459267766],[14.12964141927246,55.981722406582705],[14.129645876136326,55.981728963352346],[14.129648102827982,55.98173631554978],[14.129651786769012,55.98176568163071],[14.129651303504776,55.981773616187255],[14.129648100431343,55.98178086595809],[14.129642287286579,55.98178758857345],[14.129634115286626,55.98179349351279],[14.129623937586986,55.981798325591626],[14.129612194020837,55.98180187598952],[14.12959939209144,55.98180399127434],[14.129585245405835,55.98180461718195],[14.12939705388856,55.98180196226453],[14.12938416324232,55.98180108937471],[14.129384090344475,55.98180107626897],[14.129381049780246,55.981800706590946],[14.129377938873438,55.98180067155858],[14.129374874181485,55.98180097248442],[14.129371970530274,55.981801598093604],[14.129369336711935,55.98180252494619],[14.129367918727311,55.9818032719452],[14.12936789872144,55.981803259939184],[14.129363056859871,55.98180578517774],[14.129360993407012,55.98180709257316],[14.129360118776479,55.98180776905051],[14.12935854520588,55.9818092746874],[14.129357920421295,55.981810032892916],[14.1293568959172,55.98181168014219],[14.129356143209089,55.981813418023506],[14.129355759158454,55.981814709258565],[14.129355743817534,55.981814802236585],[14.129355675843135,55.98181565644205],[14.12935567611416,55.98181570588505],[14.129355839487236,55.98181695750746],[14.129356275951693,55.98181865673543],[14.1293569743342,55.98182028266512],[14.129357438211965,55.98182104296792],[14.129358662579001,55.98182256845427],[14.129359370038383,55.98182326756606],[14.129361078057844,55.981824639865835],[14.12936200464015,55.981825253616655],[14.129364137259003,55.981826425283835],[14.129365250928187,55.981826932453224],[14.129367734411115,55.981827862977354],[14.129370431639748,55.98182868149943],[14.129372473227765,55.981829201442125],[14.129373396896248,55.98182939439146],[14.129374103790656,55.98182953165774],[14.129653822386096,55.98187979826346],[14.129666507060259,55.98188290274214],[14.129677140589115,55.98188710988223],[14.129686038116407,55.98189243080805],[14.12969283365777,55.981898646652986],[14.129697526073569,55.98190593407538],[14.129755930647795,55.98203707555209],[14.12975791590053,55.982045004897515],[14.129756962524578,55.982052517449304],[14.12975323027136,55.98205975368413],[14.12974688319269,55.98206639552931],[14.129738200276927,55.982072151038516],[14.129727563186005,55.98207676722484],[14.129714674385184,55.98208024779131],[14.129644353453502,55.98209437207994],[14.129631843071461,55.98209615911246],[14.129619718773483,55.982096570573574],[14.129607672823678,55.9820956976471],[14.129595409313684,55.98209343762428],[14.129350226627286,55.98203334390155],[14.129349457905473,55.98203316858083],[14.12934845868663,55.982032957354434],[14.129346056358834,55.982032565982514],[14.129342695238334,55.98203217410698],[14.129339369609015,55.982031984990805],[14.129337780205741,55.982031987537404],[14.129334456566653,55.98203218730738],[14.129332902472092,55.98203237370306],[14.129329724546578,55.982032953720555],[14.129328272958604,55.98203331590567],[14.129325378166342,55.98203425108957],[14.12932409185901,55.98203477340153],[14.129321605378825,55.98203602331196],[14.129319313617932,55.98203744270194],[14.129317782193159,55.98203855460916],[14.129317181002488,55.98203906977657],[14.12931674177977,55.98203946845744],[14.129315805072977,55.98204037047101],[14.12931538048146,55.982040806636604],[14.1293148521742,55.98204138694358],[14.129313845028111,55.982042764622406],[14.1293127576772,55.982044694327804],[14.129312071220333,55.98204663961153],[14.129311766162273,55.98204865571942],[14.129311761902981,55.98205014416479],[14.12931185637686,55.98205079325658],[14.129311952830173,55.982051286970474],[14.12931637524788,55.982069302391835],[14.129316886591576,55.98207679524579],[14.129314896812447,55.98208376055805],[14.129310512920151,55.982090374151745],[14.129303903879977,55.982096381122005],[14.12929532442046,55.982101549944616],[14.129285105215564,55.9821056813998],[14.129273640139738,55.9821086162504],[14.129261371086889,55.982110241379566],[14.129248770938503,55.98211049415058],[14.129236325337553,55.98210936482096],[14.129223769478573,55.98210674136165],[14.12919798542104,55.98209967063674],[14.129186843474502,55.982095834158144],[14.12917778493888,55.98209117279947],[14.12917002193489,55.98208528113258],[14.129106410138654,55.982025812134076]]],[[[14.128655829739953,55.98031415281247],[14.12865405961673,55.98030683376326],[14.128654794119273,55.98029989800745],[14.128657900848287,55.98029317101512],[14.128663263634595,55.98028690432453],[14.128670681949924,55.98028133226206],[14.128679878405267,55.98027666318011],[14.12869050912316,55.9802730716666],[14.128702176596121,55.980270692016475],[14.12871521762502,55.98026954522856],[14.129236014452573,55.98025231421886],[14.129249825316663,55.9802526416534],[14.12926243958617,55.980254407636096],[14.129274159335335,55.980257559177325],[14.129284503992274,55.98026196704727],[14.129293049370792,55.980267450499944],[14.129299445064206,55.98027378468469],[14.129303428813916,55.98028070986619],[14.129304926089038,55.980288398182324],[14.12930650546722,55.980412749268524],[14.129306535273262,55.98041323648704],[14.129306720955746,55.980414928495016],[14.129306923568038,55.980415902474604],[14.129307449013519,55.98041761087069],[14.129307622360097,55.98041809466035],[14.129328227170225,55.980468397530764],[14.129386782682188,55.98061104051268],[14.129386949590158,55.98061141086912],[14.129387188466161,55.98061189711695],[14.129387855479072,55.980612979758696],[14.129388937361256,55.980614428944506],[14.129390198388021,55.980615782137754],[14.12939170265425,55.98061710811788],[14.12939290730439,55.980618033935926],[14.129393483104195,55.9806184219069],[14.12939393027579,55.980618710512346],[14.129484931799869,55.98067498276627],[14.129493422043451,55.9806815026972],[14.12949892755132,55.98068843723206],[14.129501706738068,55.98069586405062],[14.129501631110683,55.98070393069518],[14.129497779853887,55.98072325228738],[14.129494727435839,55.9807310460382],[14.129489196232903,55.9807378834153],[14.129481246481523,55.9807439286031],[14.129478270294271,55.98074541030725],[14.129476051405094,55.98074676657959],[14.129475977178037,55.980746836427095],[14.129472770085282,55.98074866485634],[14.129472142770783,55.98074904366949],[14.12932884147862,55.98084072300386],[14.129318145737292,55.980846246724084],[14.129306344751958,55.98085013086785],[14.129293340050543,55.98085252680489],[14.129278863388611,55.9808533760073],[14.129232398062722,55.980853314680765],[14.129219103043141,55.98085256550132],[14.129207081258407,55.980850511249116],[14.129196004995238,55.980847186205025],[14.129186298597952,55.980842717755415],[14.129178333929366,55.98083727709173],[14.129172416124277,55.980831072652094],[14.129168771899437,55.9808243421355],[14.129167463277788,55.980816902274974],[14.129167456867917,55.98076438171358],[14.129167437827313,55.98076394473173],[14.129167390620763,55.98076340259797],[14.129167099580838,55.980762082295385],[14.129166453163883,55.98076026781757],[14.129165521526657,55.98075855979054],[14.12916493394149,55.98075777269228],[14.129163417444786,55.98075620132759],[14.129162563463352,55.98075549470223],[14.129160521902989,55.98075412195917],[14.129159435197305,55.980753523668625],[14.129156949073232,55.98075240367516],[14.129155672494482,55.98075193731108],[14.129152839834846,55.98075111422851],[14.129151423714434,55.98075079817836],[14.1291483562113,55.980750304461004],[14.1291451394463,55.98074997572578],[14.129142757248704,55.980749833807664],[14.129141706446397,55.98074981528474],[14.129140907250308,55.98074981231817],[14.12889345045183,55.980752335882805],[14.128880279082596,55.98075175478929],[14.128868308775502,55.9807498830806],[14.128857207063337,55.980746756413296],[14.128847389757203,55.98074249189577],[14.128839224560776,55.98073724925419],[14.128833017298145,55.98073122485006],[14.128828747331585,55.9807242296427],[14.128757252579726,55.98055505319118],[14.128655829739953,55.98031415281247]]]]}},{"type":"Feature","properties":{"color":"#6099C5","district":"Östersjön"},"geometry":{"type":"MultiPolygon","coordinates":[[[[14.140482142293303,55.98338543517423],[14.140468689217915,55.983386239297566],[14.140456015818668,55.98338558475421],[14.14044382200697,55.98338354493734],[14.14043258667185,55.983380199957],[14.140422751059715,55.983375681180995],[14.140414701445112,55.98337016607572],[14.1404087539605,55.983363871236456],[14.140405142180844,55.98335704388091],[14.140404007950519,55.98334995214019],[14.1404054833064,55.983342428341885],[14.14056529282289,55.98291989269944],[14.140569771432904,55.982912195483415],[14.1405766172527,55.982905614653234],[14.140585788618377,55.9828999888672],[14.14059687347409,55.98289557088297],[14.140610162825356,55.982892369093015],[14.140707054726496,55.982875573215395],[14.140718975407998,55.982874144235716],[14.140731160321524,55.982873924001154],[14.140939250883633,55.98288057789382],[14.140952463592088,55.98288173433892],[14.140964275344333,55.98288415687426],[14.140975016322805,55.98288782111305],[14.140984274385048,55.98289258645475],[14.140991694289218,55.982898270048395],[14.14099699132508,55.98290465380859],[14.14099996223873,55.98291149278381],[14.141000526487373,55.98291896776369],[14.140990119913779,55.98302301460592],[14.140990095258978,55.983023449643184],[14.140990087871863,55.98302400117749],[14.140990242873869,55.983025316220285],[14.140990694760571,55.98302712081761],[14.14099143678065,55.98302883602052],[14.140991933733375,55.98302963276867],[14.140993260188692,55.98303123388508],[14.140994025691896,55.98303196100207],[14.140995885506058,55.983033386379546],[14.14099689008413,55.98303401586797],[14.14099921164494,55.983035210622255],[14.141000416616171,55.98303571824318],[14.14100311052961,55.98303663636902],[14.14100446949521,55.98303700257599],[14.141007432031273,55.983037608720686],[14.141010562535243,55.98303806028711],[14.141012892365177,55.98303829563765],[14.141013925926242,55.98303835653793],[14.141014713180914,55.98303839201092],[14.141042722977234,55.98303926731796],[14.141043510810754,55.98303928111013],[14.141044548034477,55.983039285035055],[14.141046905526455,55.98303919681345],[14.141050100432816,55.98303894430106],[14.141053159514678,55.9830385283594],[14.141054580736057,55.983038250236866],[14.141057436254364,55.98303750873485],[14.141058733330421,55.983037080988055],[14.141061275770104,55.98303604236384],[14.14106239895651,55.98303548139769],[14.141064530811846,55.98303418548398],[14.141065437034422,55.98303351281144],[14.141067076545518,55.98303200930841],[14.141067731047603,55.983031250728615],[14.14106881533631,55.98302959729832],[14.141069624706802,55.98302784990732],[14.141070047692713,55.983026549442215],[14.14107015788476,55.98302597245049],[14.141070222381295,55.983025532969485],[14.141080873202883,55.98292183786646],[14.141082945443026,55.98291444420544],[14.141087281794166,55.98290783512142],[14.14109383862835,55.9829018259828],[14.141102364193575,55.982896647511645],[14.141112531148362,55.9828924985364],[14.141123949130103,55.982889538357746],[14.141136179743205,55.9828878806323],[14.141149545905042,55.982887570627625],[14.141574881027912,55.982901075320925],[14.14178683922531,55.982907943029254],[14.141800050685767,55.9829091051224],[14.141811859415615,55.982911532771844],[14.141822595615682,55.98291520172478],[14.141831847306864,55.98291997119299],[14.141839259474514,55.982925658158194],[14.141844547691463,55.982932044395156],[14.141847509032335,55.982938884845304],[14.141848062688076,55.98294636025464],[14.14181483252378,55.9832739235264],[14.141814807143238,55.98327436610024],[14.141814799499022,55.98327494010236],[14.141814958285446,55.98327626975702],[14.141815417133413,55.98327807994931],[14.141816172875428,55.98327980805787],[14.141816678211685,55.983280609758125],[14.141818027254153,55.983282220824606],[14.141818804805732,55.983282951186894],[14.141820694354875,55.98328438216312],[14.141821713691794,55.983285012604235],[14.14182406980024,55.98328620748916],[14.141825291032083,55.983286713337726],[14.141828021495956,55.983287625370686],[14.141829396830978,55.983287986830575],[14.14183239479357,55.98328858031914],[14.141833870405046,55.9832887832441],[14.141837018543443,55.983289034962596],[14.14184027387997,55.983289113120456],[14.141842659508878,55.983289071179804],[14.14184370119465,55.98328900933984],[14.141844490678546,55.9832889513779],[14.141940612483825,55.98328053477717],[14.141941382160967,55.98328045660521],[14.141942390434224,55.98328033995675],[14.141944646016627,55.98327998130307],[14.141947655004655,55.98327936698251],[14.141950472081565,55.98327861102594],[14.141951751104159,55.9832781776397],[14.141954253583792,55.98327713110827],[14.141955358596025,55.98327656749639],[14.141957451946011,55.98327526992338],[14.141958341204251,55.9832745973773],[14.141959946349175,55.98327309777818],[14.141960586262801,55.9832723417026],[14.14196164256813,55.983270696724915],[14.141962427408732,55.98326895942344],[14.1419628346315,55.983267667524714],[14.141962939005605,55.98326709449298],[14.141962999346816,55.983266658174315],[14.141992825242236,55.982951416405555],[14.141994847382797,55.98294399644225],[14.14199915291034,55.98293735934505],[14.14200569545355,55.98293132146058],[14.14201422234744,55.9829261159636],[14.14202440429455,55.98292194388318],[14.14203584808199,55.98291896633914],[14.142048111766696,55.982917298320025],[14.142061516585427,55.98291698570572],[14.142407350438262,55.98292797752509],[14.142698519868183,55.98293735756303],[14.142711734374934,55.982938517539786],[14.142723546451485,55.9829409437822],[14.142734286190693,55.982944611932595],[14.142743541328823,55.982949381182785],[14.142750956590744,55.98295506845677],[14.14275624732777,55.982961455438584],[14.142759210444515,55.98296829695265],[14.142759765080964,55.98297577368925],[14.142737737342832,55.98319309536009],[14.142737712014691,55.983193536872896],[14.142737704365606,55.98319410591126],[14.142737862743504,55.98319543461528],[14.1427383216384,55.983197247307714],[14.14273907694455,55.98319897567095],[14.142739582104907,55.98319977749275],[14.142740930869497,55.983201388840826],[14.142741708318688,55.98320211933253],[14.142743597747339,55.983203550592606],[14.142744617052312,55.98320418115934],[14.14274697318709,55.9832053763076],[14.142748194450839,55.983205882268244],[14.14275092506666,55.983206794523504],[14.14275230048552,55.983207156073114],[14.142755298697248,55.98320774972672],[14.142756774431856,55.983207952712846],[14.14275992288127,55.98320820452766],[14.142763178539484,55.98320828274611],[14.142765564420333,55.98320824082887],[14.142766606216052,55.98320817898988],[14.142767395783459,55.983208121026315],[14.142860644620072,55.98319995638154],[14.142861411839032,55.98319987849709],[14.142862416996914,55.983199762304885],[14.142864665606835,55.98319940530013],[14.142867665966229,55.98319879394195],[14.14287047530001,55.98319804188646],[14.142871751566618,55.98319761065848],[14.142874248960993,55.98319656966409],[14.142875352642317,55.98319600885303],[14.142877444360032,55.98319471799244],[14.14287833402753,55.98319404864951],[14.142879941558746,55.98319255637353],[14.142880583823398,55.98319180361902],[14.142881646831436,55.98319016593835],[14.142882440858383,55.9831884356691],[14.14288285595397,55.983187148823085],[14.142882964312571,55.983186577832136],[14.14288302780298,55.98318614306151],[14.14290408209212,55.98298066224703],[14.14290615368977,55.9829732658462],[14.142910491174023,55.98296665433991],[14.142917050717863,55.982960643204635],[14.142925580286526,55.982955463402924],[14.142935752152464,55.98295131395544],[14.142947175487414,55.982948354294],[14.142959411378976,55.982946698136],[14.142972782507567,55.9829463908979],[14.143610151339807,55.98296677727804],[14.143623363973155,55.982967933812034],[14.143635175631212,55.982970356411],[14.143645916500846,55.982974020692076],[14.143655174448641,55.98297878605479],[14.143662594241327,55.98298446964945],[14.143667891176309,55.98299085339331],[14.143670862005948,55.98299769233825],[14.143671426188066,55.98300516727564],[14.143663742825456,55.98308198099098],[14.14366172667666,55.98308929726406],[14.143657492453263,55.98309584586231],[14.143651079688965,55.98310181451615],[14.14364272927569,55.983106979015474],[14.143632754892746,55.98311114535789],[14.143621531223593,55.98311415703636],[14.1436087204272,55.98311601081449],[14.1430866005032,55.98316196528008],[14.143085838988325,55.98316204285659],[14.14308485745255,55.983162156569215],[14.14308261556189,55.9831625128125],[14.143079607351567,55.98316312579355],[14.143076799987167,55.9831638772084],[14.143075524467903,55.983164308057574],[14.143073028521075,55.983165348012975],[14.143071925300859,55.98316590828392],[14.14306983431777,55.98316719780319],[14.143068944745572,55.98316786649678],[14.143067337094353,55.98316935724991],[14.143066694509631,55.98317010930468],[14.143065630443767,55.98317174541946],[14.143065258930221,55.98317255264902],[14.143064778329945,55.98317427280553],[14.143064593045109,55.983176054913926],[14.143064627176107,55.98317736145144],[14.143064716628366,55.98317793305612],[14.143064803375358,55.9831783662467],[14.143137522501286,55.98347609081113],[14.143137648078351,55.983476525365425],[14.143137838306147,55.98347709480422],[14.14313844053921,55.9834783706034],[14.143139489283056,55.983480074512904],[14.143140798018372,55.98348167296459],[14.143141554649274,55.98348239968303],[14.143143394290872,55.98348382514107],[14.14314438920382,55.983484455617564],[14.14314668944162,55.98348565360181],[14.143147884610457,55.98348616373946],[14.14315055753148,55.983487088464045],[14.143151907280505,55.98348745876686],[14.14315485072739,55.98348807488932],[14.143156303467864,55.9834882912038],[14.143159404943928,55.983488575176324],[14.143162619566798,55.98348869101286],[14.143164978173672,55.983488678998015],[14.143166010159874,55.98348863124031],[14.143166792522155,55.98348858422449],[14.143749784169783,55.98344545026536],[14.143750589376655,55.98344537902399],[14.14375164341601,55.98344527037497],[14.14375400590959,55.983444921208665],[14.143757154314866,55.983444309314265],[14.143760105645894,55.98344354048459],[14.143762969113721,55.983442586269895],[14.143764967325463,55.98344179946083],[14.143765794355808,55.98344141808616],[14.143766410058781,55.98344111917662],[14.143859303675137,55.983393658639656],[14.143859863161966,55.9833933586372],[14.143860582505289,55.98339295386044],[14.143862097104089,55.983391968394464],[14.143863987317033,55.98339054171865],[14.143865582551669,55.98338905769462],[14.14386622078035,55.98338830899675],[14.143867278016645,55.98338668144119],[14.143867647910513,55.98338587819133],[14.143868127948675,55.98338416745025],[14.143868316015729,55.983382394731656],[14.143868285723103,55.98338109519262],[14.143868198737414,55.98338052649111],[14.143868114071525,55.983380095533775],[14.14380580899339,55.98312070145688],[14.143805282558441,55.98311300521494],[14.143815797331808,55.98301005757711],[14.143817866360838,55.98300266132206],[14.143822201315329,55.98299604966265],[14.143828758329397,55.98299003806535],[14.143837285490191,55.98298485748782],[14.143847455194743,55.982980706960994],[14.143858876736207,55.98297774594259],[14.143871111314171,55.98297608819088],[14.143884481658322,55.982975779065484],[14.144288785837622,55.98298865239002],[14.144301458369199,55.98298973009742],[14.144312831178262,55.982991972667996],[14.144323254311578,55.98299536491786],[14.144332360392724,55.982999787283056],[14.144339828466142,55.98300508389182],[14.14434539530954,55.98301106805859],[14.144348864711555,55.983017528863805],[14.144350193099639,55.98302466120641],[14.14435622471074,55.983368559173634],[14.144361404410576,55.9836826062745],[14.14436032522167,55.983689732042905],[14.144357094133799,55.983696212240595],[14.144351760462177,55.98370224192809],[14.144344511167805,55.98370760974591],[14.144335600360579,55.9837121275351],[14.144325340392001,55.983715636932864],[14.144314090906269,55.98371801492363],[14.144302246233533,55.983719178151276],[14.144290221567363,55.98371908584093],[14.14427769626922,55.98371765654028],[14.143820114474805,55.98363987873067],[14.143805917158195,55.98363644041616],[14.143794208682142,55.9836316073445],[14.143784148344421,55.983625032487616],[14.143733945557827,55.983583482885585],[14.143733485852005,55.983583121918436],[14.1437328602534,55.98358265545488],[14.143731298589609,55.983581654550996],[14.143728991706308,55.98358037977792],[14.143726532654387,55.98357926578865],[14.143725269132993,55.98357880055625],[14.143722467668523,55.983577977607574],[14.143721065726933,55.983577659842744],[14.143718030388158,55.983577159818445],[14.143714844844933,55.98357682115458],[14.143712485388777,55.98357667020347],[14.143711443804824,55.9835766469214],[14.143710651644321,55.98357664014461],[14.143207898307365,55.98357926981316],[14.143196890028502,55.98357885659335],[14.142562447848157,55.98352762740817],[14.142562320178568,55.983527617391104],[14.141610032356278,55.983455073231994],[14.141596632974172,55.983453266899296],[14.14158489541496,55.98345018602413],[14.141574503220252,55.98344584902649],[14.141565879969209,55.98344043267983],[14.14155937713944,55.98343415775108],[14.14155525978111,55.9834272800024],[14.141553597079497,55.98341962570015],[14.14154976900887,55.983311549292004],[14.141549737567718,55.983311137764176],[14.14154967652839,55.98331061811448],[14.14154937597203,55.98330938100234],[14.14154874734903,55.98330768584048],[14.141547870366738,55.983306086726834],[14.141547323171125,55.98330534373892],[14.14154593200808,55.983303863140975],[14.141545148328381,55.98330318969441],[14.141543291109723,55.98330187883121],[14.141542298055475,55.9833012982224],[14.141540039030147,55.983300202442116],[14.141538870956188,55.98329973475729],[14.141536288271782,55.983298891966726],[14.141534985585011,55.98329855338437],[14.141532168587052,55.98329799273904],[14.141530776354402,55.983297794972366],[14.141527822492208,55.98329753586693],[14.141524759027684,55.983297428788326],[14.141522515207429,55.98329743814004],[14.14152153189093,55.98329748074691],[14.141520787171368,55.98329752279318],[14.140814756656304,55.98334669610904],[14.140814430702026,55.98334672070686],[14.140813481807907,55.98334679785155],[14.140812886825541,55.98334685261629],[14.140811431855239,55.983347002268076],[14.140811055324715,55.98334704360118],[14.140482142293303,55.98338543517423]]],[[[14.14160412905691,55.98163041260647],[14.141591820001471,55.98162716476857],[14.141581554316934,55.98162288529439],[14.141573009937305,55.981617551630414],[14.141566526428575,55.98161137574465],[14.141562361454152,55.981604603076114],[14.1415606805351,55.98159750278077],[14.14156155047226,55.98159035703486],[14.141565150187681,55.98158301433118],[14.141708456177641,55.98137478296724],[14.141715005423256,55.981367623452535],[14.14172355020192,55.98136176010471],[14.141734100346245,55.98135702793687],[14.141746187946632,55.98135363682524],[14.141759276906344,55.98135173716872],[14.141773639359638,55.98135139277348],[14.142223260007757,55.98136717438169],[14.142683985414811,55.98138352178823],[14.142696642748199,55.981384645152154],[14.14270798729656,55.981386928289616],[14.142718369323456,55.98139035731683],[14.142727423014021,55.98139481141078],[14.142734829357599,55.98140013362984],[14.142740327388093,55.9814061364435],[14.142743723379242,55.98141260834024],[14.142744897670811,55.98141932128007],[14.142743740306912,55.981426461833436],[14.14270320788145,55.981548020585485],[14.142660736591102,55.98167459734315],[14.14265672121577,55.9816821540409],[14.14265041586457,55.981688676976155],[14.142641850923596,55.98169433664795],[14.142631391352904,55.981698891891824],[14.142619482845223,55.98170214860411],[14.142606632834399,55.98170396801276],[14.142592553331278,55.981704291806224],[14.142186814161713,55.98169012820235],[14.141853527960011,55.981678263103674],[14.141833951083894,55.981676017835795],[14.14160412905691,55.98163041260647]]],[[[14.14136178545832,55.982016086474964],[14.141349679343124,55.982012906679344],[14.14133955192826,55.982008730709055],[14.141331074063146,55.98200353028368],[14.141324571093369,55.98199750497457],[14.141320292575628,55.981990886008724],[14.141318402700888,55.98198392739516],[14.14131897399353,55.98197689617704],[14.141322174280772,55.98196963144062],[14.141495476154809,55.981695319163215],[14.141501151463736,55.981688538231936],[14.141508612118004,55.98168286464963],[14.141517907902779,55.98167811439579],[14.141528681571712,55.98167447002716],[14.14154051908238,55.981672071600144],[14.14155296550815,55.981671011288526],[14.141565542521473,55.9816713298411],[14.141578537274084,55.98167312123246],[14.14173149157872,55.98170336895362],[14.14182136880776,55.98172115215089],[14.141822427514919,55.98172133888229],[14.141826152911635,55.9817219176452],[14.141828326712705,55.98172216644511],[14.14183215908245,55.981722452697404],[14.141833263809774,55.98172251357943],[14.142025673090753,55.981729374834494],[14.142342351391616,55.98174067406021],[14.142577832949677,55.9817489992535],[14.142591038033329,55.98175020093998],[14.142602827563815,55.98175266501785],[14.142613531750314,55.98175636811007],[14.142622739517938,55.98176116800618],[14.14263009725863,55.981766880374984],[14.142635322410847,55.98177328584331],[14.142638214310917,55.98178013842065],[14.142638690110761,55.98178761845725],[14.142609956716543,55.98204419669298],[14.142607814604236,55.98205158763683],[14.142603413650058,55.982058186809375],[14.142596795973851,55.982064178828836],[14.142588215898963,55.982069333415495],[14.142578003166175,55.9820734524731],[14.142566550261474,55.98207637770173],[14.142554297332298,55.98207799668169],[14.142540922221858,55.98207826298358],[14.142306033751595,55.982070025399736],[14.141989382176138,55.98205882711727],[14.141656238546846,55.982046925581216],[14.141496930415572,55.98204126253516],[14.14147734727645,55.98203901717041],[14.14136178545832,55.982016086474964]]],[[[14.141127003054988,55.98235199518559],[14.141114048739402,55.98234912448189],[14.141103096907429,55.98234509617497],[14.141093835186608,55.98233990775365],[14.141086649411033,55.98233377536289],[14.141081838932388,55.98232695447232],[14.141079604149338,55.9823197292338],[14.14108003815932,55.982312400643714],[14.141083317449867,55.98230482448935],[14.141206624714151,55.98210969095243],[14.141212308264848,55.98210290332567],[14.141219780876044,55.98209722529351],[14.141229091752606,55.982092473070146],[14.141239882301592,55.982088829679164],[14.141251736943426,55.98208643543949],[14.141264199117122,55.982085382561046],[14.141276788863847,55.98208571159362],[14.141289792339894,55.98208751690948],[14.141451831267084,55.982119740003775],[14.141452890638316,55.98211992786146],[14.141456606450896,55.982120508518065],[14.141458794346814,55.98212076026777],[14.141462697800396,55.982121053131436],[14.14146381609776,55.98212111486331],[14.141654167182468,55.982127874626045],[14.141904259313646,55.98213677434549],[14.142071644252875,55.98214277380098],[14.142531446774653,55.98215908926448],[14.142544649752942,55.982160292389686],[14.142556436983634,55.98216275738968],[14.142567138759901,55.982166460962596],[14.142576344210324,55.98217126091796],[14.142583699911249,55.98217697297204],[14.142588923455724,55.98218337782296],[14.14259181429596,55.982190229570335],[14.14259228962666,55.982197708607],[14.14256355797097,55.98245419714236],[14.142561415629531,55.98246158801624],[14.142557014476875,55.98246818710641],[14.14255039662461,55.982474179033396],[14.142541816399419,55.98247933352421],[14.14253160354338,55.982483452488914],[14.142520150541916,55.982486377633386],[14.142507897540241,55.9824879965426],[14.142494522374804,55.98248826278735],[14.142034535452133,55.982472128967835],[14.141867037790076,55.982466125555156],[14.141853934474614,55.9824656575791],[14.141838969581709,55.98246422986419],[14.141624237164402,55.982430456035],[14.141127003054988,55.98235199518559]]],[[[14.140833755784561,55.98280515477892],[14.140820082420205,55.98280388081756],[14.140807918110852,55.98280125362875],[14.140796953168913,55.982797305947244],[14.14078763966444,55.982792200530874],[14.140780361580438,55.98278614786937],[14.140775418981747,55.98277939750601],[14.140773015643841,55.98277222774922],[14.140773250651668,55.982764934198386],[14.140776294923686,55.982757368715475],[14.140982721836384,55.98241249102343],[14.140987981215456,55.98240586889371],[14.140994942921703,55.98240027408667],[14.141003668070915,55.98239551552687],[14.141013842621879,55.98239176448712],[14.14102510036596,55.98238915597703],[14.141037036107987,55.98238778388354],[14.141049220250041,55.982387697591776],[14.141061969831817,55.98238897596796],[14.141466291826962,55.98245214859792],[14.141830821025417,55.9825093140433],[14.141831637099123,55.98250942921735],[14.141834503210925,55.98250978934849],[14.141836162064402,55.9825099472878],[14.141839079769635,55.98251013783327],[14.141839918002077,55.98251018016559],[14.142113760151968,55.98251997437216],[14.142416135632185,55.98253073373753],[14.14242978567442,55.9825320056416],[14.14244193084958,55.98253462611248],[14.142452881929051,55.982538562935545],[14.14246218894835,55.982543654352426],[14.142469469494653,55.98254969116411],[14.142474424419595,55.98255642532651],[14.142476850130953,55.98256358014226],[14.14247664695816,55.9825708616298],[14.142473823247851,55.982577970602584],[14.142468158984341,55.982585034004096],[14.14221187256119,55.98283357687572],[14.142204603994244,55.982839326591645],[14.142196107196886,55.982843941483004],[14.142186240410934,55.9828476052857],[14.142175339024478,55.982850193460955],[14.142163773593671,55.98285161803241],[14.14215119192986,55.98285184396005],[14.142076699535568,55.98284933093877],[14.142076459667717,55.982849322622954],[14.14142773166287,55.98282622533347],[14.140833755784561,55.98280515477892]]],[[[14.140653180513867,55.9822772939927],[14.140640085060518,55.982274394226216],[14.140629029445307,55.98227031038735],[14.140619707109003,55.982265044219325],[14.140612514851984,55.982258819874296],[14.1406077588083,55.982251902288645],[14.14060564141532,55.98224458590609],[14.140606291368078,55.98223671505727],[14.140667314374902,55.98201006800626],[14.140670581123294,55.98200283125099],[14.140675962109777,55.98199648792301],[14.140683445520922,55.9819908512044],[14.140692745567183,55.98198613635934],[14.140703507082739,55.98198252344599],[14.140715319089272,55.981980150440066],[14.140727730490903,55.9819791079657],[14.140740267301199,55.981979435834546],[14.140753218629145,55.9819812277693],[14.14103006407622,55.982036069543426],[14.141042170555423,55.98203924485297],[14.141052300121618,55.98204341646238],[14.141060782041917,55.98204861262745],[14.141067290965093,55.98205463403306],[14.141071577220078,55.9820612497094],[14.141073476392888,55.98206820589134],[14.14107291563344,55.98207523575245],[14.14106972741387,55.982082500374695],[14.140940843353027,55.98228708548978],[14.140935460875161,55.98229360065262],[14.140928437180609,55.98229909160239],[14.140919701336557,55.98230375050862],[14.140909561802221,55.98230741286689],[14.140898376601045,55.98230994936043],[14.140886540678897,55.98231127042649],[14.14087447195857,55.982311329418565],[14.140861848590847,55.98231004834419],[14.140653180513867,55.9822772939927]]],[[[14.139329940583766,55.981702004573634],[14.139327437550824,55.98169489510239],[14.139327382916564,55.98168807852389],[14.139329630308962,55.98168137883582],[14.139334098844179,55.98167503715714],[14.139340627700589,55.98166928172197],[14.139348981906847,55.98166431966577],[14.139358860798467,55.9816603295705],[14.139369908838562,55.98165745503779],[14.139381728413536,55.98165579952059],[14.139393894142854,55.9816554226001],[14.13940596818811,55.981656337841535],[14.139418243480389,55.98165864928891],[14.139773239233742,55.98174726031361],[14.140049953010484,55.98181621352348],[14.140508133428337,55.98193042573739],[14.140519291692211,55.981933942911176],[14.140528499541714,55.98193829024957],[14.140536094118955,55.98194352317565],[14.140541808174369,55.98194945754569],[14.140545440632604,55.981955884532525],[14.140546863668346,55.981962577973896],[14.140545974519755,55.981969725865774],[14.140478865256279,55.98219742877623],[14.140475245509403,55.98220489486528],[14.140469380661273,55.98221139009648],[14.140461296586578,55.98221709091556],[14.140451324950124,55.98222176343474],[14.140439874858282,55.98222521595429],[14.14042741607454,55.98222730682737],[14.140414459746319,55.98222795027161],[14.14040153743409,55.98222711988838],[14.140388399919686,55.98222470657603],[14.139835256022309,55.98208698871202],[14.139559622529816,55.98201828008162],[14.139413804943574,55.981981968295024],[14.139401901827904,55.98197816095678],[14.139392209874798,55.98197339990825],[14.139384413996254,55.981967651367505],[14.139378828669411,55.98196114722501],[14.139375679199597,55.98195414985139],[14.139375092631859,55.981946941513485],[14.139377092626304,55.98193981298808],[14.139381882630191,55.981932625495325],[14.139461814538961,55.98184178981839],[14.139462169103105,55.98184135851694],[14.139462607822257,55.98184078546887],[14.139463421085862,55.981839437306824],[14.139464265580825,55.981837557970124],[14.139464740760687,55.98183568108933],[14.139464797243907,55.981834781609656],[14.139464558664102,55.981832890700275],[14.13946427688809,55.98183200457888],[14.13946333514877,55.981830183653145],[14.139462027139803,55.98182838931996],[14.139460883426839,55.98182711844008],[14.139460305170184,55.981826585553286],[14.139459845825446,55.9818261863937],[14.139352556515407,55.98173814953753],[14.139347309822677,55.9817330368639],[14.139343531592658,55.98172753346104],[14.139329940583766,55.981702004573634]]],[[[14.13644389677289,55.98214973797465],[14.136435178567046,55.98214370895363],[14.136429194403073,55.98213722774139],[14.136425673774328,55.98213020386819],[14.136424761833053,55.98212292692448],[14.136426496176608,55.98211569693455],[14.136430805297586,55.9821088119866],[14.136437511532268,55.98210255594276],[14.136446338385758,55.98209718673583],[14.136456921931849,55.98209292573468],[14.136468825817516,55.98208994861753],[14.13648155925338,55.98208837812892],[14.13649541954495,55.982088272768145],[14.137616020915752,55.98214365135858],[14.137619400249575,55.98214386323452],[14.137794735163437,55.98215719754356],[14.137811277409423,55.98215959563042],[14.138446647823379,55.982298276079185],[14.139172144791816,55.982456675422],[14.139586359385481,55.98254703864219],[14.139587548869999,55.98254730494508],[14.139750423881715,55.982584708917116],[14.139758436214418,55.98258688027464],[14.14022519627312,55.9827338629141],[14.140236828019837,55.9827384825186],[14.140245916251917,55.98274400511035],[14.140252754559862,55.98275046375204],[14.140257044345317,55.98275757642479],[14.140258696350768,55.982765503056584],[14.140259909601212,55.98282504946339],[14.140258404961118,55.98283346993748],[14.140253622236196,55.98284149825108],[14.14022137373849,55.98288055398133],[14.140215163980816,55.98288656861662],[14.140207110006386,55.98289185472481],[14.14012739566519,55.982935434676094],[14.140115354397686,55.98294068263173],[14.140102351282483,55.98294408724286],[14.140087434295456,55.982945897778265],[14.140030365996807,55.98294915262192],[14.140014969170231,55.98294905409306],[14.140000003600681,55.98294702733034],[14.139396303173468,55.98282353428989],[14.139394864670118,55.982823230289505],[14.138980466915955,55.982732827120564],[14.138254945155387,55.982574422379024],[14.137610396774443,55.98243369915333],[14.13761013275561,55.982433641175696],[14.136534031727582,55.98219596378144],[14.136521548978923,55.98219233484721],[14.13651066086383,55.982187351528594],[14.13644389677289,55.98214973797465]]],[[[14.139398718067872,55.98209837683067],[14.139393690456197,55.982091661736504],[14.139391189214004,55.98208495732651],[14.139391007242075,55.98207810919835],[14.13939315115052,55.982071366155324],[14.139397543046588,55.98206497318287],[14.139404023364818,55.982059162547564],[14.139412356664419,55.9820541453587],[14.139422240183286,55.982050103898395],[14.139433314837815,55.982047184999004],[14.139445178269002,55.98204549470854],[14.139457399460664,55.98204509443775],[14.139469534398627,55.98204599872904],[14.139481873506151,55.98204831181837],[14.140171103070339,55.98221993439258],[14.140182374466724,55.98222349210298],[14.14019165850721,55.98222789824084],[14.14019928957468,55.9822332053273],[14.140204993476786,55.98223922267358],[14.140208565265809,55.98224573407056],[14.140209876602711,55.98225250555721],[14.140208817610405,55.982259721457375],[14.140169987916636,55.98238127922012],[14.140115308694776,55.98255101145528],[14.140111802085498,55.982558003841746],[14.14010633741403,55.98256411361646],[14.14009890441939,55.98256953430149],[14.140089771817932,55.982574069928646],[14.140079269770432,55.98257755652614],[14.140067777946117,55.982579868046685],[14.140055711796835,55.98258092092425],[14.140043507537591,55.982580677095264],[14.140031606376427,55.982579145374636],[14.140019735007897,55.98257620699408],[14.139841346476224,55.98252015307868],[14.13982974016096,55.98251555560747],[14.139820088366221,55.98250971258993],[14.139727020843312,55.98244001977072],[14.139721219166981,55.98243492095564],[14.139398718067872,55.98209837683067]]],[[[14.138182952904291,55.982153903007834],[14.138171401384511,55.98215064566254],[14.138161762625515,55.982146489637756],[14.138153698090498,55.98214139109701],[14.138147497292422,55.982135533075926],[14.138143382836514,55.98212912587503],[14.138141502428928,55.98212239951013],[14.138141923574288,55.982115595454744],[14.138144631152478,55.98210895797125],[14.1381495279616,55.982102725342216],[14.138156438207655,55.98209712131583],[14.13816511381556,55.982092347073774],[14.138175881444191,55.98208833632448],[14.138693812578303,55.98193284100384],[14.138705385228862,55.98193010083756],[14.138716932429032,55.98192868294347],[14.138728748534573,55.981928473035076],[14.138740433263607,55.981929478223236],[14.138751590784727,55.98193166445619],[14.138762488684174,55.981935165036894],[14.138929887112072,55.98200108929291],[14.138930512225333,55.982001323429074],[14.138931320043213,55.98200161091471],[14.138933321987327,55.98200221654124],[14.138936189186916,55.982002942238566],[14.138939071173208,55.98200349443512],[14.138942110757203,55.9820039016949],[14.138944366362216,55.98200411038561],[14.138945366499318,55.98200416241563],[14.138946127337647,55.982004191831635],[14.139068106056627,55.982007283459154],[14.13906923770669,55.98200728983113],[14.139073177424505,55.98200723440007],[14.139075429115918,55.982007113653545],[14.139079315921094,55.982006749388745],[14.139080424802632,55.982006622868695],[14.13908939145808,55.98200541442686],[14.139102059315206,55.98200439738686],[14.139114086369075,55.98200470163475],[14.139125800646669,55.98200625621869],[14.139136790563251,55.982009006517885],[14.139146669984452,55.98201285589968],[14.139155091793228,55.982017669114846],[14.139162180084428,55.98202363026184],[14.139497169925576,55.98237233561102],[14.139502450301764,55.98237948824871],[14.139504891083968,55.98238663859753],[14.1395047053202,55.98239391741962],[14.139501900635873,55.98240102586944],[14.139496592181183,55.982407672096194],[14.139488997903623,55.98241358322643],[14.139479429599898,55.982418516567286],[14.139468280114588,55.9824222695709],[14.139456007211226,55.98242468815042],[14.13944311477777,55.982425673006226],[14.139430132138388,55.98242518370322],[14.139416801474441,55.98242311776828],[14.138824450660563,55.98229392358831],[14.138182952904291,55.982153903007834]]],[[[14.136332094669736,55.98102101037438],[14.136332899693604,55.981013862703755],[14.136335887326748,55.981007335845334],[14.136341000232617,55.981001235743165],[14.1363480586575,55.98099577685658],[14.136356814450004,55.98099115110178],[14.136366959785335,55.98098752110478],[14.136378137987316,55.98098501448401],[14.13638995606794,55.98098371936383],[14.136402757035007,55.980983678877294],[14.137210571645285,55.98102365763179],[14.137555162351,55.98104065717559],[14.138244567978298,55.98107475745086],[14.138638077531665,55.981094137198816],[14.13865102482817,55.981095488323966],[14.138662541739503,55.981098044162174],[14.138672967122567,55.98110178968306],[14.138681912967698,55.98110658548671],[14.13868904632992,55.98111225308404],[14.13869410172051,55.98111858153975],[14.138697066749074,55.981125760901115],[14.13875028153462,55.981352668383416],[14.138750702582607,55.98136024300645],[14.138748576226256,55.98136727190602],[14.138744011149557,55.98137392756208],[14.138737187079778,55.9813799479394],[14.138728372681763,55.981385096013824],[14.138717914980687,55.98138916910388],[14.138706225699483,55.981392006850555],[14.138693765049233,55.98139349753073],[14.138680220347599,55.98139358780968],[14.138198263004542,55.98136994405997],[14.137508827532846,55.98133584232669],[14.137164144426102,55.98131884315787],[14.136404006899134,55.981281220045815],[14.136390135970592,55.981279712054004],[14.136377889803427,55.98127682102741],[14.136366969923372,55.98127258134689],[14.136357844230973,55.981267174676645],[14.136350903747973,55.98126083268457],[14.136346445862625,55.98125382711558],[14.136344549014055,55.98124599322618],[14.136332094669736,55.98102101037438]]],[[[14.137769058467379,55.98171545937897],[14.137756934070861,55.98171308973085],[14.13774647614497,55.98170970489807],[14.137737336312561,55.98170528424039],[14.137729837991808,55.98169998418559],[14.137724246514626,55.9816939922793],[14.137720759737833,55.98168752054869],[14.137719501041964,55.98168079799965],[14.137720514965514,55.9816740625134],[14.137723765629087,55.981667552428696],[14.137729138005168,55.98166149810834],[14.137736902050882,55.98165577464055],[14.138060501768011,55.98145884181825],[14.138069751205732,55.98145415553335],[14.138079741694888,55.981450706489355],[14.138090687363505,55.98144833232559],[14.138102222577931,55.98144711234963],[14.138114701130029,55.98144708573769],[14.13858642039994,55.98147028918022],[14.138600118297257,55.981471763330646],[14.138612230626165,55.98147458636426],[14.138623064406566,55.9814787278771],[14.1386323836915,55.98148414063517],[14.138639167217612,55.981490090421325],[14.138643698673233,55.98149653628673],[14.138645935221248,55.98150334882082],[14.138645793746848,55.98151027485928],[14.138643279506176,55.98151705701963],[14.138638485931207,55.981523443266035],[14.138634824590817,55.98152649829422],[14.138634182071259,55.981527081239754],[14.138631553830642,55.981529682566865],[14.138631121887908,55.98153014036364],[14.13856897639856,55.98160086418655],[14.138568720366733,55.981601169925156],[14.138568395233056,55.9816015779473],[14.13856775259571,55.981602524371056],[14.13856660456759,55.98160455225377],[14.138566156141367,55.981605533090296],[14.138566002129076,55.981605971434085],[14.138565896866396,55.98160630388801],[14.138528509643493,55.981738822804175],[14.138527799431579,55.981740964227235],[14.138517401366968,55.981768207295026],[14.138517227304073,55.98176874198216],[14.138517038088358,55.9817694427287],[14.138516865725702,55.9817710692941],[14.138517057104595,55.98177446700723],[14.138517412360464,55.98177608474435],[14.138517680950361,55.9817767795525],[14.138517915124273,55.98177730750387],[14.138551190349057,55.98184367211184],[14.138551450679143,55.98184414158089],[14.138551822109998,55.98184475193664],[14.138552872071,55.98184610291524],[14.138554564148842,55.98184786858439],[14.138556549082292,55.98184948667611],[14.138558885474012,55.981851004962365],[14.138560761136345,55.98185203891351],[14.138561645552981,55.981852452308296],[14.138562334944309,55.98185275703965],[14.138576034870864,55.98185847966098],[14.138586120170773,55.98186364914315],[14.138593684030262,55.981869472485556],[14.138599020998504,55.9818760225339],[14.138601916822061,55.9818830363369],[14.13860225524687,55.9818902323257],[14.138600022685463,55.98189732161746],[14.138595308762646,55.98190401961254],[14.138588302717762,55.981910057419746],[14.138579285807793,55.98191519265103],[14.138567947494241,55.98191947303971],[14.138320680554648,55.98199383848914],[14.138308849534868,55.981996629753866],[14.138297037590537,55.98199804334218],[14.138284961446503,55.981998194654196],[14.138273048222569,55.98199707833821],[14.138261719276281,55.981994733877094],[14.138251375299676,55.981991244191775],[14.138242382147283,55.98198673270856],[14.13823505789619,55.981981358993444],[14.138229661596036,55.98197531310863],[14.13822638410675,55.981968808890024],[14.13822534134818,55.98196207638416],[14.138226647602762,55.981954930266426],[14.1382709978768,55.98183001693593],[14.138271135636188,55.98182957031535],[14.13827128750852,55.981828991209476],[14.138271457468148,55.98182762947347],[14.138271436531255,55.98182575641711],[14.138271085979323,55.98182394394053],[14.138270763194674,55.98182309384883],[14.138269766489726,55.98182135816409],[14.138269143898919,55.981820561957406],[14.138267541998854,55.981818974389284],[14.138265616085445,55.98181745051045],[14.138264056236252,55.98181639658734],[14.138263311201412,55.98181596478811],[14.138262729783031,55.98181564449822],[14.13818546333558,55.98177518895696],[14.138184954353529,55.981774933600974],[14.13818426970666,55.98177460453756],[14.138182632927348,55.981773914237],[14.138180284938237,55.98177304955306],[14.138177883965268,55.98177232080313],[14.138175308190686,55.98177169101263],[14.138173381462067,55.981771299707376],[14.138172515116986,55.98177115800956],[14.13817185498935,55.981771058514184],[14.137769058467379,55.98171545937897]]],[[[14.136398041896683,55.98200176646961],[14.136385445317297,55.982000454004016],[14.1363742161773,55.981998002341335],[14.136364003586948,55.98199442006351],[14.136355167243398,55.98198983334184],[14.136348018370693,55.981984403725114],[14.136342808758254,55.981978322449706],[14.136339721892588,55.981971803703814],[14.13633881261716,55.98196465340363],[14.136347974874788,55.981741347782474],[14.136349713761753,55.981733615483954],[14.136353954522184,55.98172667915387],[14.136360623746132,55.98172036883744],[14.136369443732484,55.98171494729009],[14.136380047224932,55.98171064025968],[14.136391992704203,55.981707627086635],[14.136404782772443,55.9817060332364],[14.136418711278056,55.98170591825298],[14.136900625326467,55.98172955536898],[14.137444162803753,55.98175645719543],[14.137716974683416,55.98176988651549],[14.1377308770255,55.98177139584346],[14.137743923543605,55.981774477524226],[14.137869889035986,55.98181328992306],[14.137870460935083,55.981813457848304],[14.137871224607537,55.98181367124802],[14.137873006095276,55.981814096113446],[14.13787683580636,55.98181486049857],[14.137878695690759,55.98181516242704],[14.137879528351085,55.98181526764479],[14.137880161094213,55.98181534015817],[14.138050415261588,55.981832865369306],[14.138062802370243,55.981834831088804],[14.138073627621193,55.9818378714591],[14.138083240027857,55.98184199482843],[14.138091297708348,55.98184705454222],[14.138097514076906,55.981852870643145],[14.138101668036873,55.981859236271646],[14.13810361184444,55.98186592502311],[14.138103255231464,55.98187312569589],[14.138063738769315,55.9820532327276],[14.138060936432476,55.98206032951131],[14.138056087493064,55.98206660547231],[14.138049201433509,55.98207225397195],[14.138040527576749,55.98207707049484],[14.13802974068517,55.98208112068592],[14.13798140081121,55.982095748050796],[14.13796773830118,55.982098867705226],[14.137954060325749,55.98210018834027],[14.137940194642814,55.982099833528636],[14.137925942777942,55.98209769269688],[14.13781292301492,55.98207312333122],[14.137811858727638,55.9820729156834],[14.137808125303891,55.98207226846364],[14.137805915657017,55.98207197922075],[14.137801951480338,55.982071623139],[14.137800816616581,55.982071544248846],[14.13739781977811,55.982051641941425],[14.136854533141733,55.98202485246234],[14.136854372307479,55.982024844430036],[14.136398041896683,55.98200176646961]]],[[[14.136303993916995,55.98071620944037],[14.136304759064165,55.98070856655006],[14.136308027020446,55.98070160170341],[14.136313711891093,55.980695141352875],[14.136321585307053,55.98068944501832],[14.136331330983245,55.98068474152802],[14.136342557424154,55.98068121982655],[14.136354813650698,55.98067902138464],[14.136368414014449,55.980678184900505],[14.136789204517271,55.980676039152534],[14.13678994379113,55.98067602586032],[14.136790915295258,55.98067599586195],[14.136793116769203,55.9806758420981],[14.136796098033882,55.98067551567233],[14.136798935472292,55.98067504993919],[14.136800257234833,55.98067475673376],[14.13680289417536,55.98067400809024],[14.136804097570781,55.98067358438809],[14.136806444776782,55.980672578169106],[14.136807489086841,55.98067203830671],[14.136809467127659,55.98067080856328],[14.136810317008507,55.98067017081162],[14.136811858945368,55.98066875915944],[14.13681248563723,55.980668045100224],[14.136813539290108,55.980666499310466],[14.136814355741043,55.980664862966236],[14.1368148034359,55.98066364694303],[14.13681493383149,55.98066310600272],[14.136815015848953,55.980662694409524],[14.136817252987672,55.980648508093935],[14.136819926200761,55.98064078197592],[14.13682504985896,55.98063395698286],[14.136832565048593,55.9806278644121],[14.136842152677467,55.98062276295109],[14.136853405659165,55.980618869205195],[14.136865846197743,55.980616348500774],[14.136878946074562,55.98061530786556],[14.136892149076138,55.98061579148432],[14.136905698680216,55.98061790419686],[14.137128354290242,55.98066693980602],[14.137129437346168,55.98066715365646],[14.137133244587117,55.98066782083733],[14.13713548764673,55.98066811704673],[14.13713948462235,55.98066847802449],[14.137140633383266,55.98066855814803],[14.137286478502208,55.98067575797135],[14.137889420005566,55.98070554829677],[14.137902563806765,55.98070693355357],[14.137914236841,55.98070956043152],[14.137924770375692,55.98071341023529],[14.137933760089004,55.98071833519318],[14.137940860917066,55.98072414626447],[14.137945800299056,55.980730620395576],[14.137948388639336,55.9807375090818],[14.137948535279717,55.980744991560094],[14.137912388191248,55.98097644582543],[14.137909921294433,55.9809838065362],[14.137905230204014,55.9809903443549],[14.137898349005093,55.980996244364746],[14.137889542255463,55.9810012797304],[14.137879148544178,55.981005256859056],[14.137867567474006,55.98100802284355],[14.13785524429798,55.98100947134102],[14.137841859152932,55.981009551409116],[14.137238716285117,55.98097994667962],[14.136987351789317,55.98096744353611],[14.136378249058472,55.98093736455568],[14.136364501334604,55.98093587911823],[14.136352350983524,55.980933035040074],[14.136341493428116,55.98092886383328],[14.13633238546192,55.98092354098696],[14.13632541027013,55.9809172904413],[14.136320861308443,55.98091037516613],[14.136318808125566,55.980902626295794],[14.136303993916995,55.98071620944037]]],[[[14.136353532577408,55.98139986077641],[14.136354945171632,55.98139197645756],[14.136358980911028,55.98138487311076],[14.136365549899942,55.98137838858899],[14.136374369353643,55.981372802039644],[14.13638505960928,55.981368353953826],[14.136397160469809,55.98136523581372],[14.136410151014546,55.98136358184972],[14.136424312507701,55.98136345577963],[14.136750484289351,55.98137955825828],[14.137364643624881,55.98140985625253],[14.137850738555846,55.98143394810725],[14.137864280749355,55.98143540143379],[14.137876268654102,55.98143817285871],[14.137887016515517,55.98144223552238],[14.13789608581983,55.98144742366785],[14.13790310653809,55.98145352561852],[14.13790779222338,55.9814602924142],[14.137909951698,55.98146744796898],[14.137909496853707,55.98147470033535],[14.137906446246772,55.98148175361566],[14.13790092434111,55.98148832003484],[14.137892666560527,55.98149449818314],[14.137551658131937,55.981702078649015],[14.13754242082076,55.98170676088312],[14.13753244402689,55.981710208490995],[14.13752151315007,55.98171258389311],[14.137509992517845,55.98171380791699],[14.137497527828302,55.98171384177091],[14.13731844000643,55.98170514776662],[14.13670415062803,55.981674743469625],[14.136414523172155,55.98166040950701],[14.136402127767916,55.9816591429905],[14.13639105661951,55.98165677291582],[14.1363809525196,55.98165330498099],[14.136372159616144,55.981648857304755],[14.136364977397157,55.98164358137614],[14.136359650490064,55.9816376568945],[14.136356360329625,55.981631285649044],[14.136355147108134,55.98162426898416],[14.136353532577408,55.98139986077641]]],[[[14.13573679734245,55.98125536863751],[14.135737643001955,55.981247898119385],[14.13574087322397,55.98124109232176],[14.135746414074148,55.98123476971155],[14.135754052724458,55.98122917314353],[14.135763495769602,55.981224517584714],[14.135774380496935,55.98122098185745],[14.135786288818522,55.98121870177073],[14.135799549597934,55.98121770585302],[14.135957569964566,55.981214584428635],[14.135958356146151,55.98121455809727],[14.135959385084881,55.98121450945739],[14.135961718926868,55.98121430159791],[14.135964864007406,55.981213886928614],[14.135967844766352,55.98121331648556],[14.135969215635141,55.98121296684132],[14.135971940286085,55.98121208210229],[14.13597316294062,55.9812115895865],[14.135975526833017,55.98121042453322],[14.135976554305756,55.98120980806563],[14.135978466646057,55.98120840744621],[14.135979259478711,55.981207690701474],[14.135980646817163,55.98120610831131],[14.13598117455567,55.98120531882043],[14.13598198360642,55.981203615437096],[14.135982503039418,55.98120183256713],[14.135982710759064,55.98120051488023],[14.135982725658575,55.98119993424389],[14.13598271762768,55.98119949297874],[14.135968318338696,55.98096755168053],[14.13596917795411,55.98096004199031],[14.135972446614995,55.98095320342448],[14.135978048408855,55.98094685613804],[14.135985765881466,55.980941246523045],[14.135995299451519,55.98093659233613],[14.136006279040002,55.980933074245655],[14.136018278436136,55.98093082881837],[14.136031623153986,55.98092988739384],[14.136135655857199,55.980928329368545],[14.136149132751573,55.98092887594728],[14.136161381089762,55.98093077703225],[14.136172720229297,55.98093399055828],[14.136182705937605,55.98093839062931],[14.136190947005046,55.98094380486425],[14.136197120571213,55.98095002115005],[14.13620098477364,55.980956795951656],[14.136202476697795,55.980964309418],[14.136211925747121,55.98142357565251],[14.136216132394207,55.9816382010732],[14.136214967719782,55.98164565698874],[14.136211448289785,55.981652416628705],[14.136205640188246,55.98165866251165],[14.136197766438187,55.98166415480329],[14.136188129381425,55.981668682606106],[14.136177099069052,55.98167207205785],[14.136165099051874,55.98167419300749],[14.136151801680857,55.98167501260932],[14.135817765772714,55.98167717884502],[14.135804432878045,55.98167653137073],[14.135792343917267,55.98167456507045],[14.135781172907047,55.98167131711596],[14.13577134913493,55.98166691232205],[14.135763250115476,55.981661519959374],[14.13575718708282,55.98165534724951],[14.13575339303039,55.9816486314016],[14.13575192682155,55.98164118922837],[14.135747477325143,55.98142667612341],[14.13574747602506,55.98142662565277],[14.1357474717398,55.98142648641507],[14.135747467883856,55.98142639071738],[14.135747455243148,55.98142613694715],[14.135747451690497,55.981426073633756],[14.13573679734245,55.98125536863751]]]]}},{"type":"Feature","properties":{"color":"#E58E27","district":"Sahara"},"geometry":{"type":"MultiPolygon","coordinates":[[[[14.146188347731947,55.982987552033435],[14.146175407725632,55.982986490280666],[14.146163798472129,55.98298421125771],[14.14615317899317,55.98298073566068],[14.146143938965855,55.98297619102515],[14.146136417448549,55.98297074411465],[14.14613089043925,55.98296459480111],[14.14612756074807,55.98295796873082],[14.14612655055531,55.98295110904431],[14.146127981757937,55.982943836392685],[14.146182735930966,55.982796938195584],[14.146247336525029,55.98262353641297],[14.14631503626758,55.982441836905345],[14.146384235939687,55.98225613758225],[14.14645693636146,55.982061036237376],[14.146531334482047,55.9818613410641],[14.146605735446016,55.98166173825723],[14.14668013008058,55.98146205244219],[14.146739776379803,55.98130218791212],[14.146743780719872,55.98129504537822],[14.146749817749715,55.98128886644151],[14.146757893002203,55.98128346494694],[14.146767696289979,55.98127904837669],[14.146778851048811,55.98127578637999],[14.146790928802039,55.98127380425656],[14.14680346561936,55.98127317814368],[14.146816768714285,55.98127397961285],[14.147206461299634,55.98131940645303],[14.147219224055206,55.9813216428435],[14.147230266567718,55.981325015802966],[14.14723992178065,55.981329528484785],[14.14724781914531,55.98133500770108],[14.147253655575417,55.98134124317018],[14.147257207078994,55.98134799558681],[14.147258337354906,55.98135500580611],[14.147256918921746,55.981362445931566],[14.147197581837336,55.98152261519884],[14.147123164571768,55.98172226162699],[14.147048763263626,55.98192196491869],[14.146974369985658,55.982121646657774],[14.146901569131483,55.98231674876066],[14.14683247430344,55.98250243461412],[14.146764666823435,55.98268415454541],[14.146700095894357,55.98285747630946],[14.14670008397704,55.982857508593995],[14.146662654649544,55.98295985270034],[14.146658363908525,55.98296744430811],[14.14665176884921,55.98297396194374],[14.146642901450782,55.982979572915404],[14.146631468536793,55.98298431479384],[14.146605306885103,55.98299295971898],[14.146593296492508,55.98299609281491],[14.146581193170745,55.982997763561464],[14.146567956166319,55.982998115624625],[14.146188347731947,55.982987552033435]]],[[[14.144980594857078,55.981384197838835],[14.14496738831669,55.98138299419292],[14.144955598223577,55.98138052793631],[14.144944894447715,55.98137682244411],[14.14493568818013,55.9813720200648],[14.1449283330839,55.98136630528441],[14.144923111707982,55.981359897639145],[14.144920224633042,55.981353043281864],[14.144919754915325,55.98134556193611],[14.144948705483808,55.98108899396656],[14.14495085322226,55.981081604843695],[14.144955258307473,55.98107500784936],[14.144961878850447,55.98106901830299],[14.144970460504156,55.98106386630928],[14.144980673580594,55.981059749795875],[14.144992125716625,55.981056826909686],[14.145004376947671,55.98105520994116],[14.145017749506993,55.98105494532032],[14.145359664988362,55.98106697455333],[14.145974378295783,55.981088775019884],[14.146318173938843,55.98110097486518],[14.146587681236772,55.98111054986662],[14.146600488544555,55.981111695515686],[14.14661195510595,55.98111402858694],[14.146622426095938,55.981117532773574],[14.146631523605796,55.98112208160595],[14.146638919296711,55.981127510912174],[14.14664434624995,55.9811336247431],[14.14664760860021,55.98114020244426],[14.146648588604721,55.98114700661951],[14.146647166620117,55.98115421914317],[14.146552691734966,55.98140844094271],[14.146548490037882,55.98141585577116],[14.146542093614793,55.98142223798956],[14.146533518509278,55.9814277627795],[14.146523120429794,55.98143220096376],[14.146511330705232,55.98143536843912],[14.146498638392586,55.98143713381347],[14.146484745729841,55.98143744214993],[14.14628105001981,55.98143032596428],[14.145937118569517,55.98141812486868],[14.145322418761669,55.98139632487551],[14.144980594857078,55.981384197838835]]],[[[14.14474560654784,55.98178100356558],[14.144732399148033,55.981779798906935],[14.144720608664459,55.98177733154404],[14.144709904998376,55.98177362484862],[14.144700699398511,55.98176882123683],[14.1446933455555,55.9817631052698],[14.144688126012698,55.98175669656238],[14.144685241310533,55.981749841345376],[14.144684774609622,55.98174235937743],[14.14471308715514,55.98149238655883],[14.144715237607569,55.98148499861529],[14.144719644549392,55.98147840292462],[14.144726266222724,55.98147241476448],[14.14473484829986,55.98146726412953],[14.144745061157856,55.98146314884642],[14.144756512538791,55.981460226975784],[14.144768762615659,55.981458610741335],[14.144782133692626,55.98145834655537],[14.145345370177779,55.9814781747364],[14.145955071079573,55.98149977476486],[14.146436278088869,55.98151685328023],[14.146449085887161,55.98151799848548],[14.146460553024912,55.981520331203555],[14.146471024671094,55.9815238351111],[14.146480122880053,55.981528383744205],[14.146487519276324,55.98153381293242],[14.146492946906381,55.981539926724004],[14.146496209873625,55.98154650445815],[14.146497190408923,55.98155330872932],[14.146495768875205,55.981560521409094],[14.146403691748857,55.981808333783825],[14.146399489767381,55.98181574963162],[14.146393092405338,55.98182213266687],[14.146384515797019,55.98182765802977],[14.146374115806008,55.98183209645946],[14.146362323952916,55.98183526379466],[14.146349629510603,55.981837028614756],[14.146335734820553,55.98183733592597],[14.145918596335235,55.98182272758937],[14.145308925624208,55.981801025119374],[14.14474560654784,55.98178100356558]]],[[[14.14527669965295,55.98101900072575],[14.145263492862231,55.981017796567485],[14.145251702736545,55.98101532974943],[14.145240999166885,55.98101162364519],[14.145231793368211,55.98100682063782],[14.14522443901296,55.981001105251664],[14.145219218643525,55.98099469706333],[14.145216332817437,55.98098784226555],[14.145215864643037,55.98098036059993],[14.145235997880338,55.98080227351611],[14.145238146169241,55.980794886693864],[14.145242550301688,55.980788291734214],[14.145249168557802,55.98078230386646],[14.14525774682938,55.9807771529942],[14.145267955754047,55.98077303688452],[14.145279403361101,55.98077011357486],[14.145291650121118,55.9807684953053],[14.145305018464766,55.980768228382466],[14.145646456869017,55.98078017427526],[14.146016050885573,55.98079327404822],[14.146319485147206,55.98080408010895],[14.146332683300564,55.98080528434526],[14.146344465991586,55.980807749536176],[14.146355163667799,55.980811452494535],[14.14636436586023,55.980816251138236],[14.146371719481142,55.98082196134388],[14.146376942371939,55.98082836401144],[14.146379834129572,55.980835213470904],[14.146380312138431,55.980842690222374],[14.146360439408705,55.981020790737894],[14.14635829996135,55.981028182702154],[14.146353900955276,55.981034783033124],[14.146347284628265,55.98104077631319],[14.146338705304453,55.98104593216654],[14.146328492763997,55.981050052407156],[14.146317039566743,55.981052978656955],[14.146304785962556,55.98105459843366],[14.146291409857744,55.98105486529771],[14.145987740614794,55.98104422563886],[14.145618128755434,55.98103112523004],[14.14527669965295,55.98101900072575]]],[[[14.14455909126827,55.982561810861746],[14.144545885898735,55.98256060520339],[14.144534097493723,55.98255813734593],[14.144523395862839,55.98255443059296],[14.144514192054746,55.98254962732059],[14.144506839586516,55.98254391202226],[14.144501620865013,55.9825375042221],[14.144498736339724,55.98253065004314],[14.144498269099737,55.98252316919349],[14.144527293110801,55.98226667871154],[14.144529442457788,55.98225929146425],[14.14453384795484,55.98225269624601],[14.14454046786957,55.98224670830487],[14.144549047995628,55.982241557578355],[14.144559258854663,55.98223744185484],[14.144570708348475,55.982234519178476],[14.144582956815576,55.98223290178015],[14.1445963266462,55.9822326360098],[14.144902459701179,55.982243374371976],[14.145534133919465,55.98226577344753],[14.14586175552649,55.982277474207535],[14.146148976974507,55.982287656806434],[14.146161785157018,55.9822888015333],[14.14617325279505,55.982291133821576],[14.146183725062743,55.98229463733515],[14.146192823992475,55.98229918562454],[14.146200221183165,55.98230461453184],[14.14620564965289,55.98231072811567],[14.146208913475014,55.98231730572304],[14.14620989484967,55.98232410995317],[14.146208474159533,55.98233132268245],[14.146114074902442,55.98258546587702],[14.146109876922505,55.98259287776667],[14.146103485882298,55.98259925801636],[14.14609491758899,55.98260478194679],[14.146084527152652,55.982609220620006],[14.146072745202092,55.98261239007609],[14.146060060037568,55.98261415895766],[14.146046173502874,55.9826144725597],[14.145824774406073,55.98260683023934],[14.145824622398065,55.98260682490228],[14.145496942853086,55.98259512573414],[14.144865349822728,55.98257272597608],[14.14455909126827,55.982561810861746]]],[[[14.144542293540107,55.98214950896579],[14.14452908784545,55.982148303579635],[14.144517299072177,55.982145835888474],[14.144506597050155,55.98214212921099],[14.144497392866608,55.982137325928655],[14.144490040073219,55.98213161054576],[14.144484821105443,55.9821252026022],[14.144481936433667,55.98211834824053],[14.144481469156743,55.9821108671782],[14.144510492678565,55.98185438101981],[14.14451264212363,55.98184699353718],[14.144517047837873,55.98184039813027],[14.144523668075468,55.98183441005659],[14.14453224860108,55.98182925927378],[14.144542459899634,55.98182514358525],[14.144553909830515,55.98182222104398],[14.14456615868681,55.9818206038831],[14.144579528832335,55.98182033846849],[14.144933758451439,55.981832774327],[14.145530970695745,55.981853974750685],[14.146071268982908,55.98187318437919],[14.146084469261263,55.981874388071255],[14.146096253976326,55.98187685309387],[14.146106953518395,55.98188055621181],[14.146116157249777,55.98188535530325],[14.146123511940091,55.981891066184],[14.146128735322872,55.98189746967622],[14.146131626928756,55.98190432002016],[14.14613210407032,55.981911797674044],[14.146103446738195,55.98216828146865],[14.14610130572203,55.982175674229204],[14.146096904649653,55.98218227507977],[14.14609028578667,55.982188268568294],[14.146081703617348,55.98219342425421],[14.146071488112474,55.9821975439092],[14.146060032042538,55.98220046913863],[14.146047775876259,55.9822020874718],[14.146034397604474,55.98220235239418],[14.145493735243315,55.98218332545335],[14.144896539647734,55.98216212561634],[14.144542293540107,55.98214950896579]]],[[[14.144592027097039,55.98293837903561],[14.14457874225794,55.98293722088066],[14.144566869182857,55.98293478235728],[14.144556080606607,55.98293108936676],[14.144546794957678,55.98292628513965],[14.144539372374055,55.98292055600517],[14.14453410073537,55.98291412416441],[14.14453118449783,55.982907239072425],[14.144530708541666,55.98289972202201],[14.144559691824998,55.9826435914562],[14.144561841803828,55.98263620290458],[14.144566248751357,55.982629606633985],[14.144572870856548,55.98262361794525],[14.144581453737555,55.98261846688728],[14.144591667691882,55.98261435133218],[14.144603120361559,55.98261142937439],[14.144615371805122,55.982609813257554],[14.14462874428915,55.98260954941921],[14.145225415249865,55.98263057280108],[14.145774738869763,55.982650173614225],[14.146010737412677,55.98265847949963],[14.14602355002646,55.98265962143749],[14.146035022425542,55.9826619519057],[14.1460454996561,55.982665454423746],[14.146054603368832,55.982670002510346],[14.146062004813944,55.982675431926985],[14.146067436712892,55.98268154660892],[14.146070702910228,55.982688125745284],[14.146071685457201,55.98269493175295],[14.146070264669035,55.98270214642962],[14.145978063831512,55.98295036537761],[14.145973895582115,55.98295773873215],[14.145967557486532,55.9829640906015],[14.145959062125689,55.982969597980706],[14.145948757808819,55.98297403506709],[14.145937067012841,55.98297721993984],[14.145924469060802,55.98297902201906],[14.145910661330484,55.98297938920231],[14.145742845713398,55.98297432226247],[14.14519333363066,55.98295722194758],[14.144592027097039,55.98293837903561]]],[[[14.142344609961365,55.980581745108566],[14.142331986564978,55.98058062448192],[14.142320670447743,55.980578350351415],[14.142310310269961,55.98057493602333],[14.142301269139368,55.98057050116451],[14.142293863932892,55.980565201209764],[14.142288354190562,55.98055922191417],[14.142284933019113,55.980552772842394],[14.142283720324015,55.980546080024034],[14.142284758607103,55.9805393780314],[14.142288216353203,55.980532493861986],[14.142461247868544,55.980281180586196],[14.142467798607198,55.980274021930406],[14.142476344292774,55.98026815951478],[14.142486894837777,55.980263428340635],[14.142498982354093,55.98026003822247],[14.14251207079367,55.98025813950258],[14.142526432306033,55.98025779599096],[14.14325391200656,55.980283372690444],[14.14414377149734,55.98031507477655],[14.144425608346818,55.9803250878021],[14.144438804559792,55.980326290606456],[14.144450586077173,55.980328754083835],[14.144461283421082,55.98033245505835],[14.14447048626849,55.98033725157017],[14.144477841621056,55.98034295963733],[14.144483067345227,55.98034936031284],[14.14448596299431,55.98035620808291],[14.144486446144155,55.98036368351841],[14.144472595934351,55.980488629257515],[14.144472566523284,55.980489066695085],[14.144472553315381,55.98048962400371],[14.14447269615027,55.98049094533622],[14.144473132699403,55.9804927561464],[14.144473862901789,55.98049447982777],[14.144474355296657,55.98049528053572],[14.1444756752406,55.98049689069983],[14.14447643861773,55.98049762187455],[14.144478297090295,55.980499056048146],[14.144479301832545,55.98049968932188],[14.144481626727734,55.980500891861084],[14.144482833852035,55.980501402663066],[14.144485534965364,55.98050232690999],[14.144486897633652,55.98050269542075],[14.144489870165168,55.98050330551576],[14.144493011478072,55.98050375982203],[14.144495349886943,55.980503996504254],[14.144496387210404,55.98050405766052],[14.144497177419641,55.98050409325018],[14.145089539132194,55.98052255923459],[14.145090324455747,55.98052257295404],[14.145091358456657,55.98052257687226],[14.145093708483747,55.98052248923968],[14.145096893775486,55.980522238322365],[14.145099943709274,55.98052182499752],[14.14510136134976,55.9805215485197],[14.145104209622598,55.98052081153655],[14.145105504233644,55.980520386226324],[14.14510804228978,55.980519353673486],[14.145109164528895,55.980518795740856],[14.14511129563457,55.98051750697234],[14.145112202729464,55.980516837682046],[14.145113845661891,55.980515341816734],[14.145114503040471,55.98051458667743],[14.1451155951823,55.980512940727436],[14.14511641496042,55.980511200484486],[14.145116846731387,55.98050990511799],[14.145116961313512,55.980509330169355],[14.14511702926873,55.980508892233786],[14.145130583813987,55.98038704147383],[14.145132717500692,55.9803796560693],[14.145137106831028,55.98037306074399],[14.145143709908897,55.98036707064456],[14.145152273392377,55.98036191559378],[14.145162468724871,55.98035779337594],[14.145173904740867,55.980354862148396],[14.14518614267383,55.98035323437379],[14.14519950528923,55.98035295599955],[14.14578428634902,55.98037289637362],[14.145797513467267,55.98037408412436],[14.145809326715659,55.980376539428434],[14.145820055476198,55.980380238163235],[14.145829286604217,55.98038503789749],[14.145836664625657,55.98039075380239],[14.145841905425737,55.98039716576904],[14.145844807189778,55.980404026884415],[14.145845286601073,55.98041151706165],[14.145816552657784,55.980668472084695],[14.145814410569468,55.98067586570188],[14.145810008026428,55.98068246716176],[14.145803387329956,55.98068846097607],[14.145794803099404,55.98069361663324],[14.14578458546861,55.980697735855735],[14.145773127389507,55.98070066022537],[14.14576086951989,55.98070227727592],[14.145747489957547,55.98070254042106],[14.145082022764258,55.98067902501762],[14.144469633219021,55.98065732538845],[14.144187775979107,55.980647311819794],[14.144174581342828,55.98064610923785],[14.144162801099627,55.98064364630383],[14.14415210465856,55.9806399461622],[14.14414290220303,55.98063515070484],[14.14413554662516,55.98062944382635],[14.14413031999327,55.980623044372145],[14.144127422735242,55.98061619774615],[14.144126937162211,55.98060872332727],[14.144138224683582,55.98050656790061],[14.144138253651157,55.98050614220855],[14.144138267501427,55.98050560285878],[14.144138135102917,55.98050431462112],[14.144137723645946,55.98050254336187],[14.14413703305798,55.98050085890566],[14.144136565147614,55.98050007343052],[14.144135311414518,55.98049849397979],[14.144134583598579,55.98049777308111],[14.14413281301846,55.98049635696213],[14.144131852174144,55.98049572726171],[14.144129630131719,55.98049452676941],[14.14412847174205,55.98049401152125],[14.144125880293089,55.98049307098747],[14.144124567132891,55.98049268921785],[14.144121701975415,55.980492043374966],[14.144118663431632,55.980491542046636],[14.144116398319039,55.980491265838964],[14.144115390433257,55.98049118498042],[14.144114622484794,55.980491133885835],[14.143642838846569,55.98046616618967],[14.143642095639585,55.98046613656075],[14.143641114895301,55.98046611022594],[14.143638881742351,55.980466137189],[14.143635838527326,55.98046629274901],[14.143632912310936,55.98046659713689],[14.14363153624935,55.98046681563661],[14.143628760502379,55.98046741664236],[14.143627480031641,55.980467773336095],[14.14362494992123,55.98046865035396],[14.143623808945723,55.980469133011454],[14.14362161121529,55.980470255973515],[14.143620648850662,55.98047084804808],[14.14361885885146,55.980472178452565],[14.143617254953826,55.98047363373135],[14.143616217533488,55.980474740454554],[14.143615823023927,55.98047524349701],[14.143615539545532,55.980475629008225],[14.143531404468565,55.98059803549751],[14.143524864415195,55.980605193260075],[14.143516329817743,55.98061105648456],[14.14350579057601,55.98061579030515],[14.143493713666441,55.98061918497376],[14.143480634197623,55.980621090077925],[14.143466279527974,55.980621442103605],[14.14321687033673,55.980612830101784],[14.142344609961365,55.980581745108566]]],[[[14.144017434541361,55.98097426059542],[14.144003955249607,55.98097301526285],[14.143991946311397,55.9809704546953],[14.143981089194114,55.980966607580505],[14.143971818730467,55.98096162799739],[14.143964506206435,55.9809557153807],[14.14395944449118,55.98094910653365],[14.14395683630755,55.98094206614354],[14.143956786113089,55.98093487618111],[14.143959454166822,55.9809273799859],[14.144055377393846,55.98075189590257],[14.144060353221215,55.9807451667569],[14.14406709650121,55.9807394485129],[14.144075657017062,55.98073455021169],[14.144085723591107,55.980730649907784],[14.144096930300385,55.98072788937826],[14.14410886977801,55.98072636896905],[14.144121879046148,55.980726129770716],[14.144376857918182,55.980735074307496],[14.144754561153725,55.980748474411364],[14.145094782098232,55.98076058203737],[14.145107980702866,55.98076178599765],[14.145119763876062,55.980764251018584],[14.145130462048247,55.980767953897825],[14.145139664708063,55.980772752548255],[14.1451470187297,55.98077846283568],[14.145152241923066,55.98078486564437],[14.145155133862106,55.98079171528506],[14.145155611920893,55.98079919224854],[14.145135739649083,55.98097728872797],[14.14513360010617,55.98098468089788],[14.145129200881513,55.98099128139459],[14.145122584225144,55.98099727479214],[14.145114004488251,55.98100243069716],[14.145103791485557,55.9810065509105],[14.14509233781696,55.981009477046044],[14.145080083775284,55.98101109661956],[14.145066707287285,55.981011363177714],[14.144726241550204,55.98099942567228],[14.144348527309502,55.98098602517918],[14.144017434541361,55.98097426059542]]],[[[14.143659766396606,55.98133726481581],[14.143646970420901,55.981336121159956],[14.143635512962677,55.981333792177814],[14.143625048447834,55.98133029399481],[14.14361595386322,55.98132575263402],[14.143608556843207,55.981320331699195],[14.143603123866644,55.98131422648097],[14.143599850656875,55.981307656921274],[14.14359885513092,55.981300859690066],[14.143600173151615,55.98129407965904],[14.143603757235827,55.98128756108004],[14.14360983867148,55.98128115940106],[14.143901671489358,55.981033876858156],[14.143910761492098,55.98102769658324],[14.143921289826688,55.9810230078597],[14.143933333661137,55.98101964975781],[14.143946364011459,55.981017769770595],[14.143960657007446,55.98101743031988],[14.144304361892656,55.98102947444911],[14.144807540322855,55.98104729461213],[14.144820744222786,55.98104849697579],[14.144832532494998,55.981050961510164],[14.144843235375788,55.98105466487104],[14.144852441885742,55.981059464853416],[14.144859798504154,55.98106517714314],[14.144865022743737,55.98107158239421],[14.144867913998013,55.981078434651735],[14.144868389434384,55.98108591428269],[14.1448396580671,55.98134240037773],[14.14483751592005,55.981349790920014],[14.144833115230407,55.98135638974022],[14.144826498088277,55.98136238147223],[14.144817918769965,55.98136753587145],[14.144807706952792,55.98137165486944],[14.144796255046623,55.98137458018515],[14.144784003114715,55.981376199407194],[14.14477062897078,55.98137646612819],[14.144267178339579,55.9813588269603],[14.143659766396606,55.98133726481581]]],[[[14.143275590324189,55.9817288039237],[14.143262384653921,55.981727599361065],[14.143250595620929,55.98172513242908],[14.143239893058492,55.98172142646437],[14.143230688067261,55.9817166238185],[14.143223334223633,55.981710908968005],[14.143218113998358,55.98170450142843],[14.143215227906555,55.98169764732243],[14.143214759003198,55.98169016635881],[14.143243001288859,55.9814400928396],[14.14324514969321,55.981432703925734],[14.143249555300304,55.98142610718077],[14.143256176247252,55.98142011791716],[14.14326475818158,55.981414966219525],[14.14327497141759,55.981410849996365],[14.143286423601596,55.98140792737707],[14.143298674784592,55.98140631063747],[14.143312047212303,55.98140604620759],[14.143855508349155,55.98142517255993],[14.144301062050102,55.98144107444007],[14.14457185994784,55.98145068820458],[14.144585061391457,55.98145189138604],[14.14459684727787,55.981454356183036],[14.144607547945082,55.981458059322634],[14.144616752641731,55.98146285865773],[14.144624108039755,55.98146856996318],[14.144629331797107,55.98147497400727],[14.144632223395655,55.98148182496689],[14.144632700103541,55.98148930327066],[14.144604747370263,55.98173930878299],[14.144602607134209,55.98174669867898],[14.1445982086464,55.98175329715458],[14.14459159398918,55.98175928887295],[14.144583017288214,55.98176444363998],[14.14457280804877,55.981768563416004],[14.144561358496539,55.981771489924434],[14.144549108508855,55.98177311073249],[14.144535735809644,55.98177337950705],[14.144264650478014,55.981763925975514],[14.143819034487151,55.9817481254328],[14.143275590324189,55.9817288039237]]],[[[14.143043496651334,55.982883702105454],[14.143030300518197,55.98288249874957],[14.143018519232529,55.98288003493447],[14.1430078222179,55.98287633380572],[14.142998619737835,55.982871537313194],[14.142991264735477,55.982865829417314],[14.142986039297085,55.98285942903358],[14.142983143833206,55.98285258163638],[14.142982660749473,55.98284510663642],[14.14301109107553,55.982588641984215],[14.143013226905538,55.98258124595394],[14.143017625146648,55.98257464173299],[14.143024243208439,55.98256864489368],[14.143032826448247,55.9825634861751],[14.143043044610113,55.98255936406802],[14.143054504531918,55.98255643717771],[14.143066765273037,55.98255481812134],[14.143080148626808,55.98255455350487],[14.143949127952908,55.98258517324875],[14.144418474591008,55.98260188097326],[14.144431674127341,55.98260308513614],[14.144443458051647,55.98260555040991],[14.144454156796613,55.982609253589416],[14.144463359806895,55.98261405256841],[14.144470713924335,55.982619763190264],[14.144475936940024,55.98262616631462],[14.144478828423981,55.98263301622694],[14.144479305716374,55.98264049340655],[14.144450645562205,55.98289707619373],[14.144448504498596,55.98290446952422],[14.14444410297496,55.98291107086282],[14.14443748329677,55.98291706473485],[14.144428900017978,55.98292222065031],[14.144418683201772,55.982926340342104],[14.144407225728202,55.982929265390375],[14.14439496818629,55.98293088331446],[14.14438158861262,55.982931147566454],[14.143912838589367,55.98291462557211],[14.143043496651334,55.982883702105454]]],[[[14.142768394668122,55.98249820870788],[14.142755188794139,55.98249700336089],[14.14274339984935,55.98249453569503],[14.14273269766274,55.98249082903102],[14.142723493330825,55.9824860257508],[14.142716140413533,55.98248031035988],[14.142710921353107,55.98247390240014],[14.142708036624947,55.98246704801647],[14.142707569329778,55.98245956692747],[14.142736592449916,55.98220308431877],[14.142738742067763,55.98219569649658],[14.142743148182793,55.98218910081508],[14.142749769028319,55.98218311254557],[14.14275835032195,55.98217796167462],[14.142768562488325,55.98217384602749],[14.142780013316878,55.98217092367036],[14.142792263025141,55.98216930683977],[14.14280563394694,55.98216904192432],[14.143278862312062,55.9821856744619],[14.143622669307282,55.9821978747019],[14.144385371412495,55.98222498843326],[14.144398561326012,55.98222619050125],[14.14441033771777,55.982228651901394],[14.144421031404644,55.98223234959321],[14.144430232638054,55.982237141892874],[14.14443758885519,55.9822428451746],[14.144442818188066,55.982249240906555],[14.144445720263885,55.98225608402425],[14.144446213104157,55.98226355530478],[14.14441814697475,55.982520033112756],[14.144416020209102,55.98252743312643],[14.144411628053367,55.982534041747996],[14.144405013539714,55.98254004326189],[14.144396431385834,55.98254520655553],[14.14438621208179,55.98254933279524],[14.144374749163097,55.98255226308335],[14.144362484056154,55.98255388457712],[14.144349095200898,55.98255415060827],[14.143586376587166,55.98252732690734],[14.14324342277876,55.9825151250174],[14.142768394668122,55.98249820870788]]],[[[14.142814811492718,55.98208819688355],[14.142801603059365,55.98208699324497],[14.142789811331808,55.982084526667386],[14.142779106239526,55.98208082056164],[14.142769899124387,55.982076017334535],[14.142762543768256,55.982070301549584],[14.142757322798973,55.982063892835164],[14.142754436830497,55.9820570374453],[14.142753969016416,55.98204955515016],[14.142783015829847,55.98179278924715],[14.142785166636177,55.98178539836707],[14.142789575794678,55.981778800194554],[14.142796201351375,55.98177281012436],[14.14280478862996,55.981767658404834],[14.142815007549203,55.98176354305939],[14.142826465310709,55.98176062227489],[14.14283872149749,55.98175900832137],[14.142852098145404,55.98175874778853],[14.143424578414573,55.981779075024555],[14.14343866870331,55.98177957468037],[14.144078871194383,55.98180237476726],[14.144369264128338,55.981812687446485],[14.144382465125142,55.98181389070059],[14.144394250607524,55.98181635545353],[14.144404950938641,55.981820058445926],[14.144414155413394,55.98182485754794],[14.144421510740939,55.981830568558316],[14.14442673460482,55.981836972274394],[14.144429626499104,55.98184382290571],[14.144430103719989,55.98185130089588],[14.144401444215964,55.98210780424632],[14.144399304302127,55.98211519468373],[14.144394905754659,55.98212179366096],[14.14438829069994,55.98212778582023],[14.144379713313173,55.9821329409195],[14.144369503170369,55.98213706087963],[14.14435805258482,55.9821399873957],[14.144345801532843,55.98214160801931],[14.144332427779313,55.982141876392426],[14.144041651009742,55.98213172599515],[14.143388122033159,55.98210852499104],[14.142814811492718,55.98208819688355]]],[[[14.142120910601493,55.980906833717604],[14.142108286650208,55.980905714380135],[14.142096969625191,55.98090344138992],[14.14208660818926,55.98090002809039],[14.142077565498898,55.98089559411401],[14.142070158489714,55.98089029486657],[14.142064646768203,55.9808843160807],[14.14206122351293,55.9808778673059],[14.142060008703911,55.98087117456418],[14.142061044917618,55.98086447242815],[14.142064500587969,55.98085758788093],[14.14218465786314,55.980682982045536],[14.14219120661003,55.980675822646404],[14.14219975078913,55.9806699593374],[14.142210300248735,55.98066522712404],[14.14222238713294,55.980661835874066],[14.142235475403483,55.980659935985074],[14.142249837215717,55.98065959124909],[14.142540160577271,55.98066977440083],[14.143104434483414,55.98068977346691],[14.1433969146153,55.98070021415562],[14.14340957203839,55.980701340388954],[14.143420915706164,55.98070362631301],[14.14343129584997,55.98070705810189],[14.143440346657668,55.980711514814274],[14.143447749164643,55.98071683938889],[14.14345324249457,55.9807228441796],[14.143456633053123,55.98072931756837],[14.143457801350687,55.98073603142291],[14.14345670621346,55.98074274913646],[14.143453177122877,55.98074964241872],[14.14333114472308,55.98092413238269],[14.14332456340035,55.980931240287944],[14.143316017587589,55.98093705740424],[14.143305492080913,55.98094175008146],[14.14329344933033,55.980945112141264],[14.14328041844832,55.98094699586753],[14.14326612339504,55.980947338856474],[14.143076154090966,55.980940726100165],[14.142511833545617,55.98092072539987],[14.142120910601493,55.980906833717604]]],[[[14.142926353277224,55.98171630896811],[14.142912435996747,55.98171500501742],[14.142900075127367,55.98171229878563],[14.142888972919462,55.98170822852702],[14.142879603775034,55.98170296816566],[14.142872368041038,55.98169674247909],[14.142867574902413,55.981689817493624],[14.142865429170577,55.98168248911668],[14.142866059967238,55.98167460245037],[14.142932436562702,55.981425964826954],[14.14293545821042,55.9814190889428],[14.142940386070677,55.98141302508277],[14.142947229817823,55.981407574271785],[14.142955754279678,55.98140292381585],[14.142965666529987,55.981399233518346],[14.142976625954365,55.981396630188804],[14.142988255954702,55.98139520328519],[14.143000906335459,55.981394989154346],[14.143101691312706,55.98139852193477],[14.143114902374922,55.9813997203954],[14.143126698147888,55.981402182617614],[14.143137408614708,55.981405885032586],[14.143146622145471,55.98141068534737],[14.143153984640872,55.98141639907409],[14.143159213141075,55.98142280662004],[14.143162106700633,55.98142966172714],[14.14316258231195,55.98143714461969],[14.14313456074413,55.98168710899118],[14.143132418406829,55.98169449856537],[14.143128018129225,55.98170109653661],[14.14312140193203,55.9817070875769],[14.143112823991281,55.98171224152619],[14.143102613848482,55.981716360383096],[14.143091163750462,55.9817192859118],[14.143078913580322,55.981720905721],[14.14306554106373,55.98172117345653],[14.142926353277224,55.98171630896811]]],[[[14.141868490746287,55.981273540124675],[14.141855868169065,55.981272420151996],[14.141844552537213,55.981270146841766],[14.141834192467257,55.98126673349509],[14.141825150994032,55.981262299721685],[14.141817744946088,55.98125700088868],[14.141812233843494,55.981251022676446],[14.141808810803878,55.98124457457182],[14.14180759577532,55.98123788252735],[14.141808631333332,55.98123118104366],[14.141812085875006,55.98122429706757],[14.141985056575567,55.98097289099455],[14.141991606047483,55.980965729901925],[14.142000151970976,55.98095986532306],[14.142010704002933,55.98095513232641],[14.142022793977516,55.98095174090232],[14.142035885495039,55.980949841519056],[14.14205025051775,55.98094949805698],[14.142470269132646,55.98096427469912],[14.142923586731358,55.98098032912848],[14.142937271118683,55.980981603957545],[14.142949444485367,55.98098423436285],[14.142960415959815,55.98098818734577],[14.142969732434477,55.98099329965342],[14.142977009150686,55.980999360154335],[14.14298194558867,55.98100611855787],[14.142984337878682,55.981013295750685],[14.142984087220771,55.98102059532391],[14.142981203965325,55.981027715814335],[14.14297546680979,55.98103478240353],[14.142831770126588,55.981172578727595],[14.142831440506614,55.981172910724176],[14.142831032562093,55.98117334286043],[14.142830192970608,55.98117438872875],[14.142828674718844,55.98117665680991],[14.142828078180456,55.9811777577735],[14.142827871471706,55.98117825095976],[14.142827729174838,55.98117862632228],[14.142795267007859,55.9812742675259],[14.142791230228545,55.981281810272534],[14.1427849130563,55.98128831898173],[14.142776344436193,55.98129396462171],[14.142765888563492,55.98129850723314],[14.142753989848739,55.98130175373915],[14.14274115402883,55.98130356615185],[14.142727092196782,55.98130388644445],[14.142323190714588,55.98128972739556],[14.141868490746287,55.981273540124675]]]]}}]}