{"type":"FeatureCollection","name":"villages","features":[{"type":"Feature","properties":{"color":"#E9ABB7","district":"Himalaya"},"geometry":{"type":"Polygon","coordinates":[[[14.138089243498086,55.979849906848486],[14.138083050207644,55.97984925494632],[14.138077203221151,55.97984793959296],[14.138071927220889,55.97984601133352],[14.138067424947748,55.97984354426528],[14.1380638694105,55.97984063319033],[14.138061397237589,55.97983738997254],[14.138060103426927,55.979833939239064],[14.138060037695444,55.97983041359122],[14.138093786274856,55.97961576566318],[14.138094951269888,55.97961230032909],[14.138097302270745,55.97960902875124],[14.138100748921957,55.97960607666505],[14.138105158759394,55.97960355752693],[14.138110362301243,55.979601568154024],[14.138116159561632,55.97960018500314],[14.138122327736621,55.9795994612324],[14.138128629767102,55.979599424658176],[14.138586867018965,55.979621993442194],[14.138593059435127,55.979622645238415],[14.13859890566619,55.97962396030808],[14.13860418112058,55.97962588813088],[14.138608683133873,55.979628354646664],[14.138612238754423,55.97963126510057],[14.138614711387572,55.97963450768321],[14.138616006043142,55.97963795782593],[14.138616072984682,55.97964148298632],[14.138582404222745,55.97985613077387],[14.138581240289861,55.97985959663741],[14.138578890003908,55.979862868821094],[14.1385754437134,55.97986582153687],[14.138571033899119,55.97986834127757],[14.138565830081372,55.97987033118023],[14.138560032303356,55.9798717147497],[14.13855386344116,55.97987243879934],[14.138547560636015,55.979872475495426],[14.138089243498086,55.979849906848486]]]}},{"type":"Feature","properties":{"color":"#BA2F4B","district":"Stora Barriärrevet"},"geometry":{"type":"Polygon","coordinates":[[[14.130293516437234,55.97832883439013],[14.130299312062036,55.978329351461916],[14.130304843092297,55.97833044944086],[14.130309925182742,55.97833209173211],[14.130314388950866,55.97833422359928],[14.13031808562235,55.97833677398876],[14.130320891989575,55.97833965789788],[14.130322714518082,55.97834277920793],[14.130390264691997,55.9785084018027],[14.13039105405965,55.978511830390474],[14.130390656539012,55.97851528014472],[14.130389086813919,55.97851862363386],[14.13038640286868,55.978521737351585],[14.130382703846232,55.97852450627923],[14.130378126385876,55.97852682813434],[14.130372839575946,55.97852861714912],[14.12980066862379,55.9786823495503],[14.129794419465524,55.978683603119435],[14.129787843345676,55.978684111779835],[14.129781220707597,55.97868385383937],[14.129774833978459,55.97868284029806],[14.129768955524876,55.97868111437913],[14.129483572797387,55.978574967510426],[14.129478380604727,55.97857256130365],[14.129474199560727,55.978569602119016],[14.129471213562095,55.97856622011184],[14.129469553943148,55.97856256403459],[14.129469293699325,55.97855879469427],[14.129498035480092,55.97831712486656],[14.129499068507464,55.97831364596198],[14.129501294929659,55.97831034670738],[14.129504629155274,55.97830735393716],[14.129508943005325,55.978304782703404],[14.129514070640885,55.97830273185285],[14.129519814938519,55.97830128022702],[14.12952595506833,55.9783004836312],[14.129532254983383,55.978300372689205],[14.130293516437234,55.97832883439013]]]}},{"type":"Feature","properties":{"color":"#BA2F4B","district":"Stora Barriärrevet"},"geometry":{"type":"Polygon","coordinates":[[[14.129932814519906,55.97972340273142],[14.129926329028748,55.97972348920088],[14.129919944558143,55.97972284542295],[14.12991392109277,55.97972149761322],[14.129908503916614,55.97971950065636],[14.129903913624615,55.97971693587132],[14.129900337139716,55.979713907699704],[14.12989792010112,55.97971053945289],[14.129756864100877,55.9794368268843],[14.129755703690241,55.97943324670702],[14.129755854872649,55.9794296091219],[14.129757311460827,55.97942606299147],[14.129760013845836,55.979422753435564],[14.129763851436516,55.97941981589256],[14.129768667185305,55.97941737057677],[14.129774264015177,55.97941551755885],[14.129780412884719,55.97941433267059],[14.129786862161255,55.97941386440166],[14.12979334791849,55.979414131915185],[14.129799604737217,55.97941512426363],[14.130192554408167,55.97950231127716],[14.130198580096497,55.979504081877465],[14.13020380449792,55.979506522540646],[14.13020799343879,55.97950952386881],[14.130210959157806,55.979512951333284],[14.130212568722072,55.97951665130473],[14.130212749985605,55.97952045793905],[14.130188490972623,55.97969099349293],[14.130187387564183,55.979694444276625],[14.130185108729908,55.97969770977083],[14.130181741034317,55.97970066593104],[14.13017741240398,55.97970320046323],[14.13017228726806,55.97970521708948],[14.130166560312247,55.9797066392053],[14.130160449083325,55.97970741278954],[14.129932814519906,55.97972340273142]]]}},{"type":"Feature","properties":{"color":"#165B57","district":"Amazonas"},"geometry":{"type":"Polygon","coordinates":[[[14.13572620625401,55.98021216049129],[14.135725569529844,55.98021563082671],[14.135723747382954,55.980218967118944],[14.135720808360277,55.980222043860195],[14.135716863024514,55.98022474530671],[14.13571205979489,55.980226969832856],[14.135706579363806,55.9802286337543],[14.135700627899368,55.980229674476],[14.135694429289536,55.9802300528471],[14.135688216719668,55.98022975463362],[14.135682223900288,55.98022879105408],[14.135676676275093,55.980227198357355],[14.135671782539971,55.98022503645905],[14.135369326137633,55.98006242038673],[14.135365123260108,55.98005965204651],[14.135362000192082,55.98005646772767],[14.13536008429368,55.980052997288475],[14.135359453695925,55.980049382255245],[14.135362716448894,55.97957606823531],[14.135363386292376,55.9795724844161],[14.135365319510074,55.97956904721874],[14.13536843851138,55.979565894596185],[14.13537261811398,55.97956315307989],[14.135377690568117,55.979560932701375],[14.135383452289284,55.97955932257619],[14.135389672029158,55.97955838732715],[14.13569499197367,55.97953043070699],[14.135701177739719,55.979530203150276],[14.135707326563823,55.979530644078416],[14.135713209809085,55.97953173709602],[14.13571860871381,55.979533441560456],[14.135723322525875,55.97953569409323],[14.135727175967457,55.97953841093645],[14.135730025752531,55.97954149106743],[14.135731765914821,55.97954481995498],[14.135732331748049,55.97954827381814],[14.13572620625401,55.98021216049129]]]}},{"type":"Feature","properties":{"color":"#165B57","district":"Amazonas"},"geometry":{"type":"Polygon","coordinates":[[[14.13203899533587,55.97986923702806],[14.132034343345968,55.97987153289194],[14.13202898984477,55.979873286145455],[14.132023134156611,55.97987443151057],[14.132016994303576,55.979874926342404],[14.132010798887977,55.97987475221715],[14.132004778580871,55.9798739156179],[14.13199915753355,55.97987244769337],[14.131994145031802,55.97987040309813],[14.131989927703632,55.979867857957615],[14.131986662570641,55.97986490703385],[14.131984471201717,55.97986166019711],[14.1317965941542,55.97947344841257],[14.131795549618722,55.97946995759747],[14.131795747126109,55.97946641992726],[14.131797179027936,55.97946297239124],[14.13179978987632,55.979459748488395],[14.131803478571069,55.979456873058],[14.131808102274622,55.979454457445335],[14.131813481943169,55.979452595190146],[14.131819409259775,55.97945135840455],[14.132218917471182,55.979392275041356],[14.132225538605395,55.97939169992519],[14.132232229004009,55.97939190520499],[14.132238698025937,55.9793928819631],[14.132244664646988,55.97939458776769],[14.132249869667957,55.97939694851599],[14.132254086974587,55.97939986165344],[14.132257133360339,55.97940320062891],[14.132413348491731,55.97963016607184],[14.132414970285168,55.97963339014458],[14.132415495553925,55.979636726550595],[14.132414906083648,55.97964005959763],[14.132413222314366,55.97964327370984],[14.132410502631748,55.97964625743556],[14.132406841342577,55.97964890731185],[14.13203899533587,55.97986923702806]]]}},{"type":"Feature","properties":{"color":"#165B57","district":"Amazonas"},"geometry":{"type":"Polygon","coordinates":[[[14.13313317136965,55.97988719290526],[14.133137497258115,55.97988479748254],[14.133142552565081,55.979882901145274],[14.133148156091213,55.979881571864574],[14.13315410698722,55.97988085728636],[14.13316019195296,55.97988078302349],[14.133166192882797,55.97988135173781],[14.133168612155917,55.979881715582096],[14.133484873340244,55.979911158205276],[14.133494078308098,55.97991126542357],[14.133788905804915,55.97989083106495],[14.133794900730608,55.97989073095232],[14.133800824567128,55.979891255590054],[14.133806471136113,55.9798923867182],[14.13381164390942,55.979894084968016],[14.133816162849245,55.979896291232066],[14.133819870674301,55.97989892872167],[14.13382263833398,55.979901905639224],[14.133824369499951,55.979905118373495],[14.13382500391889,55.97990845510554],[14.133825608649962,55.9799353893752],[14.133826064938454,55.97993783322707],[14.13382689002679,55.979939396532686],[14.133828209940832,55.97994084969572],[14.133830879037033,55.979942801001826],[14.133897881415571,55.97998346719303],[14.133901855489093,55.97998540176776],[14.133904922095535,55.979986330188254],[14.133909990555894,55.97998713325653],[14.134166911096044,55.98001120908387],[14.13417291270119,55.98001211226557],[14.134178491539343,55.98001364465954],[14.134183439114084,55.980015748996074],[14.134187570520954,55.98001834663034],[14.134190731357817,55.980021340481656],[14.134192803495308,55.98002461866163],[14.134193709491667,55.980028058655655],[14.134193415487006,55.980031531901666],[14.134142423308356,55.98022809186131],[14.134140910284772,55.98023151611902],[14.134138231852617,55.98023470931968],[14.13413449102322,55.980237548653854],[14.134129831667439,55.98023992492168],[14.13412443298246,55.98024174673264],[14.13411850259993,55.98024294402048],[14.134112268600497,55.980243470737875],[14.134105970741857,55.98024330662741],[14.133950825555319,55.98023065317173],[14.133945248416516,55.98022990924011],[14.133939996167399,55.980228622873895],[14.133935235862282,55.98022683498757],[14.133931118908523,55.98022460244711],[14.133705227260236,55.9800780755723],[14.1337013731494,55.98007607014906],[14.133696830117618,55.980074583234085],[14.133565097910822,55.980041723531144],[14.133560915492646,55.980040928962616],[14.133558015522356,55.980040694950425],[14.133555087989173,55.98004076190983],[14.133550782321624,55.98004131315662],[14.13313098542546,55.98011836696918],[14.133124778615457,55.98011913610917],[14.133118422642063,55.98011920688342],[14.132869467723424,55.98010816118712],[14.132863186838906,55.980107526942014],[14.13285725367715,55.98010621100567],[14.132851902085163,55.980104265243874],[14.13284734298813,55.98010176634601],[14.132843756076099,55.98009881280249],[14.132841282721746,55.98009552102296],[14.13284002040842,55.98009202074808],[14.132840018888007,55.980088449936034],[14.132841278220091,55.98008494932508],[14.132843748769645,55.980081656886526],[14.13284733316339,55.980078702386905],[14.13313317136965,55.97988719290526]]]}},{"type":"Feature","properties":{"color":"#165B57","district":"Amazonas"},"geometry":{"type":"Polygon","coordinates":[[[14.135204507830647,55.980110852242575],[14.135209296857141,55.980108553031464],[14.135214796405622,55.980106821522384],[14.135220794569982,55.980105724433045],[14.135227060231754,55.98010530403598],[14.135233351965425,55.98010557652971],[14.135239427340904,55.98010653141466],[14.135245052264667,55.98010813189765],[14.135250009999726,55.98011031630961],[14.1356721853388,55.98033724800231],[14.135675412018129,55.9803392648637],[14.135678061194406,55.98034152979003],[14.135723847712601,55.980387962348615],[14.135726414714119,55.980391341306415],[14.135727701850325,55.98039494149872],[14.135727655488832,55.98039861291375],[14.135725832653542,55.9804079057862],[14.135724485892418,55.980411441420046],[14.135721902618208,55.9804147549686],[14.135718187183786,55.98041771257879],[14.135713489676526,55.980420194775796],[14.135707999855441,55.98042210128952],[14.135701939485742,55.98042335510494],[14.135695553380444,55.98042390557326],[14.135689099510952,55.98042373045793],[14.135682838586057,55.98042283683285],[14.135613056226731,55.98040856561506],[14.13560881911853,55.98040787944923],[14.135229771991138,55.98036200054752],[14.13522339926531,55.98036159586951],[14.134950307381263,55.98035961285137],[14.134944095169535,55.980359227783175],[14.134938133538423,55.98035817747981],[14.134932647824826,55.980356501640465],[14.134874260138638,55.98033428949187],[14.134869496792694,55.98033207357773],[14.134865581536495,55.9803293876629],[14.134862659749016,55.98032633147935],[14.13486083992021,55.980323018507555],[14.13486018962265,55.980319571762955],[14.134860733002501,55.98031611922811],[14.13486244988299,55.9803127891005],[14.134865276513628,55.98030970503248],[14.13486910793741,55.98030698153984],[14.135204507830647,55.980110852242575]]]}},{"type":"Feature","properties":{"color":"#165B57","district":"Amazonas"},"geometry":{"type":"Polygon","coordinates":[[[14.134962914038665,55.9795821657766],[14.134964500148314,55.97957891151391],[14.134967144359472,55.97957588016412],[14.134970753676319,55.979573178338306],[14.134975201160824,55.979570901058274],[14.13498033039711,55.979569128414845],[14.134985960992516,55.97956792275092],[14.134991894921914,55.97956732646907],[14.134997923492111,55.979567360540265],[14.13517358947817,55.97957761952916],[14.135182141618767,55.979577477067394],[14.135246050385977,55.97957157700803],[14.135252240274449,55.979571344986795],[14.135258394562776,55.97957178247417],[14.135264284068523,55.97957287317838],[14.135269689469586,55.97957457648218],[14.135274409471593,55.97957682895543],[14.135278268303988,55.97957954671719],[14.135281122265642,55.97958262855943],[14.135282865076208,55.97958595971588],[14.135283431833997,55.979589416135916],[14.135279905722365,55.979972222698564],[14.135279268824556,55.97997569367774],[14.135277446075872,55.97997903054535],[14.135274506071466,55.97998210772518],[14.13527055945222,55.97998480941378],[14.135265754741022,55.97998703393854],[14.135260272753419,55.97998869758393],[14.135254319792987,55.97998973774194],[14.135248119887496,55.979990115268336],[14.135241906358035,55.97998981595567],[14.135235913038402,55.97998885106792],[14.135230365475213,55.9799872569168],[14.135225472439858,55.97998509349493],[14.135131989225163,55.9799347890247],[14.135127917051705,55.979933026502366],[14.135123266573594,55.97993179058389],[14.134895324279313,55.979887256040584],[14.134889477590486,55.97988573009574],[14.134884293214073,55.9798835817357],[14.134879979941141,55.97988089748168],[14.134876711480567,55.97987778543704],[14.134874619463249,55.979874370933594],[14.134873788140945,55.979870791484046],[14.134874250993247,55.97986719124402],[14.134962914038665,55.9795821657766]]]}},{"type":"Feature","properties":{"color":"#165B57","district":"Amazonas"},"geometry":{"type":"Polygon","coordinates":[[[14.135952348434214,55.979181661444585],[14.135958580697597,55.979182023991584],[14.135964568882981,55.97918305604756],[14.135970085502507,55.979184718405264],[14.135974920982765,55.97918694791265],[14.135978891626372,55.97918965987197],[14.13598184659052,55.97919275125734],[14.135983673617433,55.97919610462865],[14.136068284445354,55.97943172373537],[14.136068914171533,55.97943531518005],[14.136068249823106,55.97943890467164],[14.136066318142413,55.979442347718724],[14.13606319688705,55.97944550572479],[14.13605901169987,55.97944825156734],[14.136053931051375,55.97945047471512],[14.136048159458117,55.97945208567745],[14.136041929250071,55.979453019606524],[14.135398367059416,55.979511603369495],[14.135392184950692,55.97951182775216],[14.135386040705507,55.979511384532245],[14.135380162495164,55.979510290169095],[14.135374768611518,55.97950858530274],[14.135370059360511,55.97950633324467],[14.13536620962364,55.97950361762681],[14.135363362363604,55.97950053929568],[14.135361623315283,55.979497212567395],[14.135361057059233,55.97949376098248],[14.135362065939475,55.979380217750695],[14.1353616384167,55.9793776260428],[14.135360768218089,55.979375970607165],[14.135359343909045,55.979374440091945],[14.135357418930385,55.97937309192281],[14.135355065508284,55.97937197668367],[14.135352371944098,55.97937113621879],[14.135349439301725,55.979370602062794],[14.13534637761523,55.97937039425748],[14.1353417381575,55.97937058482554],[14.135157733910386,55.97938828699781],[14.135153191209966,55.97938898642747],[14.135150399712105,55.97938977010842],[14.13514793544501,55.97939084366342],[14.135145893274144,55.97939216576443],[14.135144351815796,55.97939368551534],[14.13514337041077,55.979395344411074],[14.13514298683972,55.979397078590054],[14.135143215868837,55.97939882129257],[14.135144472223555,55.97940136193018],[14.135217148368136,55.979506765534786],[14.135218835167183,55.97951018250097],[14.135219291391731,55.979513718199],[14.135218499320057,55.9795172352898],[14.13521648971872,55.979520597157],[14.135213340647534,55.979523673213635],[14.135209174427477,55.9795263439746],[14.135204152889344,55.97952850569794],[14.135198471087664,55.97953007441452],[14.135192349724074,55.97953098918973],[14.135179773505696,55.97953214133077],[14.135171245579837,55.97953228077829],[14.13498196204987,55.9795212411907],[14.134975538199859,55.9795204897106],[14.13496952096827,55.97951902401623],[14.1349641611194,55.979516905189435],[14.134959682021435,55.97951422153101],[14.134956270337716,55.97951108488069],[14.134954068247671,55.97950762595635],[14.134953167521617,55.979503988906366],[14.134953605696342,55.97950032530237],[14.1350471566834,55.97919369026117],[14.13504887583242,55.97919020965002],[14.135051802993532,55.979186991318244],[14.135055820180867,55.97918416498766],[14.135060765472774,55.97918184457965],[14.13506643953845,55.9791801236233],[14.1350726136724,55.979179071485405],[14.13507903901287,55.97917873057465],[14.135952348434214,55.979181661444585]]]}},{"type":"Feature","properties":{"color":"#165B57","district":"Amazonas"},"geometry":{"type":"Polygon","coordinates":[[[14.13255523697671,55.97956193940907],[14.132549207165516,55.97956191761002],[14.132543290700474,55.97956126620047],[14.13253769573428,55.97956000809831],[14.132532619108646,55.97955818756597],[14.132528239428986,55.9795558686533],[14.132524710780732,55.97955313294413],[14.132522157308316,55.97955007668594],[14.132083717006076,55.97886391387868],[14.132082174711602,55.97886044490424],[14.132081889019231,55.97885687379096],[14.13208287121322,55.97885334159472],[14.132085082497419,55.97884998783424],[14.132088435527743,55.978846944980106],[14.132092797862217,55.97884433322236],[14.132097997192359,55.97884225572308],[14.132103828149203,55.97884079454162],[14.1321100604152,55.97884000739331],[14.132118839271877,55.97883940275488],[14.132128043799145,55.97883951196839],[14.133122659597225,55.97893210827821],[14.133128540087037,55.978932982295696],[14.133134020915966,55.97893446057487],[14.133138905750046,55.978936490160955],[14.133143019604926,55.978938998350216],[14.133146215114149,55.97894189529444],[14.133148377808105,55.97894507721939],[14.133149430214589,55.978948430142296],[14.133149334634034,55.97895183395484],[14.133148094490029,55.9789551667257],[14.13314575420671,55.97895830906839],[14.132815554297032,55.97930501403775],[14.132812206896556,55.97930784696898],[14.132807967406537,55.97931027736893],[14.132736796185334,55.979344023109725],[14.132733804890961,55.97934571798287],[14.13273220577362,55.979347020999995],[14.132731042707437,55.97934846144603],[14.132730002128898,55.97935077112045],[14.132673847970995,55.97954766703971],[14.132672154397248,55.979551219927195],[14.132669204796485,55.97955450587415],[14.132665122444287,55.979557387547366],[14.132660077958652,55.97955974450998],[14.132654282169206,55.979561478254766],[14.13264797730575,55.979562516321444],[14.132641426874464,55.979562815324925],[14.132557482008652,55.979561829271326],[14.13255523697671,55.97956193940907]]]}},{"type":"Feature","properties":{"color":"#165B57","district":"Amazonas"},"geometry":{"type":"Polygon","coordinates":[[[14.131366473958165,55.9800802881197],[14.131365472398464,55.9800767160338],[14.131365768067424,55.980073104049595],[14.13136734901605,55.98006959813541],[14.13137015135437,55.98006633997303],[14.131374061833425,55.98006346123192],[14.13137892242195,55.98006107824839],[14.13138453669278,55.98005928732396],[14.131390677760905,55.98005816083382],[14.131962961917504,55.979987857335644],[14.131969420816807,55.97998744046299],[14.131975897544695,55.97998775919916],[14.131982127191575,55.97998880050725],[14.131987854953861,55.979990521795955],[14.131992846555859,55.979992852661496],[14.131996897832032,55.979995697767336],[14.131999843077736,55.97999894074359],[14.13200156182685,55.98000244894668],[14.132001983779093,55.980006078884806],[14.132001091675491,55.9800096820869],[14.131938512177202,55.9801534142641],[14.13193788117994,55.98015571394617],[14.131937938884612,55.98015725785714],[14.131938741159479,55.980159540771005],[14.132178438596886,55.980624579816755],[14.132179577402715,55.98062801119586],[14.132179510310433,55.98063150102251],[14.132178239845771,55.98063491790345],[14.132175813841881,55.980638133191896],[14.132172323638452,55.980641025831005],[14.132167900642768,55.98064348691177],[14.1321627113822,55.98064542377354],[14.132156951234391,55.980646763492715],[14.132150837071189,55.980647455628315],[14.13214459909332,55.98064747412117],[14.132138472163204,55.980646818274984],[14.13213268696225,55.980645512782644],[14.13175042354251,55.980534019123475],[14.131745118130173,55.980532895260794],[14.131739489221628,55.98053250044655],[14.131602677577222,55.98053203326626],[14.131596706964187,55.98053169958614],[14.131590951177037,55.98053075097621],[14.131585610721618,55.980529220481785],[14.131580871635427,55.98052716141844],[14.13157689900687,55.98052464551473],[14.131573831224337,55.98052176041341],[14.131571775155365,55.98051860661846],[14.131366473958165,55.9800802881197]]]}},{"type":"Feature","properties":{"color":"#165B57","district":"Amazonas"},"geometry":{"type":"Polygon","coordinates":[[[14.136141846677988,55.97979593871835],[14.136148170800087,55.9797962577163],[14.136154259496431,55.9797972659367],[14.136159875231556,55.97979892404631],[14.13616479892135,55.97980116735807],[14.136168838480042,55.979803908354704],[14.136171836313974,55.97980704010296],[14.136173675469719,55.97981044042534],[14.136174284196786,55.979813976666556],[14.136171525811418,55.98034505697414],[14.136170917538022,55.980348487372716],[14.136169150706051,55.980351789843326],[14.136166290215874,55.98035484307706],[14.136162441141034,55.9803575349201],[14.136157744868633,55.98035976649353],[14.13615237390581,55.980361455825374],[14.136146525543051,55.98036254086175],[14.136140414607155,55.980362981746204],[14.136134265570014,55.980362762283804],[14.136128304303089,55.980361890536045],[14.135958244199438,55.98032698343403],[14.13595242294059,55.980325400233085],[14.135947286505036,55.980323196732186],[14.135943043101035,55.9803204622515],[14.135939864737193,55.98031730763476],[14.135937880250005,55.98031386075617],[14.13593717008143,55.98031026133683],[14.135929112366691,55.9798149993333],[14.135929673047043,55.979811487138214],[14.135931447718704,55.97980810363968],[14.135934368173109,55.97980497888008],[14.13593832216441,55.97980223295732],[14.135943157723595,55.97979997140898],[14.135948688999333,55.979798281156015],[14.135954703401014,55.97979722716207],[14.135960969769519,55.97979684993661],[14.136141846677988,55.97979593871835]]]}},{"type":"Feature","properties":{"color":"#BA2F4B","district":"Stora Barriärrevet"},"geometry":{"type":"Polygon","coordinates":[[[14.128500241641852,55.979780680586195],[14.128494039301598,55.9797813201284],[14.128487733144748,55.97978126988096],[14.128481565872365,55.97978053177767],[14.128475774840332,55.979779134225474],[14.128470582924354,55.97977713101105],[14.12846618994226,55.979774599230836],[14.128462764963725,55.97977163632381],[14.128460439803414,55.979768356321436],[14.12827463011514,55.979405922733896],[14.128273495081078,55.97940245721118],[14.128273589299644,55.97939893437902],[14.128274909155339,55.97939548940868],[14.12827740400494,55.97939225448377],[14.128280978120733,55.97938935372841],[14.128285494363622,55.97938689844466],[14.128290779445184,55.97938498284175],[14.128296630576743,55.979383680421364],[14.128711963533354,55.979316720244846],[14.128718165473506,55.97931608052153],[14.128724471299115,55.97931613052635],[14.128730638342656,55.97931686833493],[14.12873642927734,55.97931826555414],[14.128741621250153,55.97932026841471],[14.128746014457889,55.979322799840396],[14.128749439836188,55.97932576241409],[14.128751765565664,55.97932904212682],[14.128937662030868,55.97969147490519],[14.128938797920735,55.97969494072903],[14.128938704293418,55.97969846394783],[14.128937384741855,55.9797019093462],[14.12893488990796,55.97970514469539],[14.128931315539132,55.97970804582796],[14.128926798813653,55.97971050140312],[14.128921513076037,55.97971241717979],[14.128915661184339,55.9797137196336],[14.128500241641852,55.979780680586195]]]}},{"type":"Feature","properties":{"color":"#165B57","district":"Amazonas"},"geometry":{"type":"Polygon","coordinates":[[[14.130762459801828,55.97876128908774],[14.130756343273925,55.97876143126848],[14.130750289477309,55.97876092214261],[14.130744517944533,55.9787597801729],[14.130739237972207,55.97875804677131],[14.130734641031111,55.97875578479723],[14.130730893822772,55.97875307627799],[14.130728132234253,55.97875001943425],[14.130659281222343,55.978651474391015],[14.130657584896047,55.97864811705586],[14.130553709346662,55.97832573607113],[14.130553209929417,55.97832208350556],[14.130554043535595,55.97831845008043],[14.130556175586632,55.97831498651112],[14.1305595176442,55.97831183646735],[14.130563931078695,55.978309130613646],[14.130569232819669,55.97830698118946],[14.130575202949627,55.978305477353324],[14.130581593826264,55.9783046814847],[14.130588140354675,55.9783046265964],[14.131005255916174,55.978324987395105],[14.131011330589963,55.97832561733301],[14.131017077705499,55.97832688581394],[14.131022284994684,55.97832874598691],[14.131026760127686,55.978331129146945],[14.13103033781656,55.97833394727272],[14.131032885920133,55.978337096277535],[14.131034310324607,55.978340459853676],[14.131126221400137,55.978715106741625],[14.131126462411384,55.9787186290448],[14.131125470983925,55.97872211000817],[14.131123285194343,55.97872541594136],[14.131119988990134,55.97872841987618],[14.131115708965627,55.97873100644299],[14.131110609500015,55.97873307630163],[14.131104886444199,55.97873454995676],[14.131098759598876,55.97873537081092],[14.130762459801828,55.97876128908774]]]}},{"type":"Feature","properties":{"color":"#165B57","district":"Amazonas"},"geometry":{"type":"Polygon","coordinates":[[[14.131744385570446,55.98075665737771],[14.131738389750119,55.980755941206176],[14.131732745964513,55.98075460125609],[14.131727659468066,55.980752686259024],[14.131723315247521,55.98075026586005],[14.131719871294283,55.98074742808478],[14.131717452858563,55.98074427613799],[14.13171614789426,55.98074092465032],[14.131716003860273,55.98073749550936],[14.131717025994552,55.98073411342668],[14.131719177123642,55.980730901402495],[14.131722379014658,55.98072797625222],[14.131726515220505,55.98072544435815],[14.131731435314867,55.980723397800624],[14.131853071574248,55.98068225097622],[14.131856826623144,55.98068068169698],[14.131858907343009,55.9806793906914],[14.131860500228607,55.98067789816244],[14.131862075648257,55.98067542848244],[14.131875813349133,55.980644695686735],[14.131878008535077,55.98064128809376],[14.131881379541836,55.980638195669556],[14.131885789657515,55.98063554382784],[14.131891060029128,55.98063344011435],[14.131896976916003,55.980631969845476],[14.131903300358069,55.98063119264811],[14.13190977390742,55.98063114004157],[14.131916135028563,55.980631814159345],[14.131922125745524,55.9806331876625],[14.132170873415339,55.98070737977632],[14.132178736972897,55.98070902831861],[14.13255002410284,55.980757064946225],[14.132555878896166,55.98075816295869],[14.132561250470816,55.98075986696445],[14.132565940656304,55.980762114098596],[14.13256977642016,55.98076482145892],[14.13257261625152,55.98076788916426],[14.132574355381815,55.980771204039485],[14.132574929649971,55.98077464379072],[14.132574317869517,55.98077808151706],[14.132572542610234,55.98078139039229],[14.132569669365557,55.980784448343776],[14.132565804136398,55.98078714255608],[14.132452349137854,55.980852271622126],[14.13244974292407,55.980854049308455],[14.132448397471682,55.98085537695701],[14.13244700913806,55.98085754095985],[14.132406511759383,55.98094304624907],[14.132405731198427,55.980945939128716],[14.13240596840085,55.980947871304224],[14.132407448582791,55.98095067731276],[14.132448739015036,55.9810059033552],[14.132450632483547,55.9810093949156],[14.13245122749979,55.98101302842164],[14.132450499577175,55.98101665434656],[14.13244847867096,55.981020123475574],[14.132445247945592,55.98102329304629],[14.132440940352339,55.98102603262385],[14.132435733158104,55.98102822946849],[14.132429840650484,55.98102979317509],[14.132423505319379,55.98103065939361],[14.132416987877932,55.98103079247724],[14.132161340587604,55.98102146476314],[14.132155439713747,55.98102093810738],[14.132149814977916,55.98101980959048],[14.132144660696856,55.981018118199025],[14.132140154934529,55.98101592236526],[14.13213645335056,55.981013297948245],[14.1321336838227,55.98101033561323],[14.132131942029057,55.981007137699414],[14.13207456217867,55.98085095177929],[14.132073173566619,55.98084844505251],[14.132071693212325,55.980846915119784],[14.13206970951298,55.98084557536943],[14.13206607199575,55.98084391836195],[14.131853861786675,55.9807651904533],[14.131848837941943,55.98076377026365],[14.131843360668073,55.9807630446285],[14.131744385570446,55.98075665737771]]]}},{"type":"Feature","properties":{"color":"#165B57","district":"Amazonas"},"geometry":{"type":"Polygon","coordinates":[[[14.12966545980073,55.98070175038482],[14.129659157870867,55.98070281455348],[14.12965260062544,55.98070313828269],[14.129646062981458,55.980702707999846],[14.129639819034121,55.98070154174487],[14.129634130565156,55.98069968841379],[14.129629236067386,55.98069722570879],[14.129467656686483,55.98059737985704],[14.12946434851983,55.98059494898036],[14.129461823471608,55.980592239916874],[14.12946015440067,55.980589330835286],[14.129387461992696,55.98041210178327],[14.129386647957581,55.98040816704808],[14.129385395999787,55.980265200336184],[14.129385936183018,55.98026182770179],[14.129387596627796,55.98025857147842],[14.129390318483733,55.980255547074435],[14.129394005281545,55.98025286168187],[14.129398526352206,55.9802506104774],[14.129403721458162,55.98024887324904],[14.129409406472542,55.98024771156825],[14.129415379905023,55.98024716660771],[14.12956658130179,55.98024145870784],[14.129573139289377,55.98024158667072],[14.129579514224544,55.98024245696432],[14.129585440510565,55.980244033329896],[14.129590671242562,55.980246250091874],[14.129594988494182,55.98024901489403],[14.129598212396987,55.98025221254737],[14.129600208634262,55.98025570982904],[14.129600894037058,55.98025936103293],[14.129600240049271,55.98026301403998],[14.129598759864749,55.980267056466836],[14.129598272838,55.980269594649904],[14.1295985245806,55.980271281571575],[14.129599341939496,55.98027291142544],[14.129601383021424,55.98027519453513],[14.12962906571694,55.980299958314845],[14.12963220495224,55.98030219769877],[14.129634795878047,55.98030340222935],[14.129637782391693,55.98030427416226],[14.129641030302869,55.980304774319784],[14.129646109097333,55.98030493424539],[14.129769551247328,55.980301480769945],[14.129776408273068,55.98030169991037],[14.12978302561425,55.98030272895708],[14.129789101243478,55.980304520942546],[14.12979435785797,55.980306994077296],[14.12979855553613,55.98031003548298],[14.12998669759644,55.98048151959822],[14.129987541216686,55.98048224845144],[14.129996903669062,55.98048992450601],[14.129999953086834,55.98049304996953],[14.130001842229754,55.98049645028],[14.130002497057244,55.98049999217066],[14.130001891904625,55.980503536825935],[14.13000005048902,55.98050694532171],[14.12999704497989,55.9805100840704],[14.129992993170548,55.98051283005643],[14.129936459004547,55.98054421601568],[14.129933551484262,55.980546168718874],[14.129932093578013,55.980547643588345],[14.129931158031631,55.980549245643466],[14.129930585419112,55.980551766856664],[14.129928986017044,55.98057999139216],[14.129929334929116,55.98058273726632],[14.129930224220523,55.98058449190587],[14.129931734277482,55.980586108244665],[14.129933801659018,55.98058751837654],[14.129936339509554,55.98058866305847],[14.129939241207975,55.980589494199606],[14.129943986109458,55.980590222743544],[14.129962037568639,55.98059190630216],[14.12996793915274,55.98059278574339],[14.12997343697938,55.98059427372194],[14.129978332637819,55.980596316538225],[14.129982449448848,55.980598840469156],[14.129985638840951,55.9806017544288],[14.129987785712094,55.98060495325538],[14.129988812583674,55.980608321506566],[14.129988682396663,55.98061173762567],[14.129987399849073,55.980615078328455],[14.129985011226456,55.980618223052346],[14.129981602731545,55.9806210583074],[14.129977297373314,55.98062348177212],[14.12995768747074,55.98063259807473],[14.12995379435953,55.9806341494586],[14.129949533151542,55.980635360766875],[14.12966545980073,55.98070175038482]]]}},{"type":"Feature","properties":{"color":"#E9ABB7","district":"Himalaya"},"geometry":{"type":"Polygon","coordinates":[[[14.136278786422219,55.98017037220077],[14.136279322790143,55.98016693333042],[14.136281023477514,55.98016361511878],[14.136283825842616,55.98016053978551],[14.136287626665696,55.98015782060442],[14.136292285950885,55.98015555773101],[14.13629763208268,55.980153834513686],[14.136303468147064,55.9801527144237],[14.136309579184402,55.98015223871725],[14.136315740107035,55.98015242491602],[14.137132328403498,55.98022150506072],[14.137138199030336,55.980222323817884],[14.137143691501247,55.9802237434672],[14.137148611281571,55.98022571372693],[14.13715278412036,55.980228164813596],[14.137156062222083,55.98023100991355],[14.137158329481306,55.980234148257836],[14.137159505594987,55.980237468691165],[14.137159548906723,55.98024085360897],[14.137111108764062,55.98055128737267],[14.137109853747246,55.980554930444534],[14.137107289422243,55.98055835194976],[14.137103524897642,55.980561406307466],[14.13709872034917,55.980563963558374],[14.137093080204448,55.98056591489457],[14.137086844444836,55.980567177288954],[14.137080278394489,55.98056769702818],[14.137073661431105,55.98056745199794],[14.137067275098682,55.98056645262397],[14.136783804388571,55.980503832142325],[14.136778201569737,55.98050222341597],[14.13677326680463,55.980500034465656],[14.136769189453048,55.980497349287205],[14.136766125973484,55.98049427091793],[14.136764193919412,55.98049091748294],[14.136763467428482,55.980487417662246],[14.136763974377711,55.98048390575309],[14.136765695313818,55.98048051651649],[14.136819080632554,55.98040461383343],[14.136820365275607,55.980402084805434],[14.136820616991654,55.98040034762458],[14.136820259194486,55.98039861627873],[14.136819305585396,55.98039695706668],[14.136817792681223,55.98039543352505],[14.136814754117225,55.980393427899536],[14.136626068871804,55.980291128686034],[14.13662256150099,55.98028955487847],[14.136619928428443,55.98028877187697],[14.13661708069008,55.98028827708927],[14.136612613647578,55.98028799175238],[14.136311854339608,55.98028463184968],[14.136305710048024,55.98028423014953],[14.136299817023724,55.98028317748385],[14.136294393464322,55.980281512829045],[14.136289640184742,55.98027929782134],[14.136285733181776,55.980276614474555],[14.136282817117527,55.98027356214335],[14.136280999963123,55.980270253844616],[14.13628034900095,55.98026681207269],[14.136278786422219,55.98017037220077]]]}},{"type":"Feature","properties":{"color":"#E9ABB7","district":"Himalaya"},"geometry":{"type":"Polygon","coordinates":[[[14.138003629081336,55.980630018273544],[14.137997437854551,55.98062936508424],[14.137991593218624,55.98062804888364],[14.13798631964258,55.980626120221714],[14.13798181966324,55.980623653170674],[14.137978266106586,55.98062074248003],[14.137975795450211,55.98061749993768],[14.13797450258179,55.980614050076625],[14.137974437154853,55.9806105253921],[14.138025083591494,55.98028847833655],[14.138026249247297,55.98028501200692],[14.138028601605756,55.980281739599384],[14.138032050205643,55.98027878695575],[14.138036462429401,55.98027626762114],[14.138041668603005,55.98027427847762],[14.13804746852088,55.980272896018455],[14.13805363914485,55.98027217340667],[14.138059943181155,55.98027213843057],[14.13863436553147,55.98030058591796],[14.138639282666643,55.98030104655017],[14.138644013377615,55.98030192698727],[14.1387992814237,55.98033852699074],[14.138804816746521,55.98034020613967],[14.138809660893473,55.98034245672253],[14.138813628037466,55.980345192404336],[14.138816565994148,55.980348308241254],[14.138818362059867,55.98035168470622],[14.138818947335166,55.980355192274125],[14.138818299367873,55.980358696390574],[14.138816443014447,55.98036206263353],[14.138695302090722,55.98052355742877],[14.138692053598406,55.98052686490599],[14.138687643046898,55.980529720342666],[14.13868226461015,55.980531998028404],[14.138676155073318,55.98053359768824],[14.1386695834083,55.98053444889731],[14.13866283893224,55.98053451418113],[14.13849238290793,55.98052611893097],[14.138487675528125,55.980526146236635],[14.138484621338183,55.98052650458087],[14.138481750788692,55.98052718939789],[14.138479174192796,55.98052817437068],[14.13847699056705,55.980529421647496],[14.13847528382669,55.980530883296396],[14.138474119560588,55.98053250314724],[14.13847324905011,55.98053509152745],[14.138457618377084,55.980634424260245],[14.138456452513976,55.98063789032058],[14.138454100114329,55.98064116246041],[14.138450651627938,55.98064411486552],[14.138446239649365,55.9806466340155],[14.138441033819683,55.98064862304867],[14.138435234303763,55.980650005486396],[14.138429064093883,55.9806507281737],[14.138422760435622,55.980650763323155],[14.138003629081336,55.980630018273544]]]}},{"type":"Feature","properties":{"color":"#165B57","district":"Amazonas"},"geometry":{"type":"Polygon","coordinates":[[[14.131681658667972,55.978733973370176],[14.131683122610003,55.978737501793816],[14.131683293291555,55.978741122779866],[14.131682163789922,55.97874468947167],[14.13167977991407,55.97874805721449],[14.13167623834681,55.97875108942246],[14.131671682723672,55.97875366311793],[14.131666297807485,55.97875567391915],[14.13166030199493,55.97875704027383],[14.131653938459,55.978757706766515],[14.13164746528654,55.978757646366134],[14.131235325187385,55.9787304161748],[14.13122942182376,55.97872970666181],[14.131223859720341,55.97872839203415],[14.131218835096826,55.9787265186692],[14.131214525211636,55.97872415265545],[14.131211082108603,55.9787213774611],[14.131208627253168,55.9787182909893],[14.13120724724735,55.978715002124446],[14.13111803504134,55.97835170705084],[14.131117796322318,55.97834815615138],[14.13111880994769,55.97834464829011],[14.131121036355028,55.97834132037994],[14.13112438864672,55.978338302310114],[14.131128735981655,55.97833571187676],[14.131133908682004,55.978333650185185],[14.131139704855814,55.97833219770372],[14.131145898276886,55.978331411123136],[14.131152247214416,55.97833132114382],[14.13142212749881,55.978342457131696],[14.13142828565145,55.97834305200388],[14.131434121739925,55.97834430226316],[14.13143941521799,55.978346160662205],[14.13144396604461,55.97834855697191],[14.131447602243522,55.97835140063559],[14.131450186402224,55.97835458419088],[14.131681658667972,55.978733973370176]]]}},{"type":"Feature","properties":{"color":"#165B57","district":"Amazonas"},"geometry":{"type":"Polygon","coordinates":[[[14.132564314093509,55.98022310100472],[14.132570191892409,55.9802222657901],[14.132576245463973,55.980222063005534],[14.132582259397449,55.98022249986692],[14.132588019692564,55.980223560828925],[14.132593321374491,55.98022520813821],[14.132597975787684,55.98022738317682],[14.132601817308968,55.980230008547935],[14.132604709241118,55.98023299083014],[14.132606548677094,55.98023622390157],[14.132607270161934,55.98023959271629],[14.132606848021947,55.980242977397964],[14.132604877158258,55.98024963536284],[14.13260455693934,55.98025203398103],[14.132605005777835,55.98025442613634],[14.13265702568678,55.980402431443935],[14.13265762890097,55.98040603520593],[14.132656930249412,55.98040963356801],[14.132654958024565,55.98041308080976],[14.13265179209397,55.98041623733054],[14.13264756066595,55.98041897530281],[14.132642435097681,55.98042118384872],[14.132636622955866,55.98042277353015],[14.132630359611035,55.980423679970855],[14.132158462160998,55.980464212051885],[14.132151857999649,55.98046439439016],[14.132145326848226,55.98046381695703],[14.132139144990518,55.9804625041793],[14.132133573934272,55.9804605115907],[14.13212884934874,55.98045792348261],[14.132125171095268,55.98045484933837],[14.13212269477269,55.98045141920177],[14.131995058942758,55.98020387405531],[14.131993907731276,55.980200364015865],[14.131994017801647,55.98019679590398],[14.131995384820533,55.980193310180695],[14.131997954974034,55.98019004406377],[14.132001627086156,55.9801871261259],[14.132006256601702,55.980184671233545],[14.1320116612768,55.98018277602504],[14.132017628353054,55.980181515106416],[14.132023922932884,55.98018093811445],[14.132030297226391,55.98018106776286],[14.132036500305711,55.980181898947876],[14.132401507267089,55.9802528612182],[14.13240678067886,55.980253525621684],[14.132410357180776,55.980253516873795],[14.132415620007809,55.9802528266994],[14.132564314093509,55.98022310100472]]]}},{"type":"Feature","properties":{"color":"#165B57","district":"Amazonas"},"geometry":{"type":"Polygon","coordinates":[[[14.129199188112066,55.980853323554356],[14.129192927439892,55.98085296372013],[14.129186912038612,55.980851928378804],[14.129181372440177,55.98085025720841],[14.129176520941979,55.98084801425422],[14.12917254347083,55.98084528547437],[14.129169592457577,55.98084217544557],[14.129167780995406,55.980838803355276],[14.129167178505748,55.980835298434116],[14.129167470972211,55.98075961454622],[14.129167007831214,55.980756959560345],[14.129166085446162,55.98075526849581],[14.129164584009933,55.980753712736465],[14.129162562724654,55.98075235362634],[14.129160101290203,55.98075124475553],[14.129157296761566,55.980750429847085],[14.129154259722089,55.98074994103306],[14.12914950736849,55.98074972460525],[14.128866411753565,55.980752611593424],[14.128860204582253,55.98075233749182],[14.128854208269528,55.980751399106495],[14.12884864773969,55.980749831636665],[14.12884373157057,55.980747693878826],[14.128839644169654,55.980745066021164],[14.1288365388569,55.980742046635754],[14.128834532113636,55.980738748980976],[14.128767949509431,55.98058048029256],[14.128767118573336,55.98057705684745],[14.128767472891223,55.98057360767354],[14.128768999390038,55.980570260029815],[14.128771641748568,55.98056713742932],[14.128775302475454,55.98056435508185],[14.128779846506232,55.98056201564342],[14.128785106186614,55.980560205428795],[14.128790887458166,55.98055899122661],[14.129299747795194,55.980482362256424],[14.129306113814554,55.980481778577946],[14.129312559956354,55.98048191771805],[14.129318826672465,55.98048277407439],[14.129324661639147,55.98048431316654],[14.129329829916598,55.98048647302431],[14.12933412340857,55.98048916668297],[14.129337369241178,55.9804922856847],[14.129339436723523,55.980495704445595],[14.129387327631148,55.98061236801949],[14.129388574741329,55.9806145409458],[14.129389826641031,55.9806158843449],[14.129392296903784,55.980617700488416],[14.129495451096266,55.98068148752725],[14.129499461084189,55.98068456919503],[14.129502220264452,55.980688054435916],[14.129503604713506,55.980691786717124],[14.129503552251094,55.98069559841043],[14.129496181763246,55.980731657035086],[14.129494918556016,55.98073499260382],[14.12949255293978,55.980738134871274],[14.129489169923641,55.980740970918845],[14.12948489107744,55.98074339883201],[14.129479870163124,55.980745331362705],[14.12947775136002,55.98074599082079],[14.129473682939569,55.98074805831818],[14.129318393039615,55.98084740753927],[14.129313342764352,55.98085001441722],[14.129307417630331,55.98085196129803],[14.129300888319124,55.980853159241114],[14.129294053113416,55.98085355352009],[14.129199188112066,55.980853323554356]]]}},{"type":"Feature","properties":{"color":"#165B57","district":"Amazonas"},"geometry":{"type":"Polygon","coordinates":[[[14.131671016288035,55.98152107478726],[14.131671553132737,55.98152459998188],[14.131670846167527,55.98152811577028],[14.131668922745803,55.981531486120396],[14.13166585728786,55.9815345806274],[14.131661768401477,55.981537279559305],[14.131656814292796,55.98153947848959],[14.131651186645069,55.9815410923377],[14.131645103202068,55.98154205866094],[14.131203887728097,55.98158650002755],[14.131198051778739,55.98158678445535],[14.131192220458912,55.98158647171703],[14.131186587376062,55.98158557219594],[14.131181339555878,55.98158411575736],[14.131176651232781,55.98158215075694],[14.131172678065088,55.981579742435265],[14.131169551966966,55.98157697075171],[14.130834330823307,55.981209283613715],[14.130831938808415,55.981205813692796],[14.130830873484234,55.9812021427216],[14.130831180396859,55.98119842764744],[14.13083284642428,55.9811948273032],[14.130835800337454,55.98119149561656],[14.130839915845673,55.981188575029066],[14.130845016995977,55.98118619040632],[14.130850885695805,55.98118444369944],[14.130857271037225,55.98118340958642],[14.13105033674236,55.98116395469378],[14.131056403141967,55.981163671023154],[14.131062456365822,55.98116403220283],[14.131068279379203,55.98116502528293],[14.131073663401427,55.98116661465715],[14.131078415391505,55.98116874333943],[14.131082364969515,55.98117133500713],[14.131085370525469,55.98117429673751],[14.131087324296653,55.98117752233941],[14.131088156231444,55.98118089616074],[14.131087836500987,55.98118429723495],[14.131086376568746,55.98118760361845],[14.131051745736942,55.98124290203102],[14.131050639638433,55.98124543121558],[14.131050498148408,55.98124715564427],[14.131050953796322,55.98124886296294],[14.131051989472006,55.98125048905917],[14.131053566284367,55.98125197287069],[14.131055625021792,55.981253258678144],[14.131059340632705,55.98125482664185],[14.13140273853181,55.98137240148757],[14.131407051719759,55.98137356507795],[14.131410126976375,55.98137400357454],[14.131414909496195,55.98137413692846],[14.131592273604753,55.981369163382524],[14.131598854446036,55.981369357176504],[14.131605226407041,55.98137029760182],[14.13161112176208,55.98137194514536],[14.131616292810564,55.981374230583576],[14.131620522284427,55.98137705789098],[14.131623632476892,55.98138030827481],[14.131625492709071,55.98138384516607],[14.131671016288035,55.98152107478726]]]}},{"type":"Feature","properties":{"color":"#165B57","district":"Amazonas"},"geometry":{"type":"Polygon","coordinates":[[[14.13082287787374,55.98116859946593],[14.13081704300489,55.98116888413976],[14.130811212651817,55.981168571846105],[14.130805580325408,55.98116767295004],[14.130800332963968,55.98116621728615],[14.13079564472867,55.981164253168295],[14.130791671223088,55.98116184578602],[14.130788544328674,55.98115907504091],[14.130782397237352,55.98115233739864],[14.13078023872862,55.981150311768694],[14.130392382442126,55.98083532353841],[14.130389461189194,55.98083240193522],[14.130387558263028,55.98082922806694],[14.130386739583482,55.98082591188098],[14.130387033510512,55.98082256825475],[14.130388429861783,55.98081931301625],[14.130390880265441,55.98081625893154],[14.130394299835807,55.98081351179844],[14.13039857011398,55.98081116678147],[14.13040354317143,55.98080930511531],[14.130614463428945,55.980745374352885],[14.130620190612431,55.98074402092732],[14.130626276332647,55.980743309550355],[14.130632492996625,55.98074326682598],[14.1306386081144,55.980743894352],[14.130644392993602,55.98074516866028],[14.13064963129203,55.98074704209439],[14.13065412710837,55.9807494445919],[14.130657712308468,55.98075228630447],[14.1306602528132,55.98075546095807],[14.13066165361277,55.98075884982735],[14.130662939310183,55.980764333862055],[14.13067872289,55.980798373177834],[14.130679956485736,55.980800371896315],[14.130681734553074,55.9808022378055],[14.130726076015927,55.980841072824305],[14.130729091074565,55.980843202951164],[14.130731555837965,55.98084436062231],[14.130734386608918,55.98084521708668],[14.130737467548354,55.980845737296626],[14.13074230431952,55.98084598278147],[14.13080493471147,55.98084560262734],[14.130809788930272,55.98084529505722],[14.130812864953688,55.980844731207824],[14.130815673267653,55.980843830650564],[14.130818097581693,55.98084263067693],[14.130821025372379,55.98084044274796],[14.13086770774996,55.980796943245366],[14.130869838351826,55.98079437970268],[14.130870582744674,55.98079255420592],[14.13087065022254,55.980789727332706],[14.130865732605104,55.980759945449265],[14.13086579498188,55.98075629431361],[14.130867174040842,55.98075272545816],[14.130869812950095,55.98074938595681],[14.1308736029589,55.98074641343163],[14.130878387879383,55.98074393038142],[14.130883970523119,55.98074203913363],[14.13089012082733,55.980740817627186],[14.13118053991679,55.980701151766326],[14.13118659760117,55.980700659986205],[14.131192712086548,55.98070081947239],[14.13119866171149,55.98070162444326],[14.131204230791042,55.980703045717114],[14.131209217435671,55.98070503177014],[14.131213440870116,55.98070751060418],[14.131216747986828,55.980710392356904],[14.131219018896402,55.98071357255936],[14.131247437611808,55.98076789446434],[14.131249155136738,55.980770293073945],[14.131250816933095,55.980771732081],[14.131252940306014,55.98077296653271],[14.131255446741232,55.98077395078372],[14.131258243560291,55.98077464844018],[14.131262743780567,55.98077522950644],[14.131301745170965,55.98077809380303],[14.13130791744636,55.98077889964039],[14.131313687191435,55.980780367295246],[14.131318830151406,55.9807824397238],[14.131323146432875,55.98078503637617],[14.131326468273164,55.98078805632735],[14.131328666560814,55.98079138219975],[14.131329655853836,55.980794884725384],[14.131329397700657,55.98079842777026],[14.131327902134682,55.98080187362536],[14.131123024060908,55.981129082308776],[14.13112012292554,55.98113250760429],[14.131116003170817,55.98113551670204],[14.131110847754204,55.98113797596842],[14.13110488562689,55.98113977618775],[14.1310983815661,55.98114083741251],[14.13082287787374,55.98116859946593]]]}},{"type":"Feature","properties":{"color":"#165B57","district":"Amazonas"},"geometry":{"type":"Polygon","coordinates":[[[14.129715780796475,55.980793108672394],[14.12971521782979,55.98078962797509],[14.12971586864709,55.980786152075595],[14.129717708675837,55.98078281220978],[14.129720668443756,55.980779734477316],[14.129724636201848,55.980777035080855],[14.129729462143619,55.98077481593851],[14.129734964061171,55.98077316083602],[14.13002607817977,55.98070505975962],[14.130032031019201,55.980704033152584],[14.130038225985029,55.98070366809523],[14.130044430495484,55.98070397829315],[14.13005041161046,55.98070495210037],[14.130055944776899,55.980706552956576],[14.130060822259317,55.980708720759786],[14.130064860938933,55.98071137412265],[14.130596156514677,55.98113813836263],[14.13059928187095,55.98114127645481],[14.130601230212246,55.98114469943791],[14.130601923818157,55.98114827076784],[14.130601335020115,55.98115184798279],[14.13059948730517,55.981155288386184],[14.130596454379129,55.981158454738875],[14.130592357226451,55.98116122073368],[14.130587359284156,55.98116347603388],[14.13058165992227,55.98116513067449],[14.130575486490855,55.981166118651196],[14.130520163746237,55.981171705517184],[14.130516916954535,55.981171938658164],[14.130330426272256,55.98117995872499],[14.130325018692838,55.981179936074454],[14.130204852360848,55.98117375448607],[14.130199492878631,55.98117321981698],[14.130126182463943,55.98116225497132],[14.13012147080074,55.981161325451616],[14.129817915635826,55.98108613733041],[14.129813403136563,55.981084768920404],[14.129809337403175,55.98108301617489],[14.129793771038258,55.98107512084522],[14.129789873378023,55.981072755600266],[14.12978679119756,55.981070039726376],[14.129784623098923,55.9810670601072],[14.129783438441661,55.98106391206397],[14.12974332865448,55.980874552467775],[14.129742988325363,55.980873315697195],[14.129715780796475,55.980793108672394]]]}},{"type":"Feature","properties":{"color":"#165B57","district":"Amazonas"},"geometry":{"type":"Polygon","coordinates":[[[14.128646814242932,55.9802927389731],[14.128645980602998,55.980289291361224],[14.128646348891262,55.98028581845129],[14.128647905328581,55.98028245017581],[14.128650591683453,55.980279312552504],[14.128654307450686,55.980276522969696],[14.12865891361163,55.98027418579436],[14.128664237835329,55.98027238846751],[14.128670080925955,55.98027119823273],[14.128676224275333,55.98027065962037],[14.129270989990673,55.980251143235584],[14.129277497325495,55.980251299471014],[14.129283814820937,55.98025218631798],[14.129289683161845,55.98025376737389],[14.129294861469505,55.98025597774097],[14.129299137189003,55.98025872668989],[14.12930233481399,55.98026190138416],[14.129304323090736,55.98026537151154],[14.129305020405756,55.980268994633086],[14.129306515718417,55.98041346414937],[14.12930732629623,55.9804173718737],[14.129317857982128,55.980443083073794],[14.129318652139803,55.98044649596425],[14.12931826985098,55.98044993100272],[14.129316725112725,55.98045326241644],[14.129314074484807,55.98045636822688],[14.129310415018827,55.980459134715844],[14.12930588070474,55.98046146058921],[14.129300637564866,55.98046326068586],[14.129294877575047,55.980464469095864],[14.12878548299287,55.98054117853039],[14.128779139372542,55.980541761399984],[14.128772715297096,55.980541626480516],[14.128766467637897,55.98054077916689],[14.128760646212141,55.980539253339515],[14.12875548379371,55.98053711000977],[14.128751186805506,55.98053443488017],[14.128747927065476,55.98053133491774],[14.128745834916362,55.98052793407665],[14.128646814242932,55.9802927389731]]]}},{"type":"Feature","properties":{"color":"#E9ABB7","district":"Himalaya"},"geometry":{"type":"Polygon","coordinates":[[[14.140376730422137,55.97901620164551],[14.14037559754301,55.97901986163616],[14.140373145105722,55.979023313381624],[14.140369477703027,55.97902640966968],[14.140364751744395,55.97902901844787],[14.140359168785379,55.97903102845529],[14.140352966931571,55.979032353967874],[14.140346410683687,55.97903293845426],[14.140339779656939,55.97903275698689],[14.1397438510109,55.9789815739686],[14.139738064081826,55.978980763626495],[14.13973264438789,55.97897936901313],[14.139727778551563,55.978977438150864],[14.13972363412364,55.978975037527235],[14.139720353813763,55.97897224980568],[14.139718050576343,55.978969170978935],[14.139716803721093,55.97896590706368],[14.139716656182094,55.978962570449966],[14.139749649999132,55.97869223852692],[14.139750693881338,55.978688760532215],[14.13975293067781,55.978685463361124],[14.139756274393338,55.97868247377528],[14.139760596476664,55.978679906710994],[14.139765730762722,55.97867786086046],[14.139771479860963,55.978676414877526],[14.139777622744129,55.97867562435379],[14.139783923245755,55.97867551968136],[14.14038321436835,55.9786985262564],[14.14038942719105,55.978699110961344],[14.140395316887634,55.97870036238967],[14.140400657253902,55.97870223247808],[14.140405243183574,55.978704649402516],[14.140408898545747,55.978707520336705],[14.140411482949522,55.97871073501735],[14.140412897135972,55.978714169978865],[14.140413086790417,55.978717693295394],[14.140376730422137,55.97901620164551]]]}},{"type":"Feature","properties":{"color":"#BA2F4B","district":"Stora Barriärrevet"},"geometry":{"type":"Polygon","coordinates":[[[14.128684944963355,55.978910009323876],[14.12860003365161,55.97874522075939],[14.128598842554277,55.978741398473296],[14.128599144255817,55.978737522200355],[14.128600924716661,55.978733772315884],[14.128672110607296,55.97863038757251],[14.128673392433395,55.97862775504024],[14.128673594204566,55.978625950668764],[14.128672908837165,55.97862324927385],[14.12864768706499,55.97856626434484],[14.128646776084722,55.97856273796709],[14.128647125373753,55.97855918030804],[14.128648721225028,55.978555730976396],[14.128651501014264,55.97855252532992],[14.128655355657465,55.978549689163714],[14.128660133891614,55.97854733377377],[14.128665648210509,55.978545551589605],[14.128671682222823,55.97854441254718],[14.128769198969634,55.97853185672965],[14.128774959322339,55.978531416871014],[14.128780767068688,55.9785315646807],[14.128786432259789,55.97853229532442],[14.128791769609151,55.978533584905676],[14.128919502543155,55.978572460136526],[14.128924137127314,55.978573615437874],[14.12909710524715,55.97860785686648],[14.129100532863834,55.97860866302022],[14.129353210937152,55.9786779678872],[14.129356081248835,55.97867885961992],[14.129428981297906,55.97870431600668],[14.129434193319232,55.9787065830996],[14.129438467712509,55.978709398082536],[14.129441624212255,55.97871264223838],[14.129443529698152,55.97871617875034],[14.129444103809188,55.978719858471976],[14.129443322332813,55.97872352621719],[14.12944121822612,55.978727027304906],[14.129437880225998,55.97873021408251],[14.129433449106852,55.9787329521529],[14.129428111743712,55.97873512604241],[14.129340541085714,55.97876359615715],[14.129336847950027,55.978765074604496],[14.129334772405837,55.97876629541971],[14.129333144618753,55.97876771297791],[14.12933202276867,55.97876927661318],[14.12933144695246,55.97877093043853],[14.129331437750814,55.97877261534354],[14.129332278795067,55.978775112143964],[14.129346556054058,55.97880279256486],[14.129411218711432,55.97892819393044],[14.129412363361675,55.9789316589527],[14.129412278594145,55.978935182343015],[14.129410967661938,55.978938628871724],[14.12940848087907,55.97894186625904],[14.12940491368944,55.97894477025217],[14.129400403003679,55.978947229394095],[14.12939512194446,55.978949149301506],[14.12938927320195,55.978950456287194],[14.128789396144075,55.97904764936276],[14.12878319594484,55.97904829362828],[14.128776890242714,55.97904824828432],[14.128770721686333,55.97904751507573],[14.128764927646829,55.97904612221702],[14.128759731083555,55.9790441233065],[14.12875533196441,55.97904159526392],[14.128751899570895,55.979038635370394],[14.128749565984036,55.979035357525],[14.128684944963355,55.978910009323876]]]}},{"type":"Feature","properties":{"color":"#E9ABB7","district":"Himalaya"},"geometry":{"type":"Polygon","coordinates":[[[14.137399914307075,55.98058213473767],[14.137398749182605,55.98058560001633],[14.137396398057533,55.98058887153204],[14.137392951289362,55.98059182355481],[14.137388541343133,55.980594342633296],[14.137383337700593,55.98059633195492],[14.13737754034671,55.98059771506659],[14.13737137208391,55.98059843881286],[14.137365069969347,55.98059847537894],[14.137172480645718,55.980588989719756],[14.137163372221414,55.980587775249326],[14.137160728005727,55.98058718418976],[14.137155506842495,55.98058569531324],[14.137150855504297,55.9805837009145],[14.13714692854562,55.98058126726339],[14.137143856451214,55.98057847522519],[14.137141741300349,55.98057541757371],[14.137140653374946,55.980572195908444],[14.137140628824284,55.98056891727876],[14.137191043684892,55.98024582677547],[14.137192277019675,55.98024222394511],[14.137194791212321,55.98023883604138],[14.137198481684047,55.98023580398497],[14.13720319492855,55.980233253894994],[14.137208734897174,55.98023129184301],[14.137214871153596,55.98022999944102],[14.137221348458858,55.98022943044677],[14.137227897388069,55.98022960852766],[14.137268384769465,55.98023304862334],[14.137270399599181,55.980233183571656],[14.137421347280965,55.980240598574994],[14.137427541790563,55.980241249878425],[14.13743339011101,55.980242564866195],[14.137438667442282,55.98024449299234],[14.13744317093218,55.98024696014279],[14.137446727473629,55.98024987148428],[14.137449200358633,55.98025311510945],[14.137450494533146,55.98025656633853],[14.137450560250826,55.98026009251172],[14.137399914307075,55.98058213473767]]]}},{"type":"Feature","properties":{"color":"#165B57","district":"Amazonas"},"geometry":{"type":"Polygon","coordinates":[[[14.131769714267604,55.98258165861549],[14.131763460471975,55.982580574599766],[14.13175772887996,55.98257880429926],[14.13175275717514,55.982576421126645],[14.131748751529202,55.98257352390982],[14.13174587805218,55.98257023279356],[14.131458475084017,55.98213297208706],[14.131456945829418,55.982129750462626],[14.131456505432809,55.98212642629121],[14.131457169019113,55.982123113739824],[14.131458913797516,55.98211992657641],[14.13146167984424,55.98211697426242],[14.131465372160624,55.9821143581936],[14.13146986393584,55.982112168217405],[14.131475000902137,55.98211047954745],[14.131480606633104,55.98210935018016],[14.132002864015366,55.982033852202385],[14.132009088362185,55.98203330901923],[14.132015382550337,55.982033455304475],[14.13202150491938,55.98203428544165],[14.13202722040571,55.98203576755827],[14.132032309567608,55.98203784474962],[14.132036577010508,55.982040437263535],[14.132039858889025,55.98204344556242],[14.132042029197668,55.98204675414492],[14.132043967827533,55.98205093891228],[14.132044500953917,55.982052306963816],[14.132197340943822,55.98253387574934],[14.132197833589089,55.98253724371321],[14.132197191491022,55.98254060378797],[14.132195437313824,55.98254383737117],[14.132192632975407,55.98254683032519],[14.132159567748541,55.98257525713195],[14.132154623298984,55.982578561479585],[14.132148415830885,55.982581113025354],[14.132058022103102,55.982609637960586],[14.132052814049768,55.98261095511442],[14.132047271399738,55.982611735540864],[14.132041569320064,55.98261195457575],[14.132035888016345,55.98261160529682],[14.131769714267604,55.98258165861549]]]}},{"type":"Feature","properties":{"color":"#165B57","district":"Amazonas"},"geometry":{"type":"Polygon","coordinates":[[[14.131306407861748,55.98181383707728],[14.13130543727293,55.981810272748916],[14.131305756859827,55.981806671732414],[14.13130735378047,55.98180317872347],[14.131310163867207,55.98179993407791],[14.13131407420513,55.98179706817173],[14.131318927669257,55.98179469616242],[14.131324529238118,55.98179291336181],[14.13133065383009,55.981791791406145],[14.131862707663997,55.98172646337605],[14.131868821813509,55.98172605049198],[14.131874964506904,55.981726297413644],[14.13188091034245,55.98172719508041],[14.131886441141932,55.98172871055303],[14.131891353956537,55.98173078822234],[14.13189546851389,55.981733351849705],[14.13189863383301,55.98173630736461],[14.131900733764478,55.98173954631652],[14.13195402938441,55.9818553349748],[14.132017949015367,55.98199454354762],[14.132018910908934,55.98199802496705],[14.132018641413872,55.982001544503724],[14.132017150867672,55.98200496714832],[14.132014496447365,55.98200816160817],[14.132010779976252,55.98201100534379],[14.132006144017994,55.98201338926946],[14.132000766407895,55.98201522193774],[14.131994853431127,55.98201643304742],[14.131467729909097,55.98209263446468],[14.131461497503043,55.98209317787493],[14.13145519539691,55.98209303005025],[14.131449066171983,55.98209219668071],[14.131443345754965,55.98209070984446],[14.13143825433662,55.98208862677293],[14.131433987896154,55.98208602764789],[14.131430710657561,55.982083012515076],[14.131428548768302,55.98207969743321],[14.131306407861748,55.98181383707728]]]}},{"type":"Feature","properties":{"color":"#165B57","district":"Amazonas"},"geometry":{"type":"Polygon","coordinates":[[[14.131758450203574,55.981576318629145],[14.131764676867036,55.981576003526705],[14.131770894801477,55.981576368615634],[14.13177686885763,55.98157740008904],[14.131782373109147,55.981579058938735],[14.131787199396648,55.981581282430504],[14.131791165199855,55.981583986476515],[14.13179412054012,55.98158706881534],[14.131867650548841,55.98168575041171],[14.131869481342026,55.98168908805599],[14.131870125104474,55.98169256069865],[14.131869557580748,55.98169603750049],[14.131867800153195,55.98169938746555],[14.131864919036373,55.98170248437674],[14.131861022782317,55.98170521155122],[14.13185625819063,55.98170746623684],[14.131850804777514,55.98170916348337],[14.131844868012106,55.98171023934339],[14.131320403890378,55.981774635438846],[14.13131428873168,55.981775048309245],[14.131308145065828,55.981774801160256],[14.131302198403443,55.98177390306376],[14.131296667023866,55.98177238698549],[14.131291753962934,55.98177030857491],[14.131287639560272,55.98176774412253],[14.131284474839727,55.981764787759644],[14.131282375965856,55.98176154800297],[14.13123187884185,55.981651721918645],[14.131230901331445,55.981648093359816],[14.131231260486052,55.981644429326614],[14.13123294135618,55.98164088232732],[14.13123587397854,55.98163759999889],[14.131239936288177,55.98163471896177],[14.131244959199227,55.981632359133485],[14.131250733642801,55.98163061873718],[14.131257019269068,55.981629570213435],[14.131758450203574,55.981576318629145]]]}},{"type":"Feature","properties":{"color":"#6099C5","district":"Östersjön"},"geometry":{"type":"Polygon","coordinates":[[[14.136179948713572,55.98143279380868],[14.136186228047125,55.981433100311214],[14.136192279801364,55.981434086368175],[14.136197871353199,55.981435714076646],[14.136202787769172,55.98143792086917],[14.13620684006725,55.98144062191898],[14.136209872481093,55.98144371340047],[14.136211768447579,55.98144707648031],[14.136212455087378,55.98145058188511],[14.136216497256447,55.981656816138994],[14.136215948195076,55.98166032905849],[14.136214184557476,55.981663714530505],[14.136211274133256,55.98166684242573],[14.136207328791777,55.981669592515516],[14.136202500182184,55.981671859093055],[14.136196973904411,55.98167355503663],[14.13619096237516,55.98167461515825],[14.1361846966631,55.98167499870938],[14.13578445008093,55.98167741614392],[14.135778171535293,55.98167710841476],[14.13577212094788,55.981676121311466],[14.135766530850749,55.98167449276972],[14.135761616078629,55.98167228537652],[14.135757565512538,55.9816695839649],[14.135754534820828,55.981666492353646],[14.135752640476658,55.981663129357365],[14.135751955281812,55.98165962422035],[14.135747992226817,55.98145347055678],[14.135748542187109,55.98144995895209],[14.135750305812984,55.981446574798284],[14.135753215363383,55.98144344808045],[14.135757159082432,55.981440698895604],[14.135761985492007,55.98143843283974],[14.135767509210018,55.98143673695181],[14.135773518070907,55.98143567637074],[14.135779781274906,55.981435291833336],[14.136179948713572,55.98143279380868]]]}},{"type":"Feature","properties":{"color":"#6099C5","district":"Östersjön"},"geometry":{"type":"Polygon","coordinates":[[[14.137286638763678,55.980982314590136],[14.137280446415918,55.98098166178557],[14.137274600616047,55.98098034575223],[14.137269325943272,55.980978417048426],[14.137264825035624,55.98097594976957],[14.13726127080516,55.980973038701556],[14.137258799795163,55.98096979567939],[14.137257506934564,55.98096634529087],[14.137257441891084,55.98096282009007],[14.137299681097916,55.98069447128724],[14.137300846925962,55.98069100561435],[14.13730319903151,55.980687733822144],[14.137306646995317,55.980684781683955],[14.137311058271555,55.980682262684944],[14.137316263283124,55.98068027365974],[14.137322061940496,55.98067889106981],[14.137328231333484,55.98067816806424],[14.137334534300246,55.98067813243656],[14.137922561241684,55.9807071856607],[14.137928753594192,55.98070783843929],[14.137934599407217,55.98070915445591],[14.13793987409872,55.98071108315238],[14.137944375027692,55.980713550432846],[14.137947929279122,55.98071646151033],[14.137950400306973,55.98071970454824],[14.13795169317999,55.98072315495679],[14.137951758228745,55.98072668017952],[14.137909518801461,55.98099502897137],[14.137908352969033,55.980998494622405],[14.137906000863783,55.98100176639522],[14.137902552903341,55.98100471851873],[14.137898141631482,55.98100723750952],[14.137892936623008,55.98100922653433],[14.137887137965079,55.9810106091325],[14.137880968565588,55.98101133215511],[14.13787466558427,55.98101136780829],[14.137286638763678,55.980982314590136]]]}},{"type":"Feature","properties":{"color":"#E9ABB7","district":"Himalaya"},"geometry":{"type":"Polygon","coordinates":[[[14.137970739174849,55.981016114330735],[14.137964546770473,55.98101546155528],[14.137958700908117,55.981014145540726],[14.137953426172293,55.981012216845336],[14.137948925206071,55.981009749565146],[14.137945370925992,55.981006838487325],[14.137942899879004,55.981003595448755],[14.13794160699669,55.98100014503935],[14.137941541948244,55.98099661981584],[14.137983781894501,55.98072826631536],[14.137984947514694,55.98072480104156],[14.13798729914307,55.98072152958756],[14.137990746399947,55.98071857768416],[14.137995156797768,55.98071605878089],[14.13800036083299,55.98071406968596],[14.138006158500568,55.98071268684557],[14.138012326980661,55.980711963405966],[14.138018629202174,55.98071192717086],[14.1384555678172,55.980733470096034],[14.138460595119792,55.980733945014165],[14.138589777527043,55.98075214194561],[14.138595787237241,55.98075335471322],[14.138601249645868,55.98075520838347],[14.138605949039874,55.98075762975408],[14.1386096998379,55.98076052320405],[14.138612353918974,55.980763774469686],[14.1386138064719,55.980767255157],[14.138674882893007,55.98102894019695],[14.138675077239514,55.98103250737461],[14.138674008880823,55.98103602580033],[14.138671719877749,55.981039356954085],[14.138668300347785,55.98104236968877],[14.138663884917218,55.98104494539336],[14.138658647420945,55.981046982662555],[14.138652794058618,55.98104840128927],[14.13864655527656,55.981049145422304],[14.138640176695107,55.98104918576519],[14.137970739174849,55.981016114330735]]]}},{"type":"Feature","properties":{"color":"#6099C5","district":"Östersjön"},"geometry":{"type":"Polygon","coordinates":[[[14.137225421330657,55.980961212992284],[14.137224254829098,55.98096467992563],[14.137221901186887,55.98096795278518],[14.137218450948973,55.980970905663135],[14.137214036846709,55.98097342496151],[14.137208828691671,55.980975413762174],[14.137203026842968,55.980976795555414],[14.137196854499356,55.98097751718322],[14.13719054911269,55.98097755088439],[14.137018619661848,55.98096899887042],[14.137012546323032,55.98096836328368],[14.13700680247376,55.980967089432156],[14.13700160027071,55.980965224367274],[14.136997131864065,55.98096283697771],[14.136993562300177,55.980960015444815],[14.13699102342537,55.980956863985625],[14.136816686233047,55.980669491002516],[14.136815210214534,55.980665856307695],[14.136815104942647,55.98066212944981],[14.136821135639545,55.980623887103164],[14.136822395789133,55.98062024624856],[14.136824963768543,55.98061682737115],[14.136828730409292,55.98061377581189],[14.136833535586344,55.98061122129648],[14.13683917502527,55.98060927242067],[14.136845408986211,55.980608012033656],[14.136851972455505,55.98060749371611],[14.136858586411735,55.980607739502325],[14.136864969687226,55.980608738943666],[14.137129937606902,55.980667287704605],[14.137138897953708,55.980668472475344],[14.137238458735961,55.98067338743595],[14.13724465143606,55.980674040015614],[14.137250497638878,55.98067535590444],[14.13725577272737,55.980677284544576],[14.137260274027195,55.98067975183572],[14.137263828593666,55.98068266298207],[14.137266299856458,55.98068590613436],[14.137267592866818,55.98068935668735],[14.137267657945618,55.98069288206718],[14.137225421330657,55.980961212992284]]]}},{"type":"Feature","properties":{"color":"#6099C5","district":"Östersjön"},"geometry":{"type":"Polygon","coordinates":[[[14.136946906515472,55.98094010586341],[14.136948346745465,55.98094357994724],[14.136948533502945,55.98094714471881],[14.136947459445384,55.98095066003257],[14.13694516679798,55.980953987687364],[14.136941745693678,55.98095699685963],[14.136937330629708,55.98095956924663],[14.136932095179992,55.98096160371738],[14.13692624517124,55.98096302028853],[14.136920010591085,55.980963763268896],[14.136913636546268,55.98096380344893],[14.136349009359737,55.98093592055168],[14.136342531109396,55.98093522035201],[14.13633644479416,55.98093379498484],[14.136331006772185,55.980931704487276],[14.136326446095145,55.98092903691194],[14.136322954860455,55.98092590461824],[14.136320680120072,55.98092243953964],[14.136319717686623,55.980918787626635],[14.136302434520703,55.98069710991498],[14.13630279977469,55.980693512456575],[14.136304439375696,55.9806900279185],[14.136307287521278,55.9806867961457],[14.136311229906552,55.98068394683889],[14.136316108311624,55.98068159434924],[14.136321726951442,55.98067983308917],[14.136327860333234,55.980678733743254],[14.136334262306189,55.98067834043151],[14.136763457737949,55.980676169377915],[14.13677012693043,55.98067652620251],[14.136776519121304,55.980677648610644],[14.136782356711446,55.98067948785856],[14.136787386186748,55.98068196407168],[14.136791389127692,55.98068496971335],[14.136794191694822,55.980688374254946],[14.136946906515472,55.98094010586341]]]}},{"type":"Feature","properties":{"color":"#E9ABB7","district":"Himalaya"},"geometry":{"type":"Polygon","coordinates":[[[14.140333238829099,55.98034844403549],[14.140336501847393,55.980345125817735],[14.140340934418388,55.980342263421775],[14.14034634001749,55.980339983756004],[14.140352478979652,55.980338387892616],[14.140359079125247,55.980337546586526],[14.140365847827514,55.980337497138166],[14.140371385763574,55.9803377843046],[14.14066760423705,55.980336243339416],[14.14067387539913,55.98033655563982],[14.14067991751027,55.980337545765536],[14.14068549883752,55.98033917574228],[14.1406904053203,55.98034138305559],[14.14069444878023,55.9803440830484],[14.140697474138346,55.98034717216795],[14.140699365362838,55.98035053193724],[14.140700049919259,55.98035403349899],[14.14070510735138,55.98061437245826],[14.140704556651551,55.980617888463776],[14.140702789296379,55.98062127660777],[14.140699873339981,55.980624406425136],[14.140695921064998,55.980627157398],[14.140691084659036,55.980629423596305],[14.140685550354492,55.98063111775694],[14.140679531257401,55.980632174643915],[14.14067325914149,55.98063255356032],[14.140268827376621,55.980634655353185],[14.140262308032268,55.98063431618766],[14.140256046714805,55.98063324508389],[14.140169625819885,55.98061287446184],[14.140164089923754,55.9806111951381],[14.140159245358387,55.98060894427276],[14.14015527800356,55.98060620822872],[14.140152340081483,55.980603091984506],[14.14015054431625,55.98059971510649],[14.140149959608772,55.980596207161184],[14.140150608393194,55.9805927027439],[14.140152465776174,55.9805893363146],[14.140333238829099,55.98034844403549]]]}},{"type":"Feature","properties":{"color":"#E9ABB7","district":"Himalaya"},"geometry":{"type":"Polygon","coordinates":[[[14.139855982246461,55.98021742609492],[14.139861517404578,55.98021910534045],[14.13986636136411,55.98022135599796],[14.139870328307945,55.980224091730946],[14.13987326606169,55.98022720759515],[14.139875061931175,55.98023058406426],[14.139875647025503,55.98023409161497],[14.13987499889978,55.98023759569554],[14.139873142416173,55.98024096188735],[14.13969306852282,55.9804810050692],[14.139690068328374,55.98048410965587],[14.13968604229725,55.98048682670198],[14.139681145441157,55.9804890515947],[14.139675566300772,55.98049069867029],[14.139669519686445,55.980491704512346],[14.139663238407488,55.980492030393485],[14.139656964308402,55.98049166376652],[14.139650938957248,55.98049061874748],[14.13919455643077,55.98038300272529],[14.139189109854613,55.980381356525555],[14.139184328212366,55.98037915679592],[14.139180388804698,55.98037648510123],[14.139177437702566,55.98037344050647],[14.139175584331007,55.980370135903605],[14.139174897411735,55.98036669382548],[14.139175402415026,55.98036324190246],[14.139177080615328,55.980359908129856],[14.139345806376104,55.98011721459267],[14.139348715936853,55.980114016841256],[14.139352702153214,55.980111205854655],[14.139357606376722,55.98010889350786],[14.13936323342306,55.980107171830475],[14.139369359340247,55.98010610934384],[14.139375740321716,55.98010574833406],[14.139382122409593,55.98010610316907],[14.139388251601966,55.980107159726664],[14.139855982246461,55.98021742609492]]]}},{"type":"Feature","properties":{"color":"#E9ABB7","district":"Himalaya"},"geometry":{"type":"Polygon","coordinates":[[[14.14028578968594,55.98031882000828],[14.140291323560854,55.9803204999023],[14.140296166108289,55.980322751004515],[14.140300131600005,55.98032548697757],[14.140303067945721,55.980328602887504],[14.140304862526323,55.980331979228666],[14.140305446513208,55.98033548650678],[14.140304797508156,55.980338990205716],[14.140302940402409,55.98034235594662],[14.14012286933124,55.980582312537145],[14.140119869101055,55.980585416379824],[14.14011584346721,55.98058813277466],[14.140110947369296,55.98059035717219],[14.140105369249678,55.980592003959174],[14.140099323800674,55.98059300975355],[14.140093043701391,55.98059333584399],[14.140086770662261,55.980592969679826],[14.140080746121985,55.98059192535409],[14.139739821895619,55.9805115725786],[14.139734286206602,55.98050989347107],[14.13972944172306,55.98050764286873],[14.139725474300771,55.9805049071147],[14.139722536147444,55.98050179116463],[14.13972073998338,55.980498414560145],[14.139720154717063,55.980494906842715],[14.139720802801557,55.98049140258384],[14.139722659373168,55.980488036222255],[14.139902728054826,55.98024799974345],[14.139905728647642,55.980244894792236],[14.13990975530609,55.98024217748821],[14.139914652956264,55.98023995247953],[14.139920232980936,55.980238305455174],[14.139926280483532,55.980237299844944],[14.139932562564157,55.98023697437662],[14.139938837288941,55.9802373415846],[14.139944863007297,55.98023838732699],[14.14028578968594,55.98031882000828]]]}},{"type":"Feature","properties":{"color":"#6099C5","district":"Östersjön"},"geometry":{"type":"Polygon","coordinates":[[[14.138755684962563,55.98137553907306],[14.13875587903893,55.98137910628839],[14.138754810379245,55.98138262471988],[14.138752521056947,55.98138595584478],[14.138749101203764,55.98138896851462],[14.138744685461202,55.981391544118765],[14.13873944767966,55.981393581254],[14.138733594073829,55.98139499971704],[14.13872735510389,55.98139574366208],[14.138720976402114,55.98139578379949],[14.138246230470568,55.98137231538849],[14.138240038862739,55.98137166254872],[14.138234193746037,55.981370346647815],[14.138228919618067,55.98136841822654],[14.138224419045976,55.98136595135117],[14.138220864886295,55.98136304076874],[14.138218393645932,55.98135979826808],[14.13821710023926,55.98135634838614],[14.138217034342723,55.98135282362493],[14.138257789145511,55.98109346666619],[14.138258953911974,55.98109000118865],[14.138261304821677,55.98108672944861],[14.138264751516871,55.9810837771957],[14.13826916152327,55.98108125790005],[14.138274365341726,55.981079268391056],[14.138280162962953,55.98107788513557],[14.138286331554895,55.9810771612992],[14.138292634027259,55.981077124702594],[14.13866491345435,55.981095458780665],[14.138671013410574,55.9810960955115],[14.138676781099543,55.981097376006765],[14.138682001651734,55.9810992525629],[14.138686480580589,55.98110165527065],[14.1386900510279,55.98110449461955],[14.138692579979953,55.98110766483243],[14.138693973222836,55.9811110478061],[14.138755684962563,55.98137553907306]]]}},{"type":"Feature","properties":{"color":"#6099C5","district":"Östersjön"},"geometry":{"type":"Polygon","coordinates":[[[14.138185012387428,55.98135122329668],[14.138183847186205,55.9813546895788],[14.138181495287823,55.98135796199996],[14.138178047130355,55.9813609147246],[14.138173635306787,55.98136343421056],[14.138168429466402,55.98136542357513],[14.138162629791196,55.981366806320544],[14.1381564592982,55.98136752927556],[14.138150155263695,55.981367564640145],[14.137556828494226,55.981338216739246],[14.13755063715998,55.981337563748085],[14.137544792348502,55.98133624774976],[14.13753951853047,55.981334319285345],[14.137535018247405,55.98133185241776],[14.137531464333039,55.981328941887334],[14.137528993275605,55.981325699473295],[14.137527699976026,55.98132224970089],[14.13752763410327,55.98131872505892],[14.137568387513202,55.98105937696413],[14.137569552710525,55.98105591066],[14.137571904610056,55.98105263821937],[14.137575352772062,55.981049685479974],[14.137579764601451,55.981047165985814],[14.13758497044657,55.98104517662096],[14.13759077012297,55.98104379388396],[14.137596940611235,55.98104307094625],[14.137603244632897,55.98104303560748],[14.13819657149618,55.9810723835129],[14.138202762837043,55.981073036477966],[14.138208607663474,55.981074352459494],[14.13821388150188,55.98107628091659],[14.138218381807677,55.98107874778585],[14.138221935744108,55.98108165832587],[14.138224406820132,55.98108490075581],[14.138225700132462,55.98108835054841],[14.138225766010411,55.981091875212485],[14.138185012387428,55.98135122329668]]]}},{"type":"Feature","properties":{"color":"#6099C5","district":"Östersjön"},"geometry":{"type":"Polygon","coordinates":[[[14.137495611324683,55.981317130149606],[14.137494446411127,55.981320595881535],[14.137492095174213,55.98132386783628],[14.13748864799734,55.98132682023693],[14.137484237392922,55.98132933959049],[14.137479032908512,55.98133132905067],[14.137473234609246,55.98133271214074],[14.137467065387137,55.98133343569346],[14.137460762392879,55.98133347189474],[14.13721214640834,55.98132121059003],[14.137205953087419,55.98132055822324],[14.137200106238172,55.98131924244145],[14.137194830534188,55.981317313805526],[14.137190328701886,55.981314846426024],[14.137186773730463,55.98131193511556],[14.137184302224538,55.981308691745426],[14.137183009154946,55.981305240946675],[14.137182944209385,55.9813017153211],[14.137223780477349,55.981042367063104],[14.13722494630888,55.981038901763306],[14.137227298178583,55.98103563030926],[14.137230745695119,55.98103267843507],[14.137235156357459,55.981030159592144],[14.137240360647436,55.98102817058892],[14.137246158544942,55.98102678787007],[14.137252327215426,55.981026064578586],[14.137258629574239,55.981026028513206],[14.137507163219503,55.98103828931404],[14.137513355707894,55.98103894162902],[14.137519201819172,55.98104025719262],[14.137524476964966,55.98104218546524],[14.137528978491446,55.98104465236896],[14.137532533464592,55.98104756313347],[14.137535005313762,55.98105080593674],[14.13753629907831,55.98105425620088],[14.1375363650557,55.98105778137794],[14.137495611324683,55.981317130149606]]]}},{"type":"Feature","properties":{"color":"#6099C5","district":"Östersjön"},"geometry":{"type":"Polygon","coordinates":[[[14.137150920665805,55.98130012539641],[14.13714975450389,55.9813035913004],[14.137147401885672,55.98130686326564],[14.137143953262955,55.98130981549353],[14.137139541226151,55.981312334478496],[14.137134335406579,55.98131432337208],[14.137128535954544,55.9813157057064],[14.137122365844094,55.981316428334225],[14.137116062300198,55.981316463472396],[14.136374374383914,55.981279753290025],[14.136367838485105,55.98127904253326],[14.136361704448321,55.981277593798254],[14.136356235372292,55.98127546922361],[14.136351665834402,55.9812727599358],[14.136348191829272,55.981269582140506],[14.136345962362252,55.98126607213847],[14.136345073058378,55.98126238047922],[14.136330908489207,55.98100029659089],[14.136331291587814,55.98099693232479],[14.136332790041362,55.98099366714237],[14.136335351212221,55.98099061574232],[14.136338885131906,55.98098788531352],[14.136343267661502,55.98098557176983],[14.136348344852403,55.98098375638091],[14.13635393835418,55.98098250291729],[14.136359851679632,55.98098185541032],[14.136365877106916,55.980981836605466],[14.137162566014528,55.98102128101864],[14.13716875761959,55.98102193432794],[14.137174602557375,55.981023250715836],[14.13717987632282,55.98102517961967],[14.137184376349598,55.98102764694993],[14.137187929790727,55.98103055793602],[14.137190400157657,55.98103380076643],[14.137191692562835,55.98103725088341],[14.137191757364398,55.981040775767276],[14.137150920665805,55.98130012539641]]]}},{"type":"Feature","properties":{"color":"#165B57","district":"Amazonas"},"geometry":{"type":"Polygon","coordinates":[[[14.132447976933804,55.978787351127],[14.132441893711922,55.97878643513364],[14.132436246572277,55.97878487296561],[14.132431252373232,55.97878272461247],[14.132427102899182,55.97878007257412],[14.132423957495764,55.97877701869265],[14.132421936950756,55.97877368024153],[14.132421118855682,55.97877018542207],[14.132421534626232,55.97876666844031],[14.132520796847047,55.97843145170613],[14.132522297670622,55.978428248389214],[14.132524822683038,55.9784252533127],[14.132528286291286,55.97842256800358],[14.132532571085935,55.97842028348835],[14.132537531821091,55.978418477207406],[14.132543000337938,55.97841721038997],[14.132548791264965,55.978416525978524],[14.132554708301663,55.97841644717324],[14.132998089926414,55.97843343821385],[14.133004690307683,55.97843408271581],[14.133010908552654,55.978435478719476],[14.133016474542597,55.978437565582865],[14.133021146492428,55.97844025265326],[14.133024721453797,55.97844342320511],[14.133027044131092,55.978446939510505],[14.133202472193704,55.9788319626079],[14.13320342652772,55.97883548711402],[14.133203119788204,55.97883904770266],[14.133201564023294,55.978842504516734],[14.133198820341883,55.97884572177536],[14.133194996513343,55.978848573107115],[14.133190242734479,55.97885094651391],[14.133184745729926,55.97885274877017],[14.133178721417755,55.9788539090846],[14.133172406428358,55.978854381880936],[14.133166048809754,55.9788541485881],[14.132447976933804,55.978787351127]]]}},{"type":"Feature","properties":{"color":"#E9ABB7","district":"Himalaya"},"geometry":{"type":"Polygon","coordinates":[[[14.139518706264964,55.980048549220434],[14.139513023516185,55.9800468008053],[14.139508083608877,55.980044449853],[14.139504087576022,55.98004159203726],[14.139501198038845,55.98003834365895],[14.13949953258883,55.98003483691314],[14.139499159002298,55.98003121450934],[14.139500092482253,55.98002762386374],[14.139502295039735,55.98002421110013],[14.139505677039878,55.98002111510321],[14.13951010084969,55.9800184618666],[14.139515386439165,55.98001635936549],[14.140109613004816,55.97982731746998],[14.140114989110048,55.97982595575518],[14.14012071953053,55.97982516679757],[14.140126611167156,55.97982497718279],[14.140132465488298,55.97982539330033],[14.140138085219757,55.9798264011282],[14.140143280992314,55.97982796670544],[14.140147877722926,55.97983003727648],[14.140491304083973,55.980016260167226],[14.140495019469533,55.98001866620192],[14.140497919544886,55.98002140067171],[14.140499913680351,55.980024378122415],[14.140500939557485,55.98002750550647],[14.14050096511662,55.980030685090746],[14.140469458211447,55.980240022910415],[14.140468420807528,55.98024328296956],[14.140466332787403,55.98024638138181],[14.140463264920795,55.98024921313162],[14.140459321187757,55.980251682241516],[14.140454635254462,55.980253705025085],[14.14044936594281,55.980255212923396],[14.140443691847427,55.98025615482875],[14.140437805282463,55.98025649881677],[14.140401525817088,55.98025674013864],[14.140394916790049,55.98025640079747],[14.140388573140457,55.9802553094232],[14.139518706264964,55.980048549220434]]]}},{"type":"Feature","properties":{"color":"#E9ABB7","district":"Himalaya"},"geometry":{"type":"Polygon","coordinates":[[[14.14019047161561,55.979828085983854],[14.140186220940599,55.97982525093793],[14.140183097206538,55.9798219892096],[14.140181232631699,55.97981843885835],[14.14018070613773,55.979814750160145],[14.140181540009197,55.97981107924678],[14.140183698950395,55.97980758149718],[14.140187091579396,55.97980440496077],[14.140191574295999,55.97980168409086],[14.14019695735996,55.97979953405379],[14.140296849852353,55.97976776159416],[14.14030074910957,55.97976621522599],[14.140302919389496,55.97976492426661],[14.140304589653901,55.97976341838272],[14.140305693722276,55.97976175724161],[14.14030618784843,55.97976000666235],[14.140305983561829,55.97975733505695],[14.140248353948767,55.979532517727925],[14.140248074935357,55.97952899623073],[14.140249028860154,55.9795255119138],[14.140251179084775,55.97952219860177],[14.140254443023753,55.97951918355131],[14.14025869531651,55.979516582563534],[14.14026377264218,55.979514495536336],[14.140269479992401,55.979513002627556],[14.140275598161125,55.979512161176345],[14.140726859334368,55.97947583572482],[14.140733146662077,55.97947567782739],[14.140739368488372,55.97947620831522],[14.14074528635124,55.97947740685646],[14.140750673438532,55.97947922751503],[14.140755323280901,55.97948160051106],[14.140759057665067,55.97948443489545],[14.140761733464158,55.97948762203555],[14.1407632481233,55.979491039778765],[14.140890319134048,55.97997787808762],[14.140890655308036,55.97998031951055],[14.140890804013912,55.979989812160255],[14.140890241615354,55.979993323052575],[14.140888466115966,55.97999670515334],[14.140885545708663,55.97999982856313],[14.140881592559957,55.980002573318316],[14.140876758501898,55.980004833998464],[14.140871229200542,55.98000652377556],[14.140865217024894,55.98000757774877],[14.140858952890245,55.98000795543708],[14.140538543909255,55.98000960529201],[14.140532317553584,55.98000929735576],[14.140526315394249,55.98000832114012],[14.140520764334081,55.9800067135495],[14.140515874222709,55.980004535356485],[14.14019047161561,55.979828085983854]]]}},{"type":"Feature","properties":{"color":"#165B57","district":"Amazonas"},"geometry":{"type":"Polygon","coordinates":[[[14.13172906737491,55.9785236434088],[14.131722410894604,55.978523285561565],[14.131716030752866,55.978522164935434],[14.131710203025367,55.97852033002109],[14.131705179884133,55.97851786021731],[14.131701178685741,55.97851486239516],[14.131698372566087,55.978511466273616],[14.131634228981135,55.97840629169481],[14.131632786353403,55.97840285132242],[14.131632573810439,55.97839931953474],[14.131633599556157,55.97839583266036],[14.131635823995992,55.97839252529418],[14.1316391612653,55.978389525102024],[14.13164348254382,55.97838694789254],[14.131648621028212,55.97838489314713],[14.131654378370747,55.978383440179805],[14.131660532335603,55.97838264507567],[14.131666845377234,55.9783825385261],[14.132409838533192,55.978410947280864],[14.132416425285191,55.978411589015906],[14.132422632331895,55.97841297918236],[14.132428191188508,55.97841505764884],[14.132432861407487,55.978417734511574],[14.13243644097904,55.97842089398333],[14.132438775069051,55.97842439940161],[14.132439762716428,55.97842809914004],[14.13243936120022,55.97843183316683],[14.132419618702327,55.97849847106311],[14.13241798265366,55.97850187787466],[14.132415189604178,55.97850504049656],[14.132411346992065,55.97850783727424],[14.132406602628455,55.978510160625824],[14.132401139011685,55.9785119211804],[14.132395166307255,55.97851305121578],[14.13238891426349,55.97851350726361],[14.131843249537413,55.97852310148704],[14.13184251024493,55.97852310972363],[14.13172906737491,55.9785236434088]]]}},{"type":"Feature","properties":{"color":"#BA2F4B","district":"Stora Barriärrevet"},"geometry":{"type":"Polygon","coordinates":[[[14.127774609109027,55.978408202681216],[14.127767992273556,55.978408417455796],[14.127761437352852,55.97840786843363],[14.127755222989448,55.978406578953035],[14.127749613349106,55.97840460382848],[14.127744846891373,55.978402027020294],[14.127741126232918,55.97839895806578],[14.127738609534527,55.97839552742274],[14.127654191198594,55.97823503034948],[14.127653033165101,55.97823168606664],[14.127653022841045,55.97822827960129],[14.127654160596443,55.978224933140275],[14.127656405620765,55.97822176671805],[14.127659677386816,55.978218893911254],[14.127663858539199,55.97821641776475],[14.127668799103771,55.9782144270956],[14.127674321867072,55.9782129933072],[14.127680228732807,55.978212167828175],[14.127686307827345,55.97821198026767],[14.128138134857148,55.97822203352146],[14.128144616867031,55.97822255112121],[14.128150776976362,55.978223792839884],[14.128156359628004,55.97822570716378],[14.128161133221033,55.97822821467564],[14.128164899718868,55.97823121134927],[14.128167502864988,55.97823457286519],[14.1282305201765,55.97834584994025],[14.128231805198807,55.97834919867204],[14.128231932382722,55.978352622977816],[14.128230897116083,55.97835599868771],[14.128228736938748,55.978359203393936],[14.128225530181396,55.97836212088954],[14.12822139312518,55.978364645382165],[14.128216475785232,55.97836668533026],[14.128210956470935,55.97836816676253],[14.128205035320162,55.9783690359602],[14.127774609109027,55.978408202681216]]]}},{"type":"Feature","properties":{"color":"#BA2F4B","district":"Stora Barriärrevet"},"geometry":{"type":"Polygon","coordinates":[[[14.127951923940461,55.97871489431868],[14.127945788508107,55.97871558467086],[14.127939530273768,55.97871559683719],[14.12793338641519,55.978714930356595],[14.127927589775432,55.978713610487716],[14.127922360038426,55.978711687251554],[14.127917895403261,55.978709233535945],[14.127914365072725,55.97870634233296],[14.127911902840777,55.97870312321484],[14.127767381619622,55.97844795057306],[14.127766096430669,55.97844460179617],[14.127765969123091,55.97844117742852],[14.127767004313093,55.97843780164684],[14.127769164461634,55.97843459686597],[14.127772371235732,55.97843167929977],[14.12777650834905,55.978429154746884],[14.127781425778789,55.97842711475428],[14.127786945205898,55.978425633297455],[14.127792866481398,55.978424764097916],[14.128249162237992,55.97838324327057],[14.128256136753997,55.97838303866296],[14.128263025650833,55.97838368165795],[14.128269503774057,55.97838514190631],[14.12843328425532,55.97843423459535],[14.128438940192462,55.97843639262369],[14.128443651172477,55.97843917179166],[14.128447203551167,55.97844244606339],[14.12844943622703,55.97844606694989],[14.128489021901308,55.978542601822774],[14.128489823673615,55.978546125802815],[14.128489371917093,55.9785496692171],[14.128487684253747,55.978553093842386],[14.1284848265165,55.97855626608912],[14.128480910181185,55.97855906221261],[14.12847608801808,55.978561373140224],[14.128470548132576,55.97856310872605],[14.128464506627461,55.978564201267424],[14.128339186325322,55.978579417681566],[14.128334562617736,55.97858026111556],[14.128331763005907,55.978581154006555],[14.128329342467808,55.97858234426347],[14.128327400339098,55.97858378303975],[14.128325311657193,55.978586240305],[14.128284307651127,55.97865059265021],[14.128281781305038,55.9786536289473],[14.128278292641497,55.978656350546636],[14.12827396262259,55.978658663082335],[14.128268941382768,55.97866048637195],[14.128263403023228,55.97866175719663],[14.127951923940461,55.97871489431868]]]}},{"type":"Feature","properties":{"color":"#E9ABB7","district":"Himalaya"},"geometry":{"type":"Polygon","coordinates":[[[14.140271076713057,55.97949435352411],[14.14026477942428,55.97949451110057],[14.140258548234922,55.97949397813054],[14.14025262272011,55.97949277510551],[14.140247230702435,55.97949094827908],[14.140242579492654,55.97948856788855],[14.140238847919049,55.97948572545454],[14.140236179451895,55.97948253026216],[14.140234676687363,55.97947910515921],[14.140142998413348,55.97912163687024],[14.140142704397865,55.97911828098836],[14.14014353106767,55.979114953063934],[14.140145449575607,55.97911176922582],[14.140148392974565,55.979108840574916],[14.14015225855364,55.979106269307266],[14.1401569114223,55.97910414514792],[14.140162189217417,55.97910254221992],[14.140167907768976,55.97910151645786],[14.140173867526721,55.97910110365593],[14.140179860523476,55.979101318218966],[14.140379557458605,55.97911905564256],[14.140385287596947,55.97911927366536],[14.14063843909792,55.97911620830102],[14.140645063713109,55.979116512633496],[14.14065143486117,55.979117572706436],[14.140657280171473,55.97911934320104],[14.140662349753203,55.979121748427545],[14.140666426878322,55.97912468556098],[14.140669337246836,55.97912802903696],[14.140670956438251,55.9791316359197],[14.140749442760958,55.97943768157071],[14.14074972216664,55.97944120318613],[14.140748768543556,55.979444687658074],[14.140746618520529,55.97944800114618],[14.140743354680756,55.979451016377695],[14.140739102389796,55.979453617535945],[14.140734024980231,55.9794557047091],[14.140728317477992,55.979457197727676],[14.140722199111293,55.97945803924406],[14.140271076713057,55.97949435352411]]]}},{"type":"Feature","properties":{"color":"#165B57","district":"Amazonas"},"geometry":{"type":"Polygon","coordinates":[[[14.13033746246306,55.981702767582014],[14.130343404543302,55.98170313092262],[14.130349123692586,55.98170410338765],[14.130354422209058,55.98170565136058],[14.13035911693141,55.98170772133042],[14.130363045570459,55.98171024174165],[14.130366072319223,55.981713125467635],[14.130368092547572,55.98171627282252],[14.130511833915712,55.982029034839265],[14.130512797299495,55.9820325171831],[14.130512528576977,55.98203603778012],[14.130511038062114,55.98203946150049],[14.130508382964527,55.982042656932684],[14.13050466519369,55.98204550142745],[14.130500027447418,55.98204788580548],[14.130494647734745,55.9820497185479],[14.130488732543476,55.9820509293091],[14.130170717606445,55.98209685605184],[14.130166005821021,55.982097841042155],[14.130163196594761,55.98209884299688],[14.130160822325005,55.98210015050257],[14.130158987289484,55.982101706133705],[14.130157772082862,55.98210344156711],[14.130157230076971,55.982105280582736],[14.130157464095598,55.98210809157065],[14.130193252800833,55.982239219995584],[14.130193593329404,55.98224268301411],[14.130192739483748,55.98224611821556],[14.130190723011278,55.98224939787215],[14.130187618888291,55.982252400039535],[14.130183542532233,55.98225501309094],[14.13017864551026,55.9822571398677],[14.130173109903682,55.9822587012919],[14.130167141537791,55.98225963930647],[14.130160962328835,55.98225991903414],[14.13015480203267,55.98225953007401],[14.13014888970194,55.98225848688847],[14.129873779519608,55.98219303749342],[14.129867630462218,55.98219110421703],[14.129862382972494,55.98218846728682],[14.129858289632024,55.98218525362832],[14.129818908979345,55.98214579310308],[14.129816781188557,55.9821431953718],[14.129800677978945,55.98211852822362],[14.129799075392643,55.9821149988254],[14.129798776332674,55.982111361175605],[14.129799793056941,55.982107764378966],[14.129802083890263,55.98210435586574],[14.129805554932668,55.98210127534847],[14.129810063908346,55.982098649095384],[14.129815425997446,55.98209658475466],[14.129821421411728,55.982095166942145],[14.12982780440351,55.98209445377293],[14.129834313338655,55.9820944744793],[14.129840545426386,55.98209484928451],[14.129845152395076,55.98209487772676],[14.129848157286578,55.98209456995508],[14.12985100186427,55.982093946876695],[14.129853581470046,55.982093031416],[14.129855801194816,55.98209185725469],[14.129857579370263,55.982090467592656],[14.129858850573559,55.98208891355855],[14.129859568034528,55.98208725232852],[14.129859705356346,55.98208554502273],[14.12985902988716,55.982082995340086],[14.129738396154169,55.98181097641785],[14.12973753427307,55.98180794579536],[14.129725741520312,55.98171694169986],[14.12972594987407,55.98171322040087],[14.129727523232216,55.981709602825156],[14.129730394179827,55.981706243977],[14.129734439703537,55.98170328777481],[14.129739486462375,55.98170086088455],[14.129745318215054,55.981699067292475],[14.12975168508535,55.981697983849536],[14.12975831426867,55.98169765697858],[14.13033746246306,55.981702767582014]]]}},{"type":"Feature","properties":{"color":"#165B57","district":"Amazonas"},"geometry":{"type":"Polygon","coordinates":[[[14.130707948951178,55.98168327321633],[14.130714633893072,55.981683139042644],[14.130721223764617,55.98168378170354],[14.130727433282575,55.98168517337739],[14.130732993629591,55.981687253817114],[14.13073766409159,55.98168993295797],[14.130741242478537,55.981693094816784],[14.13074357387751,55.981696602512926],[14.130871830166193,55.98197553897094],[14.130872794240004,55.98197902104944],[14.13087252635979,55.98198254146336],[14.130871036805987,55.981985965105416],[14.13086838274474,55.98198916058223],[14.130864666034014,55.98199200525701],[14.13086002931449,55.98199438995608],[14.130854650535293,55.98199622315878],[14.1308487361246,55.981997434510006],[14.130628025319101,55.98202933603964],[14.130621793357484,55.98202987932],[14.130615491729033,55.98202973146659],[14.130609362960904,55.98202889816972],[14.130603642927444,55.98202741150005],[14.130598551772206,55.982025328674126],[14.130594285435391,55.98202272985249],[14.1305910081128,55.98201971505443],[14.130588845936535,55.98201640030868],[14.130452837788718,55.98172045694644],[14.130451883684593,55.98171706357293],[14.13045210008961,55.9817136306081],[14.130453479110189,55.98171028326766],[14.130455970446931,55.98170714364428],[14.1304594832293,55.98170432625416],[14.130463889330107,55.981701933860194],[14.13046902803892,55.98170005372373],[14.130474711923878,55.981698754421785],[14.130480733668184,55.98169808334573],[14.130620407994176,55.98169016510623],[14.130621655551675,55.9816900805689],[14.130707948951178,55.98168327321633]]]}},{"type":"Feature","properties":{"color":"#165B57","district":"Amazonas"},"geometry":{"type":"Polygon","coordinates":[[[14.129509338917002,55.98084800036351],[14.129514068031426,55.98084553272239],[14.129519584176466,55.98084364450245],[14.129525664164802,55.98084241210245],[14.1295320619957,55.98084188538618],[14.129538518808335,55.98084208566494],[14.129544773355445,55.980843004835315],[14.12955057257355,55.98084460570702],[14.129651302140232,55.9808798675292],[14.129655929165912,55.9808818338131],[14.129659848017187,55.98088423393334],[14.129662930684102,55.98088698948964],[14.129665076470717,55.98089001047136],[14.129666215284367,55.98089319819773],[14.129696449286127,55.98105100522696],[14.129696819303408,55.98105241030558],[14.129706069516859,55.98107994586555],[14.129706622571767,55.98108332205083],[14.129706033368002,55.98108669632153],[14.129704322839727,55.981089948789524],[14.129701551761894,55.98109296389436],[14.129304089722298,55.98144040343948],[14.129300254271488,55.981443134162056],[14.129295552268099,55.981445401593724],[14.129290159013932,55.98144712119927],[14.129284275582366,55.98144822886762],[14.129278121321837,55.98144868330226],[14.129271925677976,55.98144846756079],[14.129265919639293,55.98144758968655],[14.129260327125328,55.981446082408816],[14.129255356638367,55.98144400192249],[14.129040935942363,55.98133468298608],[14.129036402319501,55.98133182171286],[14.129033052206514,55.98132848894932],[14.128987986617254,55.981269807076266],[14.128985919849644,55.981266002221325],[14.128935641512635,55.98111506994911],[14.128935283107163,55.98111370542706],[14.128904368903966,55.98095352172672],[14.128904284257706,55.980950165394624],[14.128905315775196,55.98094685871026],[14.12890742753056,55.98094371683849],[14.128910545975552,55.980940849204124],[14.128914562501105,55.98093835568079],[14.128919337219987,55.980936323112644],[14.128924703838779,55.9809348222897],[14.12893047544952,55.98093390548243],[14.128936451039293,55.98093360462127],[14.129364821094441,55.980934489592926],[14.129369913393022,55.98093419457017],[14.129373134600398,55.98093360347211],[14.129376058380393,55.98093264353852],[14.129379823631696,55.980930702862636],[14.129509338917002,55.98084800036351]]]}},{"type":"Feature","properties":{"color":"#165B57","district":"Amazonas"},"geometry":{"type":"Polygon","coordinates":[[[14.12970808978702,55.98112061497168],[14.129711926832975,55.981117883267075],[14.129716631032426,55.98111561524247],[14.129722026866967,55.981113895520075],[14.12972791301269,55.98111278826441],[14.129734069851779,55.98111233478825],[14.129740267666625,55.98111255201124],[14.12974627521078,55.981113431828554],[14.129751868336946,55.98111494141338],[14.129756838360107,55.98111702444163],[14.129765904580653,55.98112165289119],[14.129768974837422,55.981122982855965],[14.129772387683435,55.98112401901013],[14.130003353305819,55.98118116166599],[14.130009004239076,55.98118296207574],[14.130013891964989,55.98118536186787],[14.130017816500596,55.981188262854126],[14.130020617272049,55.981191546339765],[14.13002217968458,55.9811950779799],[14.13002243981121,55.98119871327628],[14.130021387008409,55.98120230348949],[14.12983504576999,55.9815880947204],[14.12983288219329,55.98159131371761],[14.129829663066948,55.98159424349552],[14.129825506077458,55.98159677694557],[14.129820563198344,55.9815988214484],[14.12981501513425,55.981600302259835],[14.129809064714609,55.98160116524347],[14.129802929478473,55.981601378849845],[14.129796833721555,55.981600935269796],[14.129791000296255,55.98159985071998],[14.129348688259471,55.98149035432261],[14.129344130703567,55.98148897019675],[14.129340030202991,55.98148719413476],[14.129327659210018,55.981480880312624],[14.129323370914445,55.981478205979435],[14.12932011823244,55.98147510817127],[14.129318030944004,55.98147171048903],[14.129317192330484,55.98146814849835],[14.129317635851748,55.98146456432065],[14.129319343811199,55.98146110096263],[14.129322248061923,55.98145789661021],[14.12970808978702,55.98112061497168]]]}},{"type":"Feature","properties":{"color":"#6099C5","district":"Östersjön"},"geometry":{"type":"Polygon","coordinates":[[[14.13935372780417,55.982051433859894],[14.139351360327055,55.98204827119447],[14.139350108639297,55.98204491465377],[14.139350018228289,55.9820414862181],[14.139351092379354,55.98203811048047],[14.139353292056411,55.98203491011874],[14.139356537320621,55.982032001437474],[14.139360710235481,55.98202949014111],[14.139365659152793,55.98202746749278],[14.139371204223703,55.98202600699763],[14.139377143934617,55.98202516173149],[14.139383262430362,55.98202496241225],[14.139389337358576,55.982025416283314],[14.139395147950177,55.98202650685061],[14.140195122314886,55.982225906660254],[14.140200432410964,55.98222758446751],[14.140205080663318,55.98222979305918],[14.140208899822497,55.98223245296768],[14.14021175247067,55.982235468486465],[14.140213535966083,55.9822387311138],[14.140214186136262,55.98224212345659],[14.140213679587033,55.98224552345446],[14.140169979971597,55.98238130415553],[14.140107108521686,55.982576465810965],[14.140105455996933,55.98257976035702],[14.140102718119543,55.98258282020154],[14.140098993980487,55.9825855346005],[14.140094418366294,55.982587805312406],[14.140089156880785,55.98258955015397],[14.14008339995142,55.98259070597465],[14.140077355937189,55.9825912309421],[14.140071243587515,55.982591106056326],[14.140065284125077,55.982590335837294],[14.140059693239124,55.98258894816133],[14.139834663258288,55.98251805980707],[14.139829214258373,55.98251589765696],[14.139824681602763,55.982513152187536],[14.139725040640995,55.98243853690961],[14.139722460962483,55.98243626962949],[14.13935372780417,55.982051433859894]]]}},{"type":"Feature","properties":{"color":"#6099C5","district":"Östersjön"},"geometry":{"type":"Polygon","coordinates":[[[14.139381431739018,55.98197391117801],[14.139375945349535,55.981972164818394],[14.139371174623669,55.98196985239368],[14.139367303465999,55.98196706304453],[14.139364481103923,55.98196390429642],[14.139362816335185,55.98196049791452],[14.139362373333908,55.98195697520995],[14.139363169176812,55.98195347197785],[14.139365173184993,55.9819501232627],[14.139368308106592,55.981947058152514],[14.139369652946156,55.9819459999169],[14.13937229240215,55.981943523925004],[14.139464071636885,55.98183922481553],[14.139465815207448,55.98183656807038],[14.139466285064849,55.981834712212056],[14.139466049157255,55.98183284248232],[14.139465117966006,55.981831041952304],[14.139462724595036,55.98182854857771],[14.139349217122348,55.98173540937151],[14.139346744236382,55.98173299909189],[14.13934496455408,55.98173040445965],[14.139309701671852,55.9816640705629],[14.139308525498569,55.981660723034274],[14.139308500297012,55.98165731147465],[14.139309626973555,55.98165395862154],[14.139311864993518,55.98165078510046],[14.139315133839517,55.98164790508494],[14.139319315908272,55.981645422189125],[14.139324260741628,55.98164342574001],[14.139329790439591,55.981641987563684],[14.139335706060615,55.981641159401285],[14.139341794778883,55.98164097104758],[14.139347837541097,55.981641429278895],[14.139353616947314,55.98164251760952],[14.139729899096594,55.98173644219471],[14.139735368629013,55.98173818491706],[14.139740126396047,55.98174049045165],[14.139743990027823,55.98174327042515],[14.139746811427433,55.98174641827851],[14.139748482447638,55.98174981335145],[14.139748939036298,55.98175332550754],[14.139748163691591,55.98175682012235],[14.139746186132925,55.98176016324384],[14.139557492746276,55.98199805927025],[14.13955438102739,55.982001128871346],[14.13955025789687,55.982003799487295],[14.139545282068203,55.982005968316805],[14.139539645078296,55.98200755187406],[14.139533563914553,55.98200848920236],[14.13952727266225,55.98200874422068],[14.139521013493743,55.98200830711246],[14.139515027346365,55.98200719470353],[14.139381431739018,55.98197391117801]]]}},{"type":"Feature","properties":{"color":"#6099C5","district":"Östersjön"},"geometry":{"type":"Polygon","coordinates":[[[14.13960315637468,55.98202913205312],[14.139597682564414,55.982027389777514],[14.139592920874993,55.982025083945224],[14.139589054017403,55.98202230303349],[14.139586230366877,55.98201915374886],[14.139584558269606,55.98201575693273],[14.139584101885404,55.982012242924476],[14.139584878725875,55.98200874656025],[14.139586858982527,55.982005401999075],[14.139775690546054,55.98176754037218],[14.139778804063452,55.981764471293125],[14.139782928780802,55.981761801393546],[14.139787905919157,55.981759633449805],[14.139793543886178,55.98175805091571],[14.139799625651387,55.981757114710014],[14.1398059171006,55.981756860871435],[14.139812176048,55.98175729917137],[14.139818161558908,55.981758412737676],[14.140005981186464,55.98180524851471],[14.140011453061527,55.981806990592766],[14.14001621316191,55.981809295871],[14.140020078943783,55.98181207594503],[14.140022902159185,55.98181522420257],[14.140024574541155,55.981818619911955],[14.140025031955657,55.98182213285208],[14.140024256861096,55.98182562830606],[14.140022278981052,55.98182897222769],[14.139833596798784,55.98206685412809],[14.139830484595928,55.98206992411279],[14.139826360730753,55.98207259499268],[14.139821383986924,55.98207476392918],[14.139815745987146,55.98207634741024],[14.139809663814987,55.98207728446611],[14.139803371656335,55.98207753901666],[14.139797111782373,55.98207710126078],[14.139791125221192,55.98207598805369],[14.13960315637468,55.98202913205312]]]}},{"type":"Feature","properties":{"color":"#6099C5","district":"Östersjön"},"geometry":{"type":"Polygon","coordinates":[[[14.139879220331364,55.98209795115034],[14.13987374827045,55.982096209107944],[14.13986898799316,55.98209390384069],[14.139865122055658,55.982091123755374],[14.139862298716153,55.98208797546805],[14.13986062624921,55.98208457971529],[14.13986016879347,55.98208106672387],[14.139860943891987,55.98207757121669],[14.139862921819493,55.982074227246],[14.140051603321767,55.98183634597607],[14.140054715497213,55.98183327597873],[14.14005883933464,55.98183060508633],[14.140063816050585,55.98182843613835],[14.140069454022637,55.981826852647394],[14.140075536167636,55.98182591558384],[14.140081828300158,55.98182566102814],[14.140088088149506,55.98182609878164],[14.140094074687998,55.981827211989206],[14.140531822170146,55.981936330647265],[14.140537078917191,55.98193798778895],[14.140541689622344,55.9819401652549],[14.140545491882154,55.98194278634796],[14.14054835176905,55.98194575874511],[14.14055016854868,55.98194897774932],[14.140550878228133,55.98195232997713],[14.140550455809988,55.981955697352646],[14.140471934833952,55.98222107810173],[14.14047022626134,55.98222459348539],[14.140467286570297,55.982227844154494],[14.140463236357437,55.982230696754705],[14.140458241777152,55.98223303426185],[14.140452507725378,55.982234760782795],[14.140446269433994,55.98223580548925],[14.140439782820735,55.98223612552354],[14.140433313990446,55.98223570775663],[14.140427128318459,55.9822345693269],[14.139879220331364,55.98209795115034]]]}},{"type":"Feature","properties":{"color":"#6099C5","district":"Östersjön"},"geometry":{"type":"Polygon","coordinates":[[[14.140242406538043,55.98273928145594],[14.140247894524952,55.982741462230585],[14.140252450538963,55.98274423449773],[14.140255874854597,55.982747476727525],[14.140258017357338,55.982751046787975],[14.140258784124345,55.98275478817569],[14.140260024862673,55.98282962206375],[14.140259308292185,55.982833568738144],[14.140257062700815,55.9828373315446],[14.140218439024707,55.98288410817016],[14.140215507184886,55.982886946505474],[14.140211703196778,55.982889440004996],[14.14011871931801,55.982940188834654],[14.140113051558819,55.98294265544358],[14.140106546571802,55.982944356778994],[14.140099528850522,55.98294520797176],[14.140022104543071,55.982949623804934],[14.1400148521319,55.982949577394365],[14.14000780285676,55.98294862272276],[14.139441628544391,55.98283280618365],[14.139435881280031,55.98283125312525],[14.139430795661369,55.98282909552375],[14.139426572117532,55.98282641841233],[14.139423377102327,55.9828233272986],[14.139421336534145,55.98281994400632],[14.139420530833434,55.982816401874324],[14.139420991753282,55.98281284050138],[14.139422701128066,55.98280940024455],[14.139590485151022,55.98256778781691],[14.139593373438199,55.98256460612855],[14.139597327653295,55.98256180605837],[14.139602192149923,55.98255949782298],[14.139607775451225,55.982557772279335],[14.139613857786784,55.98255669734842],[14.13962019974324,55.98255631534174],[14.139626551688051,55.98255664129588],[14.139632663595522,55.98255766238057],[14.13975294389063,55.982585287561015],[14.139756505599536,55.98258625290216],[14.140242406538043,55.98273928145594]]]}},{"type":"Feature","properties":{"color":"#6099C5","district":"Östersjön"},"geometry":{"type":"Polygon","coordinates":[[[14.139392401839887,55.982803363167065],[14.139389551903598,55.98280651121239],[14.139385658149818,55.982809287379204],[14.139380870452456,55.98281158481038],[14.139375373094218,55.982813315075624],[14.139369377673393,55.9828144115755],[14.139363114959238,55.98281483210466],[14.139356826009415,55.98281456047659],[14.139350752891426,55.98281360714647],[14.139025314069897,55.98274261086346],[14.139019699115376,55.98274101556386],[14.139014747753253,55.98273883852861],[14.139010649956468,55.98273616328582],[14.139007562948422,55.98273309247877],[14.139005605170642,55.98272974392763],[14.139004851738486,55.98272624610901],[14.139005331559169,55.98272273322654],[14.139007026222695,55.98271934006175],[14.139175498192763,55.98247673697681],[14.139178348104897,55.982473588917486],[14.139182241832891,55.98247081273825],[14.139187029502608,55.982468515297356],[14.139192526831202,55.982466785025814],[14.139198522220365,55.982465688523696],[14.13920478490096,55.98246526799658],[14.13921107381555,55.982465539631015],[14.139217146896934,55.98246649297147],[14.139542585960372,55.98253748931157],[14.139548200922222,55.98253908459443],[14.13955315229901,55.982541261618564],[14.139557250116221,55.98254393685591],[14.139560337148605,55.98254700766299],[14.139562294952626,55.982550356219],[14.139563048410922,55.982553854046536],[14.139562568614462,55.98255736694082],[14.13956087397176,55.98256076011898],[14.139392401839887,55.982803363167065]]]}},{"type":"Feature","properties":{"color":"#6099C5","district":"Östersjön"},"geometry":{"type":"Polygon","coordinates":[[[14.139127298872308,55.98244688427522],[14.139132912134688,55.982448480081764],[14.139137861794735,55.98245065734222],[14.139141958008901,55.982453332548104],[14.139145043667323,55.98245640309227],[14.13914700041976,55.98245975120447],[14.139147753214937,55.982463248468285],[14.13914727317916,55.98246676074663],[14.13914557872382,55.98247015332644],[14.138977106594444,55.982712756371],[14.138974256077715,55.982715904926906],[14.138970361411605,55.98271868145685],[14.138965572556447,55.98272097905312],[14.13896007390261,55.982722709248826],[14.138954077170702,55.98272380542435],[14.138947813259453,55.98272422537247],[14.13894152335513,55.982723952923436],[14.138935449644851,55.982722998567674],[14.13829980088284,55.98258421598888],[14.138294187663652,55.98258262015623],[14.138289238053837,55.98258044287964],[14.138285141893064,55.982577767667465],[14.138282056287311,55.9825746971261],[14.138280099583133,55.982571349024575],[14.138279346828593,55.982567851777546],[14.138279826894859,55.98256433952008],[14.138281521368924,55.98256094696287],[14.13844999334444,55.982318343870155],[14.13845284384375,55.9823151952938],[14.138456738493415,55.98231241874749],[14.138461527331776,55.98231012114067],[14.138467025966994,55.98230839094148],[14.138473022676973,55.98230729477032],[14.138479286561587,55.98230687483468],[14.138485576433341,55.98230714730394],[14.138491650104116,55.98230810168683],[14.139127298872308,55.98244688427522]]]}},{"type":"Feature","properties":{"color":"#6099C5","district":"Östersjön"},"geometry":{"type":"Polygon","coordinates":[[[14.13825160651551,55.982554356573054],[14.138248756019825,55.98255750511169],[14.138244861389815,55.98256028162789],[14.138240072582912,55.98256257921552],[14.138234573985766,55.98256430940895],[14.138228577314672,55.98256540558931],[14.138222313463691,55.982565825549614],[14.138216023614344,55.98256555311983],[14.138209949949186,55.982564598789466],[14.137654901119603,55.982443415857404],[14.137649287868465,55.9824418200382],[14.137644338224966,55.98243964276596],[14.137640242032232,55.98243696754985],[14.137637156399247,55.98243389699759],[14.137635199674962,55.982430548879954],[14.137634446909065,55.982427051613705],[14.137634926973487,55.98242353933612],[14.137636621455078,55.98242014676023],[14.13780509344775,55.98217754364282],[14.13780794392426,55.98217439508542],[14.137811838535397,55.982171618553906],[14.13781662732268,55.982169320955926],[14.137822125898333,55.98216759075829],[14.137828122544963,55.982166494580575],[14.137834386367503,55.98216607463003],[14.137840676183584,55.98216634707647],[14.137846749809986,55.98216730142958],[14.138401798706987,55.98228848438356],[14.138407411992002,55.98229008017912],[14.138412361676497,55.982292257436505],[14.138416457914067,55.98229493264653],[14.138419543592361,55.98229800320088],[14.138421500359186,55.982301351327685],[14.138422253161956,55.98230484860871],[14.138421773126396,55.98230836090479],[14.13842007866407,55.98231175350086],[14.13825160651551,55.982554356573054]]]}},{"type":"Feature","properties":{"color":"#E58E27","district":"Sahara"},"geometry":{"type":"Polygon","coordinates":[[[14.14301067365264,55.98288253443355],[14.143004459297279,55.98288196774473],[14.142998561535261,55.98288073434709],[14.14299320656391,55.98287888154524],[14.142988599762768,55.9828764803998],[14.142984917816669,55.98287362300212],[14.142982301939313,55.982870418942134],[14.142980852457319,55.98286699110533],[14.142980624962425,55.982863470959735],[14.143013155185573,55.98257002190102],[14.143014161424087,55.982566538033616],[14.143016364250368,55.98256323114447],[14.143019678861746,55.98256022853914],[14.143023977655162,55.98255764580919],[14.143029095139527,55.98255558238207],[14.143034834306658,55.98255411769365],[14.143040974215506,55.98255330813012],[14.143047278497708,55.9825531848573],[14.143901128481502,55.98258347087353],[14.143907343047967,55.98258403689825],[14.143913241246109,55.982585269678935],[14.143918596857713,55.98258712193372],[14.143923204474746,55.982589522621666],[14.14392688737749,55.98259237966729],[14.143929504312434,55.98259558349204],[14.1439309549099,55.98259901121709],[14.143931183533628,55.98260253137609],[14.143898736991623,55.98289607008468],[14.143897731494318,55.9828995548023],[14.143895528832045,55.98290286255397],[14.14389221383778,55.98290586594502],[14.143887914184901,55.98290844930294],[14.143882795470004,55.982910513132296],[14.143877054835128,55.98291197794678],[14.143870913375025,55.98291278733052],[14.143864607621882,55.982912910110926],[14.14301067365264,55.98288253443355]]]}},{"type":"Feature","properties":{"color":"#E9ABB7","district":"Himalaya"},"geometry":{"type":"Polygon","coordinates":[[[14.139044875342002,55.98032740423221],[14.139041967919878,55.98033060075366],[14.139037984689702,55.98033341097845],[14.13903308403579,55.98033572316408],[14.139027460821936,55.980337445371454],[14.139021338643076,55.98033850912071],[14.13901496093449,55.980338872114146],[14.13900858129209,55.9803385199181],[14.139002453388684,55.98033746653688],[14.138662379659603,55.98025748013147],[14.138658841457437,55.980256823273585],[14.13865516432611,55.980256480215985],[14.138578355008784,55.980252703721895],[14.138572160485031,55.98025205212381],[14.138566312262284,55.98025073683392],[14.138561035145093,55.980248808411694],[14.138556531984735,55.98024634098536],[14.138552975881643,55.98024342940227],[14.138550503531466,55.980240185583085],[14.138549209970533,55.98023673421953],[14.138549144922717,55.98023320798122],[14.138589981026515,55.979973860765796],[14.138591146576092,55.979970395974526],[14.13859349778686,55.97996712495337],[14.13859694431974,55.979964173382264],[14.138601353751001,55.979961654667214],[14.138606556660307,55.979959665582825],[14.138612353140221,55.97995828255414],[14.138618520477094,55.9799575587202],[14.138624821708184,55.97995752189232],[14.138782657947388,55.979965287941546],[14.138787585870688,55.979965748454894],[14.138792326750504,55.97996663059264],[14.139195946846652,55.980061798923025],[14.13920139324604,55.980063444934075],[14.139206174819078,55.98006564444093],[14.139210114283612,55.98006831589443],[14.139213065579487,55.98007136024753],[14.139214919283905,55.98007466462747],[14.139215606668428,55.98007810652069],[14.139215102247185,55.980081558315156],[14.139213424721861,55.98008489203164],[14.139044875342002,55.98032740423221]]]}},{"type":"Feature","properties":{"color":"#E9ABB7","district":"Himalaya"},"geometry":{"type":"Polygon","coordinates":[[[14.138517120593207,55.980231628667035],[14.138515954586321,55.98023509430563],[14.138513602335482,55.98023836604408],[14.138510154264335,55.980241318112036],[14.13850574292153,55.98024383702771],[14.138500537885388,55.98024582596025],[14.13849473924506,55.98024720845219],[14.1384885699088,55.9802479313585],[14.138482267035021,55.98024796688954],[14.137754937941029,55.98021201559718],[14.137748745781524,55.98021136266838],[14.137742900203403,55.98021004652258],[14.137737625775745,55.98020811772207],[14.137733125125708,55.980205650365434],[14.137729571154203,55.98020273924085],[14.137727100393585,55.98019949618476],[14.137725807762523,55.980196045785284],[14.13772574291956,55.98019252059602],[14.137766579296574,55.979933171645584],[14.137767745301616,55.97992970598084],[14.137770097558269,55.97992643421938],[14.137773545640826,55.97992348213427],[14.137777956997942,55.979920963209445],[14.137783162048194,55.97991897427737],[14.13778896069912,55.97991759179649],[14.13779513003918,55.97991686891205],[14.137801432906866,55.979916833413185],[14.138528761971436,55.979952784704075],[14.138534954148284,55.979953437601246],[14.138540799753189,55.979954753726695],[14.138546074213162,55.979956682518306],[14.13855057489703,55.97995914987686],[14.1385541289,55.97996206101287],[14.138556599686218,55.979965304087976],[14.138557892334152,55.979968754511596],[14.138557957183258,55.97997227972724],[14.138517120593207,55.980231628667035]]]}},{"type":"Feature","properties":{"color":"#165B57","district":"Amazonas"},"geometry":{"type":"Polygon","coordinates":[[[14.132024703062598,55.9787644583199],[14.13201840302461,55.97876454582017],[14.132012193530368,55.97876394396931],[14.132006313208317,55.97876267589624],[14.132000988036891,55.978760790332515],[14.131996422660226,55.97875835973959],[14.131992792523754,55.97875547752418],[14.131990237131909,55.978752254448644],[14.131878732495874,55.978563578282355],[14.131877311592008,55.97855995646681],[14.13187724829127,55.9785562485943],[14.131878545283621,55.97855261225354],[14.131881147445084,55.978549201993076],[14.131884944180616,55.97854616275268],[14.13188977412458,55.97854362370337],[14.131895431998975,55.97854169275749],[14.131901677337984,55.978540451982305],[14.131908244708015,55.978539954112065],[14.132370827430877,55.97853182060491],[14.132377112352298,55.97853205553172],[14.132383194749101,55.97853297164764],[14.132388841100912,55.978534533780454],[14.132393834628292,55.97853668195541],[14.13239798361549,55.97853933369807],[14.132401128770947,55.97854238720048],[14.132403149342954,55.978545725229985],[14.132403967755696,55.97854921963018],[14.13240355258764,55.978552736240985],[14.132342427192537,55.97875928687705],[14.132340791876906,55.97876269438378],[14.132337999117874,55.978765857719566],[14.132334156376771,55.978768655163535],[14.132329411516908,55.97877097907375],[14.132323947114017,55.978772740029285],[14.132317973430979,55.978773870270906],[14.132311720327174,55.97877432630838],[14.13230542841376,55.978774090594044],[14.132131129528364,55.97875784235922],[14.13212192615594,55.97875773394112],[14.132024703062598,55.9787644583199]]]}},{"type":"Feature","properties":{"color":"#6099C5","district":"Östersjön"},"geometry":{"type":"Polygon","coordinates":[[[14.136384242988097,55.98165891086957],[14.1363784036392,55.981658314086694],[14.136372859936143,55.981657126870296],[14.13636780086599,55.981655389693024],[14.136363398894408,55.98165316177598],[14.136359804086236,55.98165051906975],[14.136357138989718,55.981647551665205],[14.1363554944588,55.98164436072231],[14.136354926555901,55.98164105502153],[14.136353352640253,55.98137963743071],[14.136354021820244,55.9813759256866],[14.13635604525089,55.98137237101278],[14.136359335885329,55.98136912632869],[14.136363752162616,55.98136633121826],[14.136369104097612,55.981364105924996],[14.13637516145401,55.98136254617937],[14.136381663648919,55.98136171908039],[14.136388330962914,55.98136166020926],[14.136702468544119,55.98137718532486],[14.136708660290896,55.981377838086594],[14.136714505563676,55.9813791539367],[14.136719779851509,55.98138108233471],[14.136724280574311,55.98138354921284],[14.136727834863748,55.98138645982082],[14.13673030620293,55.98138970236513],[14.136731599669917,55.98139315230293],[14.136731665583609,55.981396677125474],[14.136690912486488,55.98165602186313],[14.136689747220101,55.981659488261144],[14.136687395168758,55.98166276078103],[14.13668394678255,55.98166571357492],[14.13667953467226,55.981668233090296],[14.136674328509706,55.98167022243675],[14.136668528502856,55.98167160511199],[14.136662357696627,55.98167232794391],[14.136656053395443,55.981672363135274],[14.136384242988097,55.98165891086957]]]}},{"type":"Feature","properties":{"color":"#6099C5","district":"Östersjön"},"geometry":{"type":"Polygon","coordinates":[[[14.1363673523611,55.98200021441303],[14.136361420697046,55.98199959637734],[14.13635579990188,55.98199836918475],[14.136350687945205,55.98199657605819],[14.13634626487479,55.981994280153195],[14.136342686475116,55.98199156233366],[14.136340078780503,55.9819885183237],[14.13633853363608,55.98198525533606],[14.136338105462954,55.98198188829614],[14.136348789307108,55.9817214980394],[14.136349608889784,55.981717854926835],[14.136351733822478,55.981714380845176],[14.136355075547032,55.9817112205788],[14.136359494794865,55.98170850583367],[14.136364807391102,55.9817063497483],[14.13637079193018,55.981704842178786],[14.136377199003045,55.98170404595392],[14.136383761591379,55.98170399425682],[14.13685267158231,55.981727183920995],[14.13685886298213,55.9817278368296],[14.136864707886893,55.98172915274428],[14.13686998182454,55.98173108112765],[14.136874482250777,55.98173354792067],[14.136878036327715,55.98173645838678],[14.136880507561685,55.981739700750246],[14.136881801045254,55.981743150488875],[14.13688186710216,55.98174667511625],[14.13684111919545,55.98200606964405],[14.13683995190206,55.982009540262624],[14.136837594954168,55.982012816380966],[14.136834139214203,55.98201577170139],[14.136829717904218,55.982018292293326],[14.136824501470072,55.98202028098534],[14.13681869101057,55.98202166111131],[14.136812510524896,55.982022379465946],[14.136806198277178,55.982022408355945],[14.1363673523611,55.98200021441303]]]}},{"type":"Feature","properties":{"color":"#6099C5","district":"Östersjön"},"geometry":{"type":"Polygon","coordinates":[[[14.136752126827052,55.98167711817656],[14.136745935727564,55.981676465024606],[14.13674009118742,55.98167514892369],[14.13673481765043,55.981673220415125],[14.136730317632493,55.9816707535581],[14.136726763944493,55.98166784308561],[14.136724293055975,55.98166460076647],[14.136722999854426,55.98166115111314],[14.136722934001407,55.98165762660017],[14.136763688630534,55.98139827074659],[14.13676485357307,55.98139480494065],[14.136767204890605,55.98139153292169],[14.136770652192295,55.98138858047438],[14.136775062954984,55.98138606109819],[14.136780267617764,55.98138407164422],[14.136786066100317,55.98138268859204],[14.136792235494502,55.981381965109655],[14.136798538633462,55.981381929009494],[14.137316664078202,55.98140748941481],[14.13732285652157,55.98140814170802],[14.137328702602156,55.98140945722773],[14.137333977740582,55.98141138543771],[14.137338479290339,55.98141385226512],[14.13734203432253,55.98141676294582],[14.137344506268992,55.98142000566487],[14.137345800168642,55.98142345585199],[14.137345866315483,55.98142698096678],[14.137305111235863,55.98168642115582],[14.137303946104227,55.981689887643554],[14.137301594128544,55.98169316026083],[14.1372981457598,55.981696113150704],[14.137293733613683,55.98169863275219],[14.13728852737053,55.98170062216749],[14.137282727249824,55.98170200488847],[14.137276556310244,55.98170272773898],[14.137270251871325,55.98170276291997],[14.136752126827052,55.98167711817656]]]}},{"type":"Feature","properties":{"color":"#6099C5","district":"Östersjön"},"geometry":{"type":"Polygon","coordinates":[[[14.137916869392038,55.98143722551115],[14.137923248284544,55.981437910156686],[14.13792925102119,55.98143929814083],[14.137934632589742,55.98144133281053],[14.137939173331942,55.98144393111721],[14.137942687909218,55.98144698700641],[14.137945032867627,55.98145037574659],[14.137946112493209,55.9814539590203],[14.137945882718757,55.981457590569846],[14.137944352922569,55.98146112216693],[14.137941585545704,55.98146440966309],[14.137937693543396,55.9814673188731],[14.137540243252657,55.981709035928034],[14.137535887338563,55.98171124145853],[14.137530886763646,55.98171296670287],[14.137525408513564,55.98171415404943],[14.1375196355252,55.98171476384881],[14.137513760577754,55.98171477573772],[14.137366338659076,55.981707508948666],[14.137360145842003,55.98170685684101],[14.137354299351678,55.981705541440746],[14.137349023802148,55.98170361328373],[14.137344521872622,55.981701146447065],[14.137340966520815,55.981698235703206],[14.137338494338138,55.98169499287886],[14.13733720030209,55.98169154255878],[14.137337134127387,55.981688017299355],[14.137377888186897,55.98142858223685],[14.137379053446368,55.98142511547567],[14.137381405726341,55.981421842625785],[14.137384854549143,55.981418889573064],[14.137389267260087,55.98141636990286],[14.1373944741299,55.981414380530886],[14.137400274883131,55.98141299797578],[14.13740644640147,55.98141227541563],[14.137412751305684,55.981412240642776],[14.137916869392038,55.98143722551115]]]}},{"type":"Feature","properties":{"color":"#E9ABB7","district":"Himalaya"},"geometry":{"type":"Polygon","coordinates":[[[14.138032663214798,55.97959461908127],[14.138038841702485,55.979595279287174],[14.13804467214402,55.97959659997606],[14.138049931327322,55.979598530586806],[14.138054417910235,55.979600997208095],[14.138057960128661,55.97960390540804],[14.13806042237238,55.97960714384933],[14.138061710376752,55.97961058855174],[14.138061774831588,55.979614107638476],[14.138028016186917,55.979828818453456],[14.13802685051407,55.979832285061505],[14.138024497964885,55.97983555771832],[14.13802104902164,55.979838510552625],[14.138016636335651,55.97984102999395],[14.138011429625335,55.9798430191408],[14.138005629148578,55.97984440148755],[14.13799945800052,55.97984512386704],[14.13799315353293,55.97984515849543],[14.137433327272376,55.979817397111404],[14.137427018013032,55.97981672383124],[14.137421073906673,55.97981536225765],[14.137415732227515,55.97981336674137],[14.137411206202264,55.979810816938524],[14.137407676498611,55.979807814631],[14.137405284013424,55.979804479663585],[14.137404124248514,55.97980094515994],[14.137404243498493,55.97979735220871],[14.137450010845813,55.979582517295086],[14.137451331953846,55.979579133549734],[14.137453787770006,55.97957595421181],[14.137457287230248,55.9795730971739],[14.13746170057139,55.9795706683774],[14.137466864142858,55.97956875788415],[14.137472586474999,55.979567436536854],[14.137478655378917,55.97956675333213],[14.137484845814598,55.97956673360378],[14.138032663214798,55.97959461908127]]]}},{"type":"Feature","properties":{"color":"#E9ABB7","district":"Himalaya"},"geometry":{"type":"Polygon","coordinates":[[[14.137705372666659,55.97991207727924],[14.1377115633616,55.97991273100848],[14.13771740730959,55.979914047669],[14.137722680084954,55.979915976696965],[14.137727179196721,55.979918444011744],[14.137730731864913,55.97992135486081],[14.137733201655816,55.979924597458506],[14.13773449372149,55.979928047279],[14.137734558442261,55.979931571838414],[14.137693721985107,55.9801909199343],[14.137692555612846,55.98019438627372],[14.137690202523057,55.98019765860608],[14.13768675320892,55.980200611086325],[14.13768234032152,55.98020313017003],[14.13767713356847,55.980205118979995],[14.137671333187422,55.98020650103197],[14.137665162245451,55.980207223175874],[14.137658858060465,55.98020725764001],[14.137472717919183,55.98019802318932],[14.137466528038727,55.98019736947437],[14.137460684824473,55.98019605300804],[14.137455412613848,55.98019412433312],[14.137450913821771,55.980191657496924],[14.137447361169343,55.98018874720822],[14.137444891052619,55.980185505201106],[14.137443598305998,55.980182055945335],[14.137443532561306,55.98017853186741],[14.137484286103557,55.979919182930686],[14.137485451531672,55.97991571615076],[14.137487803949647,55.97991244330884],[14.137491252872417,55.9799094902934],[14.137495665638404,55.97990697069095],[14.137500872512312,55.979904981416894],[14.13750667321392,55.97990359898778],[14.137512844621781,55.97990287657812],[14.137519149355441,55.979902841975104],[14.137705372666659,55.97991207727924]]]}},{"type":"Feature","properties":{"color":"#E9ABB7","district":"Himalaya"},"geometry":{"type":"Polygon","coordinates":[[[14.137411511002387,55.98017693520486],[14.137410346319761,55.98018040052786],[14.137407995625514,55.98018367213402],[14.137404549260554,55.980186624289935],[14.137400139674359,55.98018914353921],[14.137394936334756,55.98019113306269],[14.137389139214978,55.980192516399626],[14.137382971108343,55.98019324038594],[14.137376669065892,55.980193277197586],[14.137280069812912,55.98018852314895],[14.137277864144211,55.980188371459846],[14.137028823697092,55.98016633180412],[14.137022467366455,55.98016538827991],[14.137016587189278,55.98016374085131],[14.137011429217477,55.98016145845383],[14.137007209282677,55.98015863659284],[14.13700410396488,55.98015539334713],[14.13700224320362,55.98015186442802],[14.137001704860765,55.98014819750058],[14.137002511462507,55.98014454600473],[14.137110478718498,55.97988113214224],[14.137112484221493,55.97987778724485],[14.137115618193638,55.97987472572724],[14.137119760052789,55.97987206538359],[14.137124750437692,55.979869908572525],[14.13713039733955,55.97986833827893],[14.137136483489694,55.979867414920975],[14.13714277471912,55.97986717402555],[14.137149028968285,55.979867624861214],[14.13736010613876,55.97989482380538],[14.137364501955602,55.97989521325814],[14.137423056692997,55.97989809479318],[14.137429250097972,55.97989874649511],[14.13743509726419,55.97990006166712],[14.13744037350019,55.979901989770546],[14.137444876053792,55.9799044567134],[14.137448431903337,55.97990736769744],[14.13745090440646,55.979910610861026],[14.137452198550937,55.97991406157774],[14.137452264605788,55.979917587245346],[14.137411511002387,55.98017693520486]]]}},{"type":"Feature","properties":{"color":"#E9ABB7","district":"Himalaya"},"geometry":{"type":"Polygon","coordinates":[[[14.136969573359732,55.9801444367091],[14.136967700853285,55.98014761349739],[14.136964809302778,55.98015054135486],[14.136960998720296,55.98015311901341],[14.136956400905262,55.980155257317584],[14.136951174885814,55.980156882308165],[14.136945501418367,55.980157937780305],[14.136939576735632,55.98015838722751],[14.136933605759333,55.98015821510447],[14.136648864318303,55.98013501673103],[14.136642440889421,55.98013410734858],[14.136636487107232,55.98013248053438],[14.136631255879523,55.980130205393145],[14.13662696942093,55.9801273785694],[14.136623809813596,55.980124120142484],[14.136621911272586,55.98012056852543],[14.136621354444696,55.98011687458555],[14.136622162982743,55.98011319523579],[14.136737073704804,55.97983302687946],[14.136739079716595,55.97982968258538],[14.136742213828796,55.979826621668195],[14.136746355486748,55.97982396186686],[14.136751345380391,55.979821805491255],[14.136756991572167,55.97982023548689],[14.136763076879955,55.97981931224434],[14.136769367230995,55.97981907127634],[14.13677562066553,55.979819521851766],[14.137055041708933,55.97985551583225],[14.13706101180576,55.97985663912276],[14.13706647584396,55.979858392131334],[14.137071224076612,55.97986070756559],[14.137075074234168,55.979863496543445],[14.137077878521213,55.979866652005],[14.137079529289855,55.97987005282214],[14.137079963172042,55.979873568448326],[14.137079163512084,55.97987706392986],[14.136969573359732,55.9801444367091]]]}},{"type":"Feature","properties":{"color":"#E9ABB7","district":"Himalaya"},"geometry":{"type":"Polygon","coordinates":[[[14.136681516685565,55.97980739118895],[14.136687485351198,55.97980851530383],[14.136692947785047,55.979810268881565],[14.13669769436033,55.979812584626806],[14.136701542922012,55.9798153736703],[14.136704345777186,55.97981852897955],[14.136705995362984,55.97982192946613],[14.136706428374437,55.97982544463263],[14.136705628193923,55.97982893958065],[14.136589203885586,55.980112872036784],[14.136587326630025,55.980116054178644],[14.13658442690987,55.98011898626907],[14.136580605374885,55.98012156653451],[14.136575994671327,55.98012370541331],[14.136570754837772,55.98012532866444],[14.136565067750132,55.980126379944465],[14.136559130808683,55.98012682276313],[14.136553150086229,55.98012664175011],[14.136305851451754,55.98010610792535],[14.136299542329088,55.98010521130474],[14.13629368537063,55.98010362200791],[14.136288520706495,55.98010140519466],[14.136284260083249,55.98009865175236],[14.136281078182463,55.980095474569715],[14.136279105458941,55.98009200390837],[14.136278422792234,55.98008838206229],[14.136276396041678,55.97977780240852],[14.136277014277256,55.97977422570609],[14.13627889097135,55.97977078914122],[14.136281951218285,55.979767629879134],[14.136286072872768,55.97976487401686],[14.136291091425178,55.979762631550365],[14.136296806567714,55.97976099198416],[14.136302990189366,55.979760020759],[14.136309395480597,55.97975975663975],[14.136315766784303,55.979760210168365],[14.136681516685565,55.97980739118895]]]}},{"type":"Feature","properties":{"color":"#165B57","district":"Amazonas"},"geometry":{"type":"Polygon","coordinates":[[[14.131932633532248,55.9789707742431],[14.13193880063942,55.97897061143589],[14.13194490964005,55.97897111123844],[14.131950735211252,55.97897225521612],[14.131956062484045,55.978974001174755],[14.1319606949685,55.97897628471683],[14.131964461801003,55.978979021616716],[14.131967224046361,55.97898211092719],[14.13222226123049,55.97935254343643],[14.132223884712719,55.97935577076162],[14.132224409441346,55.97935911059568],[14.132223817183908,55.979362446893056],[14.132222128518656,55.97936566373099],[14.132219402119574,55.97936864933745],[14.132215732717736,55.97937129997473],[14.132211247809808,55.979373523543956],[14.132206103228071,55.97937524278504],[14.13220047772588,55.979376397961346],[14.131810631798295,55.97943405234592],[14.131804434714738,55.97943461408775],[14.131798160663273,55.9794344912704],[14.131792048905298,55.97943368857751],[14.131786332513117,55.97943223661983],[14.131781229481668,55.97943019076788],[14.131776934415255,55.97942762904032],[14.131773611106295,55.979424649128816],[14.131771386289099,55.97942136467239],[14.131577046950271,55.979019853464656],[14.131576023235352,55.97901652605372],[14.131576129008304,55.97901315022479],[14.131577360541655,55.979009844933735],[14.131579674438946,55.97900672665084],[14.131582989163945,55.97900390525662],[14.131587187913816,55.979001480169956],[14.131592122734972,55.978999536844846],[14.131597619736604,55.97899814375917],[14.131603485218147,55.978997350001755],[14.131932633532248,55.9789707742431]]]}},{"type":"Feature","properties":{"color":"#BA2F4B","district":"Stora Barriärrevet"},"geometry":{"type":"Polygon","coordinates":[[[14.130402643296602,55.979475407549984],[14.130396329259533,55.97947548527846],[14.130390109903836,55.97947487086303],[14.130384225259775,55.9794735880165],[14.13037890243967,55.97947168624913],[14.130374346872694,55.97946923895785],[14.130370734376507,55.979466340593554],[14.130368204371752,55.97946310301588],[14.130366854501258,55.97945965117601],[14.13036673686165,55.9794561182944],[14.130371621384462,55.97942192652927],[14.130371624416734,55.97941908410731],[14.130342832116048,55.97921446080765],[14.130341936878724,55.979211434446874],[14.130196275157468,55.9788915629349],[14.130195336659009,55.978888189943994],[14.130195554059815,55.978884778494105],[14.130196919528863,55.97888145146491],[14.130199383882001,55.978878328695124],[14.130202858353602,55.97887552266618],[14.130207217793897,55.97887313445048],[14.130212305176869,55.97887125007092],[14.130217937256287,55.978869937402344],[14.13022391116617,55.97886924372669],[14.130609510440989,55.97884550345119],[14.130616069413618,55.97884547626879],[14.130622501722755,55.978846194496846],[14.130628539592465,55.97884762823565],[14.130633931667209,55.97884971779887],[14.130638453475676,55.97885237619837],[14.130641916775494,55.97885549276537],[14.130644177389733,55.97885893775766],[14.130900460077067,55.97942126025955],[14.130901397535737,55.97942461201144],[14.130901193403268,55.97942800263033],[14.13089985494165,55.97943131149026],[14.13089742976822,55.979434420874036],[14.130894004161636,55.979437220161],[14.13088969999242,55.9794396097626],[14.130884670387275,55.97944150466546],[14.130879094281386,55.97944283745569],[14.130873170052546,55.979443560717435],[14.130402643296602,55.979475407549984]]]}},{"type":"Feature","properties":{"color":"#BA2F4B","district":"Stora Barriärrevet"},"geometry":{"type":"Polygon","coordinates":[[[14.130833726561551,55.97987833846756],[14.130827336496843,55.97987887968149],[14.130820882073913,55.979878694875644],[14.130814624145442,55.97987779151886],[14.130808815622848,55.9798762061199],[14.130803691254933,55.979874002751956],[14.130799458140599,55.9798712704632],[14.13079628735903,55.9798681196778],[14.130794307055615,55.97986467773329],[14.130793597263056,55.97986108373423],[14.13079248891295,55.97979484510391],[14.130791932944211,55.97979209446343],[14.130790904675752,55.97979035317276],[14.130789260146619,55.979788766825095],[14.130787069228012,55.97978740281958],[14.130784425005512,55.979786319108726],[14.130779918953154,55.97978517587483],[14.130355673195078,55.97970585963815],[14.1303501073424,55.979704478950666],[14.130345106568708,55.97970253592111],[14.130340850237666,55.979700100240535],[14.13033749101178,55.979697259269955],[14.13033514937683,55.979694114907005],[14.1303339093204,55.979690779931126],[14.130333815319528,55.97968737395846],[14.13035889554203,55.97951100803819],[14.130360004445901,55.97950754600832],[14.13036229636184,55.979504270909615],[14.130365683650162,55.97950130797693],[14.130370036785884,55.97949877050824],[14.13037518931158,55.97949675553251],[14.13038094420248,55.9794953400993],[14.13038708140037,55.9794945783326],[14.130889475814081,55.97946057460426],[14.130896083658202,55.979460510188865],[14.130902575416169,55.97946120313001],[14.130908676735393,55.97946262414288],[14.130914129763813,55.97946471317308],[14.130918704047131,55.97946738193467],[14.13092220626819,55.979470517641246],[14.130924488416886,55.979473987772536],[14.131083927712874,55.97982391263868],[14.131084878144819,55.97982739526772],[14.131084596975045,55.97983091474483],[14.131083094990274,55.97983433604553],[14.131080429813727,55.9798375279119],[14.131076703694458,55.97984036788814],[14.131072059584614,55.979842747018786],[14.131066675655092,55.979844574028576],[14.131060758460034,55.97984577882435],[14.130833726561551,55.97987833846756]]]}},{"type":"Feature","properties":{"color":"#E9ABB7","district":"Himalaya"},"geometry":{"type":"Polygon","coordinates":[[[14.139133232846554,55.98043982119649],[14.13913528995096,55.98043657834858],[14.139138413214011,55.98043361401724],[14.1391424883228,55.980431036698185],[14.13914736612658,55.98042894072228],[14.139152868095742,55.98042740280305],[14.139158792856069,55.98042647922893],[14.139164923559079,55.980426203803084],[14.139171035818752,55.98042658660622],[14.139176905924089,55.98042761362755],[14.139653165458432,55.98053991822378],[14.13965860391427,55.980541561356546],[14.139663379834218,55.980543756386844],[14.139667316688408,55.98054642218098],[14.139670268960819,55.980549460204614],[14.139672127527925,55.9805527581649],[14.139672823692184,55.980556194161004],[14.139672331721323,55.980559641190005],[14.139598831947362,55.98079092242001],[14.139597021699776,55.98079446398162],[14.139593959833995,55.98079772495245],[14.139589774767657,55.98080056856393],[14.139584642026747,55.98080287555189],[14.139578776883864,55.98080454915876],[14.139572425329456,55.98080551919163],[14.13956585375468,55.98080574496625],[14.139559337778628,55.9808052170134],[14.139035832897333,55.98073155166742],[14.139029905336974,55.98073036171455],[14.139024506140347,55.98072854809024],[14.139019842487073,55.98072618038752],[14.139016093332183,55.98072334946056],[14.139013402539197,55.98072016393862],[14.139011873359756,55.98071674605747],[14.139011564471666,55.98071322696909],[14.139012487727339,55.98070974170885],[14.139133232846554,55.98043982119649]]]}},{"type":"Feature","properties":{"color":"#E9ABB7","district":"Himalaya"},"geometry":{"type":"Polygon","coordinates":[[[14.13964652667913,55.98082140192461],[14.1396412384475,55.98081972436672],[14.139636609212548,55.980817519852664],[14.139632804498879,55.98081486720797],[14.139629960349112,55.98081186128158],[14.139628178459494,55.980808609554536],[14.139627522543657,55.980805228296795],[14.139628016054465,55.98080183840979],[14.139700159655003,55.98057482417471],[14.139701900077004,55.98057138091299],[14.13970482437939,55.98056819854683],[14.13970881682147,55.980565403030475],[14.139713719386952,55.98056310500712],[14.139719338038047,55.9805613954298],[14.139725450395261,55.98056034196147],[14.139731814538886,55.98055998629717],[14.139738178583851,55.98056034251362],[14.139744290648991,55.98056139651223],[14.140242242207856,55.980678730297825],[14.140246937175005,55.98067953190522],[14.140251825431255,55.98067978245894],[14.140869984652879,55.980675956118674],[14.140876259320724,55.98067626247544],[14.140882306802178,55.9806772474126],[14.140887894973753,55.980678873124845],[14.140892809341818,55.98068107721163],[14.140896861275582,55.98068377507239],[14.140899895247417,55.98068686315378],[14.140901794802554,55.98069022292432],[14.140902487029066,55.98069372542423],[14.140901945356525,55.98069723621514],[14.140883469659157,55.98075270954384],[14.140881724603378,55.98075608024302],[14.140878842898237,55.98075919721301],[14.140874934238779,55.98076194180286],[14.1408701474123,55.980764209536716],[14.140864664634599,55.98076591409071],[14.140858694613739,55.980766990579085],[14.14085246460531,55.98076739802407],[14.140846211761668,55.98076712091582],[14.140840174104415,55.980766169802784],[14.140727629425704,55.98074159028169],[14.140722432019874,55.98074081729202],[14.140717057422718,55.98074071162956],[14.140512497946983,55.98074956701784],[14.140507967267904,55.98075001026068],[14.140505118356469,55.98075061913387],[14.140502529120655,55.98075152065615],[14.140500294504651,55.98075268176976],[14.14049849644924,55.98075405989805],[14.14049654254083,55.98075638940696],[14.140407785849542,55.98089549741795],[14.140406540233137,55.98089850915246],[14.140406559963571,55.98090160044194],[14.140424726400585,55.980986568640034],[14.14042486867381,55.98099001410873],[14.140423833733768,55.98099341150936],[14.140421659577635,55.98099663610747],[14.140418426028578,55.98099956951303],[14.140414251805105,55.98100210402693],[14.140409290162381,55.98100414659533],[14.140403723265518,55.98100562222588],[14.140397755501425,55.98100647674129],[14.140391605974797,55.98100667876827],[14.140385500463713,55.98100622088941],[14.14037966313022,55.98100511991567],[14.13964652667913,55.98082140192461]]]}},{"type":"Feature","properties":{"color":"#E9ABB7","district":"Himalaya"},"geometry":{"type":"Polygon","coordinates":[[[14.139487362417993,55.980892822972045],[14.139490679936646,55.98088991427941],[14.139494929166858,55.980887413521266],[14.139499953734106,55.98088541272705],[14.139505568731074,55.98088398552726],[14.139511567522339,55.980883184443734],[14.139517729348668,55.98088303895684],[14.139523827451056,55.98088355442058],[14.139560779559522,55.98088874564358],[14.139566092098928,55.980889775576756],[14.140314387216305,55.98107729601095],[14.140319853599868,55.98107904378329],[14.14032460629526,55.981081354089156],[14.140328463021719,55.98108413832113],[14.14033127586157,55.981087289695246],[14.140332936933355,55.981090687346466],[14.140333382529466,55.98109420096426],[14.140332595559562,55.98109769579031],[14.140330606206092,55.981101037787056],[14.1401606956923,55.98131415680086],[14.14015757281351,55.981317223644396],[14.140153439531959,55.98131989023996],[14.140148455015291,55.981322053900094],[14.14014281121132,55.98132363130474],[14.140136725456333,55.98132456170991],[14.140130432105714,55.98132480928673],[14.140124173509138,55.98132436450135],[14.140118190677944,55.98132324448188],[14.13948108608165,55.98116356206772],[14.139475415339012,55.98116173214448],[14.139470524729228,55.981159297494806],[14.139466617034438,55.98115635906807],[14.139463854281473,55.981153038701976],[14.13946235102367,55.98114947407082],[14.139421074497273,55.980972436061],[14.139420885046823,55.980968836724294],[14.139421980916183,55.98096528840605],[14.13942431818209,55.98096193332443],[14.139487362417993,55.980892822972045]]]}},{"type":"Feature","properties":{"color":"#6099C5","district":"Östersjön"},"geometry":{"type":"Polygon","coordinates":[[[14.138259694149442,55.982012220908295],[14.138254121229522,55.98201353337543],[14.13824820760845,55.98201423885377],[14.138242162462062,55.982014312389225],[14.138236199618515,55.98201375138071],[14.138230529994745,55.98201257567216],[14.138225354135917,55.98201082685055],[14.138220855121743,55.98200856677499],[14.138217192090595,55.982005875388566],[14.138214494610494,55.98200284789059],[14.13821285809606,55.98199959136929],[14.13821234043354,55.98199622101376],[14.138212959933318,55.98199285603968],[14.138271945169523,55.98182735478907],[14.138272408174473,55.981824644344734],[14.138272061251847,55.981822850633094],[14.138271074865857,55.98182113291813],[14.138269489550446,55.981819561786416],[14.138266291497173,55.98181750935458],[14.138183683173944,55.9817742568897],[14.138180474262601,55.98177284269318],[14.138178090716103,55.98177211923258],[14.138174222162354,55.981771385257346],[14.137715613994809,55.98170808217763],[14.137709904661982,55.981706966316445],[14.13770466987438,55.98170527201207],[14.13770009486798,55.98170305921852],[14.137696341531939,55.98170040623677],[14.137693542680044,55.98169740694412],[14.137691797351033,55.981694167472234],[14.137691167304093,55.98169080245167],[14.137691674833487,55.981687430955546],[14.137693301979722,55.981684172286066],[14.137695991165085,55.98168114175302],[14.137699647231097,55.98167844659339],[14.138071952309945,55.98145187331877],[14.138076310406912,55.98144966549685],[14.138081314291032,55.98144793860789],[14.138086796616635,55.98144675040451],[14.138092574037527,55.98144614062398],[14.138098453338644,55.981446129659226],[14.138601478539206,55.98147102370566],[14.138607945593833,55.98147172269059],[14.138614022303242,55.9814731443574],[14.138619453605257,55.98147522903341],[14.13862401152776,55.981477889217025],[14.138650140973498,55.98149666147248],[14.13865352211747,55.98149965903586],[14.138655786873763,55.981502969353876],[14.138656847289914,55.981506463869835],[14.13865666218416,55.981510006873606],[14.138655238744777,55.98151346077203],[14.138652632250981,55.98151669143229],[14.13864894392619,55.9815195733911],[14.138644317007033,55.98152199472696],[14.138639100434988,55.981524228753656],[14.138635139262073,55.981526371101744],[14.138632156686011,55.98152896272338],[14.1385683068789,55.98160162612266],[14.138566962048575,55.981603499944356],[14.138566133470546,55.98160546524231],[14.13852832449255,55.98173947906894],[14.138528008117966,55.98174043271363],[14.138516886714669,55.98176955567967],[14.138516369727343,55.981772779080835],[14.13851724845001,55.9817759778763],[14.138552047355882,55.98184538133596],[14.138554002961207,55.981848098348166],[14.13855596405099,55.98184969700287],[14.138559792385047,55.98185169498221],[14.138617393902866,55.981875755798285],[14.138622144813615,55.98187819115165],[14.138625932228088,55.98188110762282],[14.138628604005023,55.98188438805674],[14.138630052818405,55.98188790067781],[14.138630220468812,55.98189150438345],[14.138629100221342,55.98189505441214],[14.138626737076214,55.98189840815848],[14.138623225961146,55.981901430901814],[14.138618707918152,55.981904001217885],[14.138613364437859,55.98190601585653],[14.138259694149442,55.982012220908295]]]}},{"type":"Feature","properties":{"color":"#E9ABB7","district":"Himalaya"},"geometry":{"type":"Polygon","coordinates":[[[14.139307857689358,55.98097291899053],[14.139314157826634,55.98097280638003],[14.13932037614372,55.98097338368424],[14.139326273596899,55.980974628710506],[14.13933162347702,55.980976493597666],[14.139336220124582,55.980978906656034],[14.139339886835659,55.98098177512307],[14.139342482654746,55.9809849887295],[14.139343907793357,55.98098842393819],[14.13938964822756,55.981184354441055],[14.139390771526429,55.981187016130995],[14.139392138918263,55.98118865881751],[14.13939407272642,55.98119011248624],[14.139396492771272,55.981191316865036],[14.139400727613232,55.981192682958856],[14.139678976062623,55.98126239556896],[14.139684443499588,55.98126414341539],[14.139689197075864,55.981266453985505],[14.139693054421427,55.98126923863482],[14.139695867549861,55.981272390530904],[14.139697528535818,55.9812757887519],[14.1396979736556,55.98127930292574],[14.139697185831945,55.98128279823184],[14.139695195289233,55.981286140573395],[14.139474391543896,55.98156297281947],[14.139471269219474,55.98156603822149],[14.13946713735361,55.981568703648385],[14.139462154932195,55.981570866539734],[14.13945651366892,55.98157244367176],[14.139450430628512,55.98157337435945],[14.13944413987449,55.98157362279177],[14.139437883462813,55.981573179409544],[14.139431902128011,55.981572061273255],[14.139249266550168,55.981526344130394],[14.139243882441185,55.98152463064116],[14.139239185625401,55.98152237129359],[14.139112347812286,55.98144832748103],[14.13910929664558,55.981446824274286],[14.139105836339795,55.981445630215795],[14.138919416431689,55.981392911685504],[14.138914141518953,55.98139103951353],[14.138909613329199,55.981388631976465],[14.138906002823537,55.981385779970566],[14.13890344631593,55.98138259117294],[14.138902040326704,55.98137918597624],[14.138819874515468,55.98102677871533],[14.138819675695519,55.98102325544017],[14.138820708967057,55.98101977813342],[14.138822934642478,55.981016480356175],[14.138826267234796,55.981013488773804],[14.138830578741159,55.981010918291],[14.138835703559403,55.9810088676382],[14.138841444848703,55.981007415579576],[14.138847582090099,55.981006617887665],[14.139307857689358,55.98097291899053]]]}},{"type":"Feature","properties":{"color":"#E9ABB7","district":"Himalaya"},"geometry":{"type":"Polygon","coordinates":[[[14.139519904695682,55.98159411144038],[14.139514439789544,55.98159236288149],[14.139509688742807,55.981590052026654],[14.1395058337356,55.98158726748625],[14.13950302258905,55.981584116034256],[14.13950136309708,55.98158071851401],[14.139500918893043,55.98157720520428],[14.139501707009725,55.98157371082386],[14.139503697226269,55.98157036936557],[14.139724504782183,55.98129353207953],[14.139727627524868,55.98129046630744],[14.139731760039473,55.98128780062274],[14.139736743275076,55.9812856376213],[14.139742385438614,55.981284060552],[14.13974846937654,55.98128313011241],[14.139754760932524,55.981282882113],[14.139761017959541,55.98128332609864],[14.139766999639503,55.981284444981405],[14.139957674351681,55.98133219918105],[14.139963142293594,55.981333946638905],[14.139967896488391,55.981336256889016],[14.139971754537388,55.98133904129675],[14.13997456842316,55.98134219303601],[14.139976230188383,55.98134559118771],[14.139976676077733,55.98134910537891],[14.139975888983958,55.9813526007847],[14.139973899104259,55.981355943300805],[14.139753102317275,55.98163285171213],[14.139749978659538,55.98163591886042],[14.139745844372761,55.98163858561144],[14.139740858706007,55.98164074924413],[14.139735213702888,55.981642326417195],[14.139729126804184,55.98164325637922],[14.139722832472202,55.98164350330883],[14.139716573159435,55.98164305769451],[14.13971058996946,55.98164193670094],[14.139519904695682,55.98159411144038]]]}},{"type":"Feature","properties":{"color":"#E9ABB7","district":"Himalaya"},"geometry":{"type":"Polygon","coordinates":[[[14.140307679101833,55.98179142154322],[14.140302212803565,55.98178967367761],[14.140297460226478,55.9817873633067],[14.140293603642334,55.98178457903839],[14.140290790959485,55.981781427655484],[14.140289130050265,55.981778030020514],[14.140288684613886,55.98177451644025],[14.140289471733483,55.98177102166819],[14.140291461220977,55.98176767973646],[14.140512107771352,55.98149093791202],[14.140515230246336,55.98148787148298],[14.140519362864161,55.98148520518657],[14.140524346525558,55.98148304167087],[14.140529989367558,55.98148146422771],[14.140536074149905,55.981480533586065],[14.14054236661843,55.98148028557412],[14.140548624523415,55.98148072973991],[14.140554606945779,55.98148184898379],[14.140628388280886,55.981500331081655],[14.140634286699228,55.98150225277694],[14.140639327035059,55.981504827812024],[14.14064328209194,55.98150794011564],[14.140645973592918,55.9815114493987],[14.140647280216509,55.98151519747809],[14.140647143065403,55.98151901540665],[14.140575755356446,55.981833171819616],[14.140574450012352,55.98183644176039],[14.14057208327163,55.981839519522524],[14.140568737259978,55.98184229830763],[14.140564528083875,55.98184468169179],[14.140559601801709,55.98184658697149],[14.140554129355548,55.981847948033476],[14.140548300639443,55.981848717648866],[14.14054231791007,55.98184886911193],[14.140536388768393,55.981848397166914],[14.140530718955878,55.98184731819034],[14.140307679101833,55.98179142154322]]]}},{"type":"Feature","properties":{"color":"#6099C5","district":"Östersjön"},"geometry":{"type":"Polygon","coordinates":[[[14.136211392499105,55.98139662406207],[14.136210844286525,55.98140013644387],[14.136209081872146,55.98140352151251],[14.136206172976399,55.98140664919683],[14.13620222937332,55.98140939931555],[14.136197402595645,55.98141166619537],[14.136191878112207,55.981413362731416],[14.136185868201272,55.981414423734265],[14.136179603793735,55.9814148084349],[14.13577831007041,55.98141731348853],[14.135772125354306,55.98141701680093],[14.135766157834336,55.981416060686655],[14.135760629978353,55.981414480789425],[14.135755747863566,55.98141233600746],[14.135751693494004,55.98140970629777],[14.13574861801546,55.981406689695326],[14.1357466360808,55.981403398658344],[14.135745821575782,55.98139995587588],[14.135735647325955,55.98123694287177],[14.13573604566119,55.981233424507344],[14.135737663045177,55.981230017196886],[14.135740437341408,55.98122685184146],[14.135744261967517,55.98122405004675],[14.135748989989967,55.98122171945127],[14.13575443976891,55.981219949591114],[14.135760401936379,55.98121880846022],[14.135766647439699,55.981218339898156],[14.135965986878348,55.981214418691266],[14.13597065158426,55.98121406875024],[14.135973603513868,55.981213503824236],[14.135976301812208,55.981212627642215],[14.13597864284137,55.98121147385711],[14.135980536685965,55.98121008678409],[14.13598191060627,55.98120851969861],[14.13598271183204,55.98120683279013],[14.13598301015868,55.98120420498955],[14.135967154639072,55.980948806883305],[14.135967560418633,55.980945267085886],[14.135969199978046,55.98094184067404],[14.135972009552686,55.98093866090481],[14.1359758798748,55.98093585144295],[14.135980660423078,55.98093352155151],[14.135986165276615,55.98093176184255],[14.13599218034557,55.98093064075305],[14.135998471697352,55.98093020188341],[14.136169508002256,55.98092778215922],[14.1361758498691,55.98092804441249],[14.13618197540472,55.980928999912514],[14.136187644942826,55.980930611274665],[14.136192636658306,55.98093281545314],[14.136196755246296,55.980935526207745],[14.136199839563622,55.980938637478104],[14.136201768933669,55.980942027533274],[14.136202467867976,55.980945563734664],[14.136211392499105,55.98139662406207]]]}},{"type":"Feature","properties":{"color":"#BA2F4B","district":"Stora Barriärrevet"},"geometry":{"type":"Polygon","coordinates":[[[14.12972431068465,55.97931037916217],[14.12971819085583,55.979310924729695],[14.129711997636488,55.97931080319931],[14.129705961161878,55.97931001908701],[14.129700305742723,55.979308601529794],[14.129695241529955,55.97930660320298],[14.129690956705668,55.97930409836283],[14.129687610490393,55.97930118008727],[14.129685327226612,55.97929795681706],[14.129483500126582,55.978906442305835],[14.129482356107202,55.97890297824731],[14.129482440801103,55.97889945586827],[14.129483750959226,55.97889601028199],[14.12948623632553,55.97889277365602],[14.129489801564796,55.97888987014249],[14.129494309919583,55.978887411115856],[14.129499588456046,55.97888549090064],[14.129505434697439,55.97888418315337],[14.129511624390794,55.97888353803727],[14.129522586077675,55.97888300875412],[14.129528720858215,55.97888304129131],[14.129534732875406,55.97888372529138],[14.129729270397332,55.9789169390084],[14.12973397118144,55.97891746175551],[14.129737147524123,55.978917455093466],[14.129740258218591,55.97891709558642],[14.129743179314469,55.97891639755948],[14.129747125173807,55.978914875508444],[14.129760584050725,55.97890848680024],[14.129763640015042,55.97890674573579],[14.129765260833313,55.97890540463241],[14.129766421642062,55.978903921691405],[14.129767420314783,55.978901546289386],[14.129789221355457,55.97881507769655],[14.129790757656776,55.978811574185556],[14.129793512628245,55.97880831266715],[14.129797375449135,55.97880542433787],[14.129802190734889,55.978803025382575],[14.12980776478758,55.97880121230067],[14.129813873387526,55.97880005802443],[14.129820270812644,55.97879960898535],[14.129826699722734,55.97879988324625],[14.129832901511099,55.97880086977485],[14.129838626707116,55.97880252888744],[14.130029859042631,55.978872376346956],[14.130034534076241,55.97887445437991],[14.130038441627644,55.978876980285946],[14.130041446900162,55.9788798669303],[14.130043446222436,55.97888301473412],[14.130199624557886,55.97922745777652],[14.130200401025133,55.97922982511226],[14.130209810946026,55.979275591668056],[14.130209907460943,55.979279161284296],[14.130208741975748,55.97928267125114],[14.130206360405728,55.97928598328942],[14.130202856575282,55.97928896691758],[14.13019836852164,55.979291504592126],[14.130193073056756,55.97929349633839],[14.130187178801593,55.97929486368915],[14.130180917967248,55.97929555277609],[14.129971342198747,55.97930670583446],[14.129965532675907,55.979306719971625],[14.129959813469062,55.979306148887375],[14.129954371355845,55.9793050112322],[14.129949384064549,55.97930334415956],[14.129945014469845,55.97930120211269],[14.129941405273643,55.97929865504643],[14.12992876135494,55.979287854138455],[14.129925620009518,55.97928569685251],[14.129923057328597,55.979284538412635],[14.129920122942341,55.97928370033867],[14.129916942839676,55.97928321861366],[14.129913653559317,55.979283113920545],[14.129908736521537,55.97928353182221],[14.12972431068465,55.97931037916217]]]}},{"type":"Feature","properties":{"color":"#6099C5","district":"Östersjön"},"geometry":{"type":"Polygon","coordinates":[[[14.137967221801853,55.98210007075295],[14.137960782823367,55.982101531428235],[14.13795393325863,55.98210218403089],[14.137946993028695,55.98210199807992],[14.137940286289302,55.982100982260505],[14.137811387175288,55.98207279087467],[14.137802530823029,55.9820716289034],[14.13744583433299,55.982054013247016],[14.137439642197132,55.982053360647804],[14.1374337965071,55.982052044903185],[14.137428521806186,55.98205011655325],[14.137424020704891,55.98204764966935],[14.137420466098295,55.98204473900882],[14.137417994524856,55.98204149637528],[14.137416700921747,55.98203804632392],[14.137416634978196,55.98203452137722],[14.137457389591825,55.98177516562218],[14.137458554325976,55.98177170022665],[14.13746090516857,55.98176842855496],[14.137464351768854,55.98176547634797],[14.137468761662653,55.9817629570685],[14.137473965363416,55.981760967540566],[14.13747976287615,55.981759584228115],[14.137485931383841,55.98175886029623],[14.137492233811011,55.981758823567965],[14.137724560887152,55.98177025994208],[14.137731108385715,55.98177097078048],[14.137737252821857,55.98177242214038],[14.13787131294133,55.98181372865459],[14.13787483349979,55.981814615442104],[14.137878562355462,55.98181517558988],[14.138081279774132,55.98183604239896],[14.138087116047286,55.981836968748816],[14.138092537361304,55.981838491982636],[14.138097350679843,55.98184055786282],[14.13810138461532,55.981843092829656],[14.138104495531515,55.98184600662082],[14.138106572658009,55.98184919548511],[14.138107542034406,55.98185254587679],[14.138107369143883,55.98185593849865],[14.138061605177466,55.98206305364847],[14.138060277537058,55.98206639990929],[14.138057839321194,55.98206954450251],[14.138054379079842,55.98207237322395],[14.138050022480593,55.98207478334112],[14.138044927744739,55.98207668732424],[14.137967221801853,55.98210007075295]]]}},{"type":"Feature","properties":{"color":"#6099C5","district":"Östersjön"},"geometry":{"type":"Polygon","coordinates":[[[14.13811732228506,55.982139577478925],[14.138111882667697,55.98213804358917],[14.138107057843218,55.98213596322484],[14.138103021020683,55.98213341107016],[14.13809991712013,55.98213047874639],[14.138097857570017,55.98212727152272],[14.138096916307019,55.98212390453702],[14.138097127121755,55.98212049866258],[14.138098482445779,55.982117176168686],[14.138100933623306,55.98211405633133],[14.13810439265799,55.982111251151196],[14.138108735371961,55.98210886133285],[14.138113805863796,55.9821069726696],[14.138712238154232,55.98192730914196],[14.138717694115357,55.98192601766873],[14.13872348101399,55.98192530818396],[14.138729402356201,55.9819252047782],[14.138735257083047,55.981925710962585],[14.138740846397498,55.98192680954965],[14.138745980514557,55.98192846323689],[14.138907000596426,55.9819920498248],[14.138911769077279,55.98199435601566],[14.138915641608875,55.981997138396366],[14.138918469335671,55.98200029001565],[14.13892014356304,55.98200368972912],[14.13892059993541,55.98200720685591],[14.138919820910044,55.982010706201905],[14.138815267267939,55.98226972924759],[14.138813350128558,55.98227299096899],[14.138810360032064,55.98227598945005],[14.138806405941462,55.98227861542202],[14.138801631949125,55.98228077319076],[14.138796212025868,55.982282384124275],[14.138790343681215,55.9822833895178],[14.138784240765855,55.98228375273344],[14.138778125678595,55.98228346053507],[14.13877222126181,55.98228252357084],[14.13811732228506,55.982139577478925]]]}},{"type":"Feature","properties":{"color":"#6099C5","district":"Östersjön"},"geometry":{"type":"Polygon","coordinates":[[[14.136391828053034,55.98211221135686],[14.13638891040844,55.98210896505574],[14.136387218540749,55.982105456934306],[14.13638682149652,55.982101830162634],[14.136387735479182,55.982098232753096],[14.136389923187803,55.98209481151963],[14.136393295339449,55.98209170608629],[14.136397714312942,55.98208904318894],[14.136402999765368,55.982086931503076],[14.136408935992048,55.98208545720868],[14.136415280729661,55.98208468047319],[14.136421775043212,55.982084632995914],[14.13761705567095,55.98214370249001],[14.137618558367103,55.98214379671536],[14.137744831084174,55.982153401533346],[14.137751094728026,55.982154242293035],[14.13775693307168,55.98215576472762],[14.137762111753664,55.982157907723895],[14.13776642289241,55.9821605852582],[14.137769693430954,55.982163689849585],[14.137771792083782,55.98216709687417],[14.137772634606888,55.982170669567914],[14.137772187179525,55.98217426451641],[14.137770467761888,55.98217773741191],[14.137606775436884,55.982413457404206],[14.137603916457927,55.98241661339179],[14.137600008468908,55.98241939521201],[14.137595202692285,55.982421695220204],[14.137589685091191,55.98242342441573],[14.137583669173464,55.98242451588604],[14.137577387729774,55.98242492739579],[14.137571083825557,55.982424643021325],[14.137565001395396,55.982423673766675],[14.136526996884259,55.98219440997259],[14.136521118037464,55.982192700895645],[14.136515990194416,55.982190353962174],[14.13642027048088,55.98213642736792],[14.136415965669404,55.98213341538716],[14.136391828053034,55.98211221135686]]]}},{"type":"Feature","properties":{"color":"#E58E27","district":"Sahara"},"geometry":{"type":"Polygon","coordinates":[[[14.144416137212072,55.9825386771966],[14.144415131885836,55.98254216131998],[14.144412929808555,55.98254546854788],[14.144409615761786,55.982548471549215],[14.144405317338954,55.98255105470582],[14.1444002000329,55.98255311856397],[14.14439446086429,55.98255458366325],[14.144388320796127,55.9825553935961],[14.14438201622646,55.98255551717934],[14.143634373498735,55.98252902764518],[14.143628158656886,55.98252846178922],[14.143622260146197,55.98252722911864],[14.143616904214035,55.98252537691457],[14.143612296296174,55.982522976221425],[14.143608613136943,55.982520119121894],[14.143605996009889,55.98251691520482],[14.143604545299027,55.98251348736181],[14.143604316648476,55.982509967073455],[14.143636762858664,55.98221642916455],[14.143637768307606,55.982212944507175],[14.143639970858723,55.98220963680691],[14.143643285685807,55.98220663345181],[14.14364758512612,55.9822040501088],[14.143652703597036,55.98220198626902],[14.143658443973075,55.982200521416196],[14.143664585177682,55.98219971196556],[14.143670890697436,55.98219958909112],[14.144418533010239,55.98222616720345],[14.144424746898354,55.98222673364858],[14.14443064432042,55.982227966723116],[14.144435999123345,55.9822298191414],[14.144440605962204,55.982232219867285],[14.144444288174745,55.982235076838236],[14.144446904556002,55.98223828049569],[14.144448354773214,55.98224170798643],[14.144448583213402,55.98224522787365],[14.144416137212072,55.9825386771966]]]}},{"type":"Feature","properties":{"color":"#E58E27","district":"Sahara"},"geometry":{"type":"Polygon","coordinates":[[[14.142735532132866,55.982497038672115],[14.142729313239403,55.98249647101189],[14.142723411695306,55.98249523566257],[14.142718054189592,55.98249338007616],[14.142713446513705,55.98249097552911],[14.142709765656663,55.98248811438444],[14.142707153006604,55.98248490654385],[14.142705708919829,55.98248147522629],[14.142705488865975,55.982477952234746],[14.142738695376556,55.98218450023983],[14.14273970841388,55.98218101959942],[14.142741915920192,55.9821777164412],[14.142745233036655,55.982174717741614],[14.142749532250082,55.98217213877333],[14.142754648294705,55.98217007867423],[14.142760384505124,55.98216861663632],[14.14276652037631,55.98216780886164],[14.14277282003998,55.98216768640174],[14.143230895456666,55.98218396948648],[14.14323710429585,55.98218453517393],[14.143242997387317,55.98218576642033],[14.143248349116785,55.982187616088055],[14.143252954595694,55.98219001336341],[14.143256637505239,55.982192866467805],[14.143259256846678,55.982196066171426],[14.143260712339405,55.98219948997503],[14.143260948260204,55.9822030067998],[14.143229178004637,55.982496542558316],[14.143228179111503,55.98250003096882],[14.143225980637428,55.982503342852446],[14.143222667400968,55.98250635043416],[14.143218367229158,55.982508937679064],[14.143213246025887,55.98251100476918],[14.14320750137119,55.982512471954536],[14.143201354898444,55.98251328262991],[14.143195043743559,55.98251340551876],[14.142735532132866,55.982497038672115]]]}},{"type":"Feature","properties":{"color":"#E58E27","district":"Sahara"},"geometry":{"type":"Polygon","coordinates":[[[14.143291395042128,55.9825168318748],[14.14328518708428,55.9825162660979],[14.143279294829087,55.98251503495736],[14.143273943794993,55.98251318557351],[14.143269338785833,55.982510788729115],[14.1432656560522,55.9825079361603],[14.143263036545706,55.98250473704541],[14.143261580524243,55.982501313826376],[14.143261343714794,55.98249779752234],[14.143293030025598,55.982204254412],[14.143294027834926,55.98220076605994],[14.143296225165127,55.98219745410541],[14.143299537248607,55.98219444631496],[14.14330383631357,55.982191858721336],[14.143308956513145,55.98218979114718],[14.143314700323327,55.98218832335401],[14.143320846162936,55.98218751196549],[14.143327156941618,55.98218738828284],[14.143574630061433,55.982196170051246],[14.1435808444119,55.982196736168845],[14.14358674237643,55.982197969010905],[14.143592097754762,55.98219982129517],[14.143596705155966,55.98220222198234],[14.143600387875626,55.982205079000686],[14.143603004672867,55.98220828277701],[14.143604455187274,55.98221171043921],[14.14360468378799,55.98221523052859],[14.143572237201656,55.98250876963827],[14.14357123169376,55.98251225439115],[14.143569029008866,55.98251556217262],[14.143565713982582,55.98251856558422],[14.143561414292172,55.98252114895025],[14.143556295539115,55.982523212772875],[14.143550554871018,55.98252467756443],[14.143544413388499,55.982525486908706],[14.143538107629524,55.98252560963405],[14.143291395042128,55.9825168318748]]]}},{"type":"Feature","properties":{"color":"#6099C5","district":"Östersjön"},"geometry":{"type":"Polygon","coordinates":[[[14.137384610972573,55.98203293050421],[14.13738344606187,55.98203639620957],[14.137381094824,55.982039668143045],[14.13737764764093,55.98204262053053],[14.137373237023164,55.98204513988145],[14.137368032516012,55.982047129351116],[14.137362234182234,55.98204851246374],[14.137356064911557,55.98204923605203],[14.137349761852688,55.982049272301026],[14.136902337798277,55.98202720980857],[14.136896145103924,55.98202655760482],[14.136890298759122,55.98202524214351],[14.13688502336241,55.98202331396059],[14.13688052157818,55.982020847130926],[14.136876966350917,55.9820179364225],[14.136874494261225,55.982014693655714],[14.136873200278835,55.98201124340763],[14.136873134114204,55.98200771822598],[14.13691388882154,55.98174827903947],[14.13691505395246,55.98174481253403],[14.13691740594033,55.98174153990035],[14.136920854332331,55.98173858699702],[14.13692526651033,55.98173606738653],[14.136930472791102,55.981734077967786],[14.136936272952012,55.98173269524958],[14.136942443931131,55.98173197240836],[14.136948748405704,55.98173193724303],[14.13739617276807,55.981754082073415],[14.13740236392528,55.981754735199225],[14.137408208528774,55.98175605128252],[14.137413482130224,55.98175797978224],[14.137417982209225,55.98176044663883],[14.137421535950594,55.98176335711849],[14.137424006880938,55.98176659945094],[14.13742530010963,55.981770049122005],[14.13742536597289,55.98177357365498],[14.137384610972573,55.98203293050421]]]}},{"type":"Feature","properties":{"color":"#6099C5","district":"Östersjön"},"geometry":{"type":"Polygon","coordinates":[[[14.13886309195524,55.982302359246724],[14.138857294210862,55.982300697193],[14.13885221438217,55.98229841540345],[14.138848061041243,55.982295607565845],[14.13884500471947,55.982292388966926],[14.138843170905746,55.982288891758785],[14.138842634894074,55.98228525953288],[14.138843418692119,55.982281641424294],[14.1389493873841,55.982019112267814],[14.138951408108648,55.98201571978362],[14.138954588499972,55.982012617986726],[14.138958802850823,55.982009929477684],[14.13896388458614,55.98200776052146],[14.138969632847063,55.982006196847436],[14.138975820429978,55.98200530026075],[14.138982202766876,55.98200510619956],[14.139069807187937,55.982007326574575],[14.139078769285119,55.98200684598372],[14.139114587590262,55.982002018724316],[14.13912055450417,55.98200153975884],[14.1391265763494,55.98200169235954],[14.139132441427748,55.98200247116171],[14.139137943552138,55.98200384878654],[14.139142889295108,55.98200577680359],[14.139147104788735,55.9820081874333],[14.13915044183697,55.98201099592988],[14.139539111197633,55.98241593665071],[14.13954159570876,55.98241930558587],[14.139542815340167,55.98242288554866],[14.139542720019715,55.98242652956427],[14.139541313660402,55.9824300880281],[14.139538653999788,55.98243341484788],[14.13953485022963,55.982436373441395],[14.139530058513072,55.98243884234394],[14.139524475573412,55.98244072019489],[14.13951833061764,55.98244192989928],[14.139511875926363,55.98244242179279],[14.139505376496395,55.98244217568079],[14.139499099161304,55.982441201667356],[14.13886309195524,55.982302359246724]]]}},{"type":"Feature","properties":{"color":"#E9ABB7","district":"Himalaya"},"geometry":{"type":"Polygon","coordinates":[[[14.140206217695637,55.98134530244113],[14.140200750681117,55.98134355482803],[14.140195997364945,55.981341244582204],[14.140192140073445,55.981338460319456],[14.140189326763368,55.981335308837785],[14.140187665346618,55.98133191102085],[14.140187219551043,55.98132839720116],[14.140188006476004,55.981324902160765],[14.140189995936549,55.98132155996136],[14.140360165951373,55.98110811525069],[14.140363257768945,55.98110507296276],[14.140367344095049,55.981102423231384],[14.140372270227756,55.98110026637113],[14.140377849671511,55.98109868403723],[14.14038387119754,55.98109773613432],[14.14039010684062,55.98109745854843],[14.140396320529428,55.981097861788534],[14.140402277023801,55.981098930588615],[14.14072442312629,55.9811767926046],[14.140729755565394,55.98117843237163],[14.14073444024609,55.98118060488173],[14.140738309350992,55.98118323231],[14.14074122427864,55.98118622053521],[14.140743080608589,55.98118946251146],[14.140743811842027,55.98119284210275],[14.140743391783982,55.98119623824336],[14.140672143853575,55.98143730976008],[14.140670433960736,55.981440828919915],[14.140667490393056,55.98144408278141],[14.140663434161068,55.981446937577516],[14.140658432017329,55.98144927594679],[14.140652689601193,55.98145100175822],[14.140646442984925,55.98145204406321],[14.140639948968678,55.9814523600123],[14.140633474523327,55.98145193661674],[14.14062728581518,55.98145079128245],[14.140206217695637,55.98134530244113]]]}},{"type":"Feature","properties":{"color":"#165B57","district":"Amazonas"},"geometry":{"type":"Polygon","coordinates":[[[14.129605328365058,55.98169799379134],[14.129611528457819,55.9816974307317],[14.129617805909918,55.98169755287161],[14.129623921102903,55.98169835554885],[14.129629640611926,55.98169980812419],[14.129634746115858,55.98170185515094],[14.129639042730856,55.98170441849143],[14.12964236644933,55.981707400299584],[14.129644590400332,55.981710686755875],[14.129645629692417,55.98171415241191],[14.12965443867306,55.98178611101716],[14.129654199950277,55.981789847094475],[14.129652585871357,55.981793474860936],[14.129649666166364,55.98179683759204],[14.129645566970296,55.98179979001313],[14.129640465373933,55.98180220457543],[14.129634581773272,55.98180397696649],[14.129628170348118,55.98180503061647],[14.12962150808113,55.9818053200062],[14.12937408991503,55.98180163326009],[14.12936944363932,55.98180181679814],[14.129366463216645,55.981802268829064],[14.129363694802882,55.98180303420938],[14.12936124252264,55.98180408415188],[14.129359198610306,55.98180537916648],[14.129357639940945,55.98180687054548],[14.129356625138803,55.98180850219559],[14.129355972367678,55.981811082337835],[14.12935540539753,55.98181837191513],[14.129355626969677,55.98182086807369],[14.129356319276242,55.98182247985771],[14.129357532991163,55.981823992072194],[14.12935922615091,55.98182535243305],[14.129361340215334,55.981826513906476],[14.129363802091856,55.98182743633515],[14.129367909876944,55.98182841857681],[14.129671999164472,55.98188306468037],[14.129677978236382,55.981884528386956],[14.129683305744038,55.981886637468016],[14.129687762145494,55.98188930501017],[14.129691163796206,55.98189242108642],[14.129693370516872,55.98189585728597],[14.129763217598295,55.98205332249228],[14.129764146178704,55.98205705506608],[14.129763664171753,55.982060813957865],[14.12976179273693,55.982064434153926],[14.129758614029061,55.98206775672918],[14.129754267591805,55.98207063582394],[14.129748944231773,55.9820729450471],[14.129742877642236,55.98207458302466],[14.129631256679522,55.98209700262331],[14.129625358658709,55.98209784473839],[14.129619282637224,55.982098049830306],[14.129613246422776,55.98209761054709],[14.129607466396099,55.982096542635816],[14.129343297889665,55.98203164276278],[14.129338543847753,55.98203079190534],[14.129335254464742,55.98203060485024],[14.129331967050682,55.98203080244283],[14.12932882376124,55.98203137613871],[14.129325960519985,55.98203230112989],[14.129323501140075,55.98203353741761],[14.129320558585963,55.982035793015406],[14.129314193414118,55.982041922438036],[14.129312056775845,55.98204462930902],[14.129311378738233,55.98204655073411],[14.129311516322945,55.982049508787995],[14.129324727985654,55.98210332855027],[14.129324968509259,55.982106859727175],[14.129323970316344,55.98211034906251],[14.129321771936219,55.98211366187004],[14.129318458224734,55.98211667027745],[14.129314157088936,55.98211925816196],[14.129309034549962,55.982121325632754],[14.129303288334732,55.982122792886685],[14.129297140243791,55.98212360328857],[14.129290827589918,55.98212372555737],[14.129284594037953,55.982123154973586],[14.129278680199432,55.9821219135614],[14.129188401535542,55.98209705631066],[14.129183163267262,55.98209524642822],[14.129178637723474,55.98209291110861],[14.129174990865817,55.98209013599315],[14.129100685699171,55.98202048011277],[14.129097901188453,55.982017129030325],[14.129096399623517,55.98201353030678],[14.129096244390233,55.98200983585665],[14.129114153184043,55.98188392847282],[14.129114881020671,55.98188129672451],[14.129116295460364,55.981878753945665],[14.129167823902062,55.98180568853631],[14.129170899148791,55.98180238083527],[14.12917512729155,55.98179949891157],[14.129262361542715,55.981751250618196],[14.129266651402162,55.98174925826647],[14.129271492014974,55.981747710512984],[14.129276737802279,55.981746653905574],[14.129605328365058,55.98169799379134]]]}},{"type":"Feature","properties":{"color":"#165B57","district":"Amazonas"},"geometry":{"type":"Polygon","coordinates":[[[14.131194188129104,55.981966156304736],[14.13120041864614,55.98196561379325],[14.131206718602655,55.98196576206405],[14.13121284566171,55.98196659541368],[14.131218564137097,55.98196808178613],[14.131223654059303,55.98197016400594],[14.131227919636949,55.981972761977495],[14.131231196788166,55.981975775766],[14.131233359452276,55.98197908944168],[14.131302131086272,55.98212860409634],[14.131303090138466,55.98213032613015],[14.131339453396528,55.98218567559249],[14.131341026039609,55.982189048384434],[14.131341406312792,55.98219252754262],[14.131340579934184,55.982195982403525],[14.131338577939026,55.9821992832161],[14.131335475514165,55.9822023060146],[14.131331389174386,55.98220493727452],[14.131326472386577,55.98220707817591],[14.131320909806133,55.98220864831484],[14.131314910342006,55.98220958872293],[14.130321984808392,55.982308447493885],[14.130315558298655,55.982308720231096],[14.130309163680396,55.98230827038722],[14.130303057927819,55.982307116039664],[14.130297486406725,55.982305303577064],[14.1302926730142,55.98230290583505],[14.130288811181076,55.98230001916927],[14.130286056098711,55.982296759583264],[14.13028451848251,55.98229325806669],[14.130241153504365,55.98212172062279],[14.130240910827654,55.9821179812618],[14.130242056368582,55.98211429472785],[14.130244540548809,55.98211082057073],[14.13024825585501,55.98210770914868],[14.130253041491981,55.9821050951211],[14.130258690341751,55.98210309162059],[14.130264957927448,55.98210178535675],[14.130543000801557,55.98206166793685],[14.13054464316239,55.98206140473901],[14.13058891802827,55.98205359152736],[14.13059055406182,55.98205332923984],[14.131194188129104,55.981966156304736]]]}},{"type":"Feature","properties":{"color":"#165B57","district":"Amazonas"},"geometry":{"type":"Polygon","coordinates":[[[14.131337441792159,55.982225614366776],[14.131343817997939,55.982225340904264],[14.131350164814046,55.98222577887074],[14.131356231133594,55.9822269109384],[14.131361776947276,55.98222869231787],[14.131366582839131,55.98223105253022],[14.13137045866754,55.982233898195446],[14.131373251088041,55.982237116726935],[14.131566939592503,55.98253188883123],[14.131568509287996,55.98253525015759],[14.1315688945974,55.98253871760803],[14.131568081145117,55.98254216181748],[14.131566099279457,55.98254545428789],[14.131563022940448,55.98254847218233],[14.13155896690127,55.98255110290787],[14.131554082486293,55.98255324831621],[14.131548551925396,55.982554828365465],[14.131542581555255,55.98255578410641],[14.131536394121213,55.98255607988183],[14.131530220466972,55.98255570465679],[14.13051081537524,55.982437155958195],[14.130507860066448,55.98243672948878],[14.130331757465575,55.982406261640676],[14.130326174756979,55.98240496283984],[14.130321125430875,55.982403102253265],[14.130316788064617,55.98240074568357],[14.1303133160559,55.982397976474566],[14.130310832197594,55.98239489256368],[14.130309424335001,55.9823916030183],[14.13029805086562,55.982346724006185],[14.130297774497778,55.98234328045922],[14.130298677404499,55.982339870655],[14.130300726423485,55.98233661982889],[14.130303846298037,55.982333647377345],[14.130307922441105,55.982331062472646],[14.13031280514389,55.98232896005315],[14.13031831507434,55.98232741733659],[14.130324249863667,55.98232649098382],[14.131337441792159,55.982225614366776]]]}},{"type":"Feature","properties":{"color":"#165B57","district":"Amazonas"},"geometry":{"type":"Polygon","coordinates":[[[14.130942111795619,55.98198394938608],[14.130935881571252,55.98198449117454],[14.130929582149834,55.98198434228034],[14.130923455810665,55.98198350842999],[14.130917738176176,55.981982021693895],[14.130912649149728,55.98197993925275],[14.130908384457978,55.981977341198366],[14.130905108123125,55.981974327453344],[14.130902946154528,55.98197101392793],[14.130777372643937,55.981697912593766],[14.130776427081363,55.98169460181253],[14.130776596266793,55.981691250371526],[14.130777874321211,55.981687974724146],[14.130780216835468,55.98168488869013],[14.13078354241341,55.98168209950066],[14.130787735500203,55.981679704072334],[14.13079265039756,55.98167778563967],[14.130798116326359,55.98167641086288],[14.130803943360734,55.981675627511585],[14.130920975705896,55.98166623473137],[14.130922596730617,55.98166608086615],[14.13105164535026,55.98165192334562],[14.131057685366237,55.98165158737601],[14.131063730606932,55.98165189251943],[14.131069565591874,55.9816528278992],[14.131074982335054,55.98165436017398],[14.131079787758493,55.981656434726396],[14.131083810574404,55.98165897760973],[14.131086907390712,55.98166189818377],[14.131088967822196,55.98166509234562],[14.131209324285997,55.98192682810994],[14.131210288569052,55.9819303111369],[14.131210020229153,55.981933832496004],[14.13120852956996,55.98193725697044],[14.13120587383107,55.98194045306363],[14.131202154990099,55.981943298048556],[14.131197515846889,55.98194568268045],[14.131192134540129,55.98194751539162],[14.131186217707004,55.98194872580763],[14.130942111795619,55.98198394938608]]]}},{"type":"Feature","properties":{"color":"#BA2F4B","district":"Stora Barriärrevet"},"geometry":{"type":"Polygon","coordinates":[[[14.128962973470282,55.97846464915651],[14.128961906862594,55.97846819551797],[14.128959600616568,55.97847155227247],[14.128956146927477,55.978474585228774],[14.12895168386141,55.97847717313998],[14.128946389835907,55.97847921255047],[14.128940476487456,55.97848062193174],[14.128934180210996,55.97848134494168],[14.128927752709654,55.978481352676866],[14.128921450932486,55.97848064482807],[14.128915526802514,55.978479249692626],[14.128842789261975,55.97845709397543],[14.128841560250033,55.978456738585066],[14.128620802042477,55.97839623375191],[14.128619314215417,55.97839579865944],[14.128396425150415,55.978326413169064],[14.12839009123105,55.97832382953109],[14.12838506315352,55.97832046503101],[14.128352923254743,55.978292666309486],[14.128349265627442,55.97828832277738],[14.128345262409155,55.97828124356833],[14.128343967667291,55.9782778348371],[14.128343872071023,55.9782743503905],[14.128344979208604,55.97827092103064],[14.12834724751905,55.978267675491814],[14.12835059185233,55.97826473560778],[14.128354886665845,55.97826221173834],[14.128359970737165,55.978260198626614],[14.128365653216145,55.978258771842434],[14.128371720789202,55.97825798494557],[14.128377945686836,55.97825786747522],[14.128716406962342,55.97826987248718],[14.128716508498655,55.97826987617874],[14.128952913338681,55.97827868118403],[14.128959130430356,55.97827925915282],[14.128965026504785,55.97828050468387],[14.128970374948025,55.97828236990558],[14.128974970194108,55.978284783128665],[14.128978635625888,55.978287651601576],[14.128981230363278,55.97829086507537],[14.128982654677957,55.978294300041],[14.128982853826441,55.97829782447645],[14.128962973470282,55.97846464915651]]]}},{"type":"Feature","properties":{"color":"#BA2F4B","district":"Stora Barriärrevet"},"geometry":{"type":"Polygon","coordinates":[[[14.129020348684639,55.97850206029477],[14.12901454251783,55.97850126328954],[14.129009100515285,55.978499878549684],[14.129004210885858,55.97849795396574],[14.129000042734797,55.97849555609845],[14.128996740215305,55.97849276787682],[14.128994417543094,55.978489685730025],[14.128993155046311,55.978486416252494],[14.128992996387455,55.97848307251734],[14.12901492899079,55.978299025343695],[14.129015962825761,55.97829554655446],[14.12901818998617,55.97829224749849],[14.129021524854158,55.97828925499962],[14.12902583922893,55.978286684096936],[14.129030967255122,55.978284633622266],[14.129036711798712,55.97828318240086],[14.129042852025314,55.97828238622125],[14.129049151889589,55.978282275690525],[14.129388129638796,55.97829497177806],[14.129394344650477,55.978295550779215],[14.129400238446763,55.97829679691489],[14.129405584627179,55.978298662316845],[14.129410177826928,55.97830107532877],[14.129413841605636,55.97830394325878],[14.129416435225018,55.97830715593998],[14.129417859055126,55.97831058996251],[14.129418058401516,55.97831411341389],[14.129393154785413,55.97852330309192],[14.129392124496716,55.97852677539221],[14.129389905281641,55.97853006893861],[14.129386582126948,55.978533057601474],[14.129382282295952,55.97853562692693],[14.12937717045486,55.97853767852009],[14.129371442366734,55.97853913381308],[14.129365317394527,55.97853993707398],[14.129359030100334,55.97854005754107],[14.129352821262563,55.978539490600944],[14.129205201383527,55.978517538314065],[14.129201668640727,55.97851713017846],[14.129020348684639,55.97850206029477]]]}},{"type":"Feature","properties":{"color":"#6099C5","district":"Östersjön"},"geometry":{"type":"Polygon","coordinates":[[[14.141330774432621,55.98200993299745],[14.141325073390135,55.982008435558264],[14.14132000356027,55.982006345047],[14.141315759502415,55.98200374168899],[14.141312504086082,55.98200072539055],[14.141310362240652,55.981997411904935],[14.141309416161121,55.98199392839018],[14.141309702153821,55.981990408529335],[14.141311209243197,55.981986987400234],[14.141506558927604,55.981677776565704],[14.14150923489366,55.98167458012965],[14.141512975132134,55.98167173761311],[14.141517635605407,55.98166935848203],[14.141523036837514,55.98166753435725],[14.14152897082581,55.981666335486196],[14.141535209051167,55.981665808037604],[14.141541511278282,55.98166597232367],[14.141547634807138,55.98166682201768],[14.141694945920797,55.98169610443022],[14.141700573820541,55.98169757981514],[14.141705589131107,55.981699633457964],[14.141709804420115,55.9817021886099],[14.141713062153526,55.981705149779785],[14.141715240582995,55.98170840630268],[14.141716258295894,55.98171183647566],[14.141716077257895,55.98171531210619],[14.141644942740001,55.98202962687458],[14.1416436206389,55.98203293120872],[14.14164121497545,55.98203603835932],[14.141637811009785,55.98203883820421],[14.141633529383455,55.982041231512625],[14.141628521843742,55.982043133462],[14.141622965865494,55.98204447664432],[14.141617058361142,55.98204521345513],[14.141611008701792,55.98204531778072],[14.141491337434543,55.98204106371339],[14.141482629148307,55.98204006523826],[14.141330774432621,55.98200993299745]]]}},{"type":"Feature","properties":{"color":"#6099C5","district":"Östersjön"},"geometry":{"type":"Polygon","coordinates":[[[14.141607445834047,55.982405165332224],[14.141606426689044,55.98240867870874],[14.141604190828506,55.98241201101697],[14.141600825809919,55.9824150317615],[14.141596463409448,55.98241762264796],[14.141591274461508,55.982419682215394],[14.141585462168777,55.982421129809765],[14.141579254144645,55.98242190874226],[14.141572893499673,55.98242198850933],[14.141566629321183,55.982421365987236],[14.14109319245581,55.98234665999858],[14.1410870916025,55.982345308034745],[14.1410816084937,55.98234329123397],[14.141076971550426,55.982340693614255],[14.141073373943133,55.98233762338998],[14.141070965544419,55.98233420846372],[14.141069846685507,55.982330591097984],[14.141070063976601,55.98232692198869],[14.141071608365191,55.98232335398726],[14.141217729494855,55.98209211755308],[14.141220409186841,55.982088918111025],[14.141224155163393,55.98208607347171],[14.14122882287153,55.98208369340637],[14.141234232189857,55.982081869758865],[14.141240174379224,55.98208067290153],[14.141246420137707,55.9820801490197],[14.14125272844907,55.98208031832927],[14.141258855883244,55.982081174296816],[14.141453372298496,55.98212004541312],[14.141462128699768,55.98212105493895],[14.141606131272376,55.98212616879886],[14.141612345422146,55.98212673506196],[14.141618243149496,55.98212796801111],[14.141623598273693,55.98212982036213],[14.141628205423018,55.982132221076434],[14.141631887910869,55.98213507808545],[14.141634504511773,55.982138281821456],[14.141635954877476,55.98214170941952],[14.141636183385383,55.98214522942951],[14.141607445834047,55.982405165332224]]]}},{"type":"Feature","properties":{"color":"#E9ABB7","district":"Himalaya"},"geometry":{"type":"Polygon","coordinates":[[[14.140843382444176,55.98121653768943],[14.140844846136627,55.981213086422656],[14.140847491996094,55.98120986297277],[14.140851217120987,55.981206992704436],[14.140855876635602,55.981204587246545],[14.140861289324572,55.98120274015078],[14.1408672446806,55.981201523253326],[14.140873511091366,55.981200983881095],[14.140879844847241,55.981201143011],[14.140885999619458,55.981201994454274],[14.141196445444358,55.981263661434156],[14.141202144088812,55.98126515944382],[14.141207211570242,55.981267250119494],[14.141211453520704,55.98126985327142],[14.141214707236148,55.981272869053335],[14.141216847917086,55.981276181792126],[14.141217793455423,55.981279664424655],[14.141217507583825,55.98128318337128],[14.141216001266836,55.98128660365944],[14.14107703820937,55.9815066215963],[14.14107436255839,55.98150981828608],[14.14107062249936,55.98151266106598],[14.141065962075666,55.98151504044994],[14.14106056077747,55.981516864799005],[14.141054626628872,55.98151806385068],[14.141048388176108,55.98151859142501],[14.141042085685354,55.98151842720309],[14.141035961889147,55.98151757750976],[14.140807463954296,55.98147215719746],[14.140801803475757,55.981470670989864],[14.140796764278155,55.981468599889055],[14.140792536980827,55.98146602223927],[14.140789281490989,55.98146303554613],[14.140787120954881,55.98145975278825],[14.140786137099509,55.98145629814358],[14.14078636714115,55.981452802292],[14.140843382444176,55.98121653768943]]]}},{"type":"Feature","properties":{"color":"#E9ABB7","district":"Himalaya"},"geometry":{"type":"Polygon","coordinates":[[[14.14112687014268,55.981535632242476],[14.141121169446553,55.98153413489927],[14.141116099878818,55.98153204454095],[14.14111185596884,55.98152944137872],[14.141108600563747,55.98152642530116],[14.141106458579664,55.98152311204115],[14.141105512208473,55.98151962873504],[14.141105797763977,55.98151610904417],[14.141107304288521,55.98151268802594],[14.141246272259588,55.981292662037255],[14.141248946562238,55.98128946658563],[14.141252684451398,55.98128662470617],[14.141257342084291,55.981284245760996],[14.14126274022439,55.98128242129732],[14.14126867113885,55.981281221524675],[14.141274906592527,55.98128069261307],[14.141281206630968,55.98128085491618],[14.14128732881435,55.98128170218826],[14.141527617195468,55.98132936809116],[14.141533319107182,55.98133086543819],[14.141538389737619,55.98133295603596],[14.141542634446958,55.98133555963538],[14.14154589029886,55.98133857629547],[14.141548032314876,55.98134189021958],[14.141548978271878,55.98134537420033],[14.141548691858286,55.981348894502545],[14.141547184067973,55.981352315996816],[14.141408135689307,55.98157234042718],[14.14140546049835,55.98157553542147],[14.141401721947387,55.981578376781584],[14.141397063887501,55.98158075517819],[14.141391665550573,55.98158257909571],[14.141385734652834,55.9815837783538],[14.141379499402378,55.98158430680758],[14.141373199718185,55.98158414412326],[14.141367077998513,55.98158329656063],[14.14112687014268,55.981535632242476]]]}},{"type":"Feature","properties":{"color":"#6099C5","district":"Östersjön"},"geometry":{"type":"Polygon","coordinates":[[[14.140930494447742,55.982303567415876],[14.140927955256394,55.982306634959194],[14.140924434928076,55.98230938251625],[14.14092005781565,55.98231171303153],[14.140914978537351,55.982313544181274],[14.140909376514998,55.98231481128144],[14.14090344963604,55.98231546957256],[14.140897407263306,55.98231549580099],[14.14089146283938,55.982314889040204],[14.140625006419173,55.98227289690317],[14.140618845750225,55.98227152888495],[14.140613317453967,55.982269483162646],[14.140608656503534,55.98226684668708],[14.140605061006516,55.98226373151832],[14.140602683784637,55.98226027006261],[14.140601625878316,55.982256609444654],[14.140601932252107,55.982252905254285],[14.140673285187951,55.98198789151833],[14.140674824555681,55.98198448204051],[14.140677520305204,55.98198130529596],[14.1406812693912,55.98197848271577],[14.140685928504642,55.981976122193025],[14.140691319550802,55.98197431395871],[14.140697236456926,55.98197312713258],[14.140703453049344,55.98197260708102],[14.140709731698925,55.981972773683],[14.140715832404418,55.981973620570166],[14.141061446537774,55.98204226303924],[14.141067145243976,55.98204376086211],[14.14107221286273,55.982045851331954],[14.141076455032552,55.98204845427174],[14.141079709050793,55.98205146984938],[14.141081850113885,55.982054782406586],[14.141082796104026,55.982058264894846],[14.141082510738743,55.982061783748094],[14.141081004962503,55.982065204005536],[14.140930494447742,55.982303567415876]]]}},{"type":"Feature","properties":{"color":"#E9ABB7","district":"Himalaya"},"geometry":{"type":"Polygon","coordinates":[[[14.140769820265026,55.981535408694775],[14.140771270889468,55.981531950693],[14.14077390788043,55.981528719604626],[14.14077762839917,55.98152584143696],[14.140782287351179,55.98152342843398],[14.14078770304465,55.98152157469892],[14.140793664276169,55.981520352524406],[14.140799938567305,55.981519809573356],[14.140806281230846,55.98151996701992],[14.14081244491319,55.981520818723965],[14.141320835248568,55.98162176323036],[14.141326535025264,55.98162326106773],[14.14133160357361,55.981625351767065],[14.141335846432488,55.9816279551162],[14.141339100819266,55.981630971234445],[14.141341241875159,55.98163428440473],[14.141342187455617,55.981637767513185],[14.141341901281946,55.981641286926006],[14.141340394333223,55.9816447076165],[14.141145034608515,55.98195393396092],[14.141142359451342,55.981957129593226],[14.14113862053997,55.98195997151979],[14.141133961785307,55.981962350354564],[14.141128562503235,55.981964174535904],[14.141122630512713,55.981965373850855],[14.141116394136807,55.98196590213759],[14.14111009341445,55.98196573906229],[14.141103970861296,55.981964890901764],[14.140712281532824,55.98188713146512],[14.140706628538593,55.98188564937965],[14.140701594113679,55.98188358401666],[14.140697368090695,55.981881013254664],[14.140694109819817,55.981878034029194],[14.140691942160165,55.98187475867766],[14.140690946847212,55.98187131070349],[14.140691161410805,55.98186782011904],[14.140769820265026,55.981535408694775]]]}},{"type":"Feature","properties":{"color":"#6099C5","district":"Östersjön"},"geometry":{"type":"Polygon","coordinates":[[[14.142175162526044,55.981365464789384],[14.142181382067491,55.981366032077894],[14.14218728433403,55.981367267226126],[14.142192642558147,55.98136912277916],[14.142197250874585,55.981371527445894],[14.14220093222975,55.981374388838034],[14.142203545184199,55.98137759701968],[14.142204989346812,55.981381028731114],[14.142205209231912,55.98138455212446],[14.142172706977128,55.98167159818835],[14.142171693644206,55.98167507890744],[14.142169485801087,55.98167838210176],[14.142166168324136,55.981681380785794],[14.142161868747719,55.98168395968036],[14.1421567523614,55.98168601964436],[14.142151015855683,55.98168748148601],[14.14214487976057,55.98168828900738],[14.142138579967652,55.981688411164654],[14.141847936781073,55.98167806404985],[14.14183923128847,55.98167706561826],[14.14157225274227,55.981624087119016],[14.14156645598308,55.98162255759814],[14.14156131671201,55.9816204151794],[14.14155703917129,55.98161774500573],[14.14155379335659,55.981614653193844],[14.141551708261154,55.9816112626169],[14.141550866749444,55.98160770802147],[14.141551302264023,55.98160413067238],[14.14155299749656,55.98160067273869],[14.141717378116713,55.981361818826954],[14.141720464973538,55.98135844488045],[14.14172474705602,55.98135550774466],[14.141730034211868,55.98135313784732],[14.141736091657188,55.98135144042715],[14.141742650402401,55.98135049086048],[14.141749419197078,55.9813503313142],[14.142175162526044,55.981365464789384]]]}},{"type":"Feature","properties":{"color":"#6099C5","district":"Östersjön"},"geometry":{"type":"Polygon","coordinates":[[[14.141428794153835,55.9824462724898],[14.141434609916846,55.982447535505194],[14.14143988017956,55.98244940310744],[14.14144440650035,55.982451804975575],[14.141448018449198,55.9824546506719],[14.141450580024905,55.98245783304721],[14.141451994775972,55.98246123227522],[14.141452209432343,55.982464720364526],[14.141413682726462,55.98280769438667],[14.141412672205913,55.98281117599199],[14.141410466571907,55.982814480323064],[14.14140715064568,55.98281748030603],[14.141402851946774,55.98282006057123],[14.141397735789086,55.98282212189003],[14.141391998923439,55.982823584990754],[14.141385861971166,55.98282439360725],[14.141379560939706,55.982824516642715],[14.140791210523966,55.98280364542819],[14.140784771084522,55.982803045456954],[14.140778681023363,55.98280173015313],[14.140773191425598,55.982799753744956],[14.140768528619935,55.98279719771712],[14.140764884847439,55.98279416745122],[14.140762410335695,55.98279078788107],[14.140761207105152,55.982787198341754],[14.140761324763002,55.98278354682508],[14.14076275845801,55.98277998387802],[14.140992777620097,55.9823956906475],[14.1409952557849,55.982392570770145],[14.140998743059843,55.982389769064994],[14.141003113802043,55.98238738647442],[14.14100821053835,55.98238550884053],[14.14101384963894,55.98238420381237],[14.141019827933267,55.98238351840863],[14.141025930030075,55.98238347732367],[14.141031936077656,55.982384082037704],[14.141428794153835,55.9824462724898]]]}},{"type":"Feature","properties":{"color":"#6099C5","district":"Östersjön"},"geometry":{"type":"Polygon","coordinates":[[[14.142020406150591,55.98245358572319],[14.14201939256256,55.98245706749482],[14.142017183727859,55.98246037162264],[14.142013864612021,55.98246337100891],[14.14200956288913,55.98246595027814],[14.14200444403069,55.98246801021521],[14.141998704940544,55.98246947158177],[14.141992566380694,55.98247027816436],[14.141986264479357,55.9824703989366],[14.141867020452018,55.982466124934405],[14.141849703782759,55.982465506482285],[14.141843050668552,55.982464871746885],[14.141661635809495,55.98243633824946],[14.141655830200826,55.98243507437355],[14.141650569270402,55.98243320784254],[14.141646050543569,55.982430808736716],[14.141642443679018,55.9824279671322],[14.141639884098824,55.98242478971905],[14.141638467903956,55.98242139579547],[14.141638248266121,55.98241791278869],[14.14166826211908,55.9821464305717],[14.141669267688657,55.98214294581425],[14.141671470427047,55.98213963803679],[14.14167478549556,55.98213663463824],[14.14167908521422,55.982134051294395],[14.141684203979397,55.982131987502605],[14.141689944642014,55.982130522749706],[14.141696086100744,55.98212971345056],[14.141702391817677,55.98212959077527],[14.14190426852278,55.982136774672725],[14.142023582171225,55.98214105116908],[14.142029799075862,55.982141619975195],[14.142035698381168,55.98214285607445],[14.142041053597973,55.9821447120099],[14.142045659125955,55.98214711652751],[14.14204933814714,55.98214997731182],[14.14205194941439,55.98215318453007],[14.142053392674256,55.982156615049014],[14.14205361251601,55.9821601371623],[14.142020406150591,55.98245358572319]]]}},{"type":"Feature","properties":{"color":"#6099C5","district":"Östersjön"},"geometry":{"type":"Polygon","coordinates":[[[14.142201432914552,55.9828437184581],[14.14219800027509,55.98284642974879],[14.142193734785634,55.98284874156593],[14.142188781993765,55.9828505750253],[14.142183310899387,55.9828518675653],[14.14217750818807,55.98285257508168],[14.142171571860919,55.9828526734324],[14.142124657022267,55.98285102071143],[14.14211843466371,55.98285045507324],[14.142112529209747,55.98284922104786],[14.142107167700004,55.982847366078325],[14.142102556261678,55.98284496148036],[14.142098872184814,55.98284209970051],[14.142096257106255,55.982838890762046],[14.142094811564338,55.982835458034934],[14.142094591133649,55.98283193349284],[14.142127795330321,55.98253850194621],[14.142128808438848,55.98253502116746],[14.142131016121231,55.98253171789012],[14.142134333505027,55.98252871910545],[14.142138633056495,55.982526140098706],[14.142143749483546,55.98252408001721],[14.142149486090233,55.98252261805866],[14.14215562233852,55.982521810426576],[14.142161922326615,55.98252168816958],[14.14246900122046,55.98253261476598],[14.142475431297798,55.98253321401218],[14.142481513143911,55.9825345265521],[14.142486996734789,55.982536498427436],[14.142491656640527,55.982539048574566],[14.142495301292723,55.982542072157244],[14.142497780859832,55.9825454448763],[14.142498993406758,55.982549028079504],[14.142498889085434,55.98255267446169],[14.14249747218414,55.982556234120324],[14.142494800951253,55.98255956071802],[14.142201432914552,55.9828437184581]]]}},{"type":"Feature","properties":{"color":"#6099C5","district":"Östersjön"},"geometry":{"type":"Polygon","coordinates":[[[14.141475811158903,55.98282793728293],[14.141469593891843,55.98282736995678],[14.141463693707154,55.98282613529933],[14.141458337115484,55.9828242807096],[14.141453729758645,55.9828218773861],[14.141450048514894,55.9828190175935],[14.141447434708523,55.9828158111204],[14.141445988684362,55.98281238106466],[14.141445765955552,55.98280885910751],[14.141483004194507,55.982477352978954],[14.141484027152035,55.98247384517918],[14.141486263074087,55.98247051839734],[14.141489624654037,55.98246750253472],[14.14149398063163,55.98246491535203],[14.141499160918357,55.98246285787132],[14.141504963238924,55.982461410431206],[14.141511161029502,55.98246062955003],[14.141517512284372,55.98246054571896],[14.141523769005495,55.98246116221132],[14.1418320387178,55.9825095049997],[14.1418386559424,55.98251013502548],[14.142065676937943,55.98251825467778],[14.142071894568078,55.982518823088654],[14.142077794683356,55.98252005892869],[14.142083150724517,55.982521914742776],[14.142087757024193,55.98252431926927],[14.142091436704337,55.98252718017643],[14.1420940484682,55.98253038760793],[14.142095492026005,55.98253381840109],[14.142095711946038,55.98253734081641],[14.142062504694499,55.982830797207946],[14.142061491540067,55.982834278053964],[14.142059283756227,55.982837581388196],[14.142055966222186,55.98284058021213],[14.142051666482208,55.982843159234214],[14.142046549842128,55.98284521930247],[14.142040813014082,55.98284668121632],[14.142034676553786,55.98284748877165],[14.142028376381115,55.982847610921496],[14.141475811158903,55.98282793728293]]]}},{"type":"Feature","properties":{"color":"#6099C5","district":"Östersjön"},"geometry":{"type":"Polygon","coordinates":[[[14.141707440565622,55.98204875483262],[14.141700979335882,55.98204814983252],[14.141694871454124,55.982046824658795],[14.141689370525274,55.9820448343339],[14.141684704952919,55.98204226149796],[14.141681068455762,55.98203921297751],[14.141678612024236,55.98203581534993],[14.141677437651289,55.9820322096878],[14.141677594097573,55.982028545701425],[14.141745332231562,55.98172923715898],[14.14174675294927,55.98172576595152],[14.141749368207273,55.98172251936842],[14.141753075491978,55.98171962466975],[14.141757729484459,55.98171719532234],[14.141763147756686,55.981715326552134],[14.141769117922388,55.981714091611416],[14.141775405962184,55.98171353890757],[14.141781765396658,55.981713690105515],[14.141787946947883,55.98171453927862],[14.141822943353288,55.98172146369167],[14.141831597066775,55.981722454142556],[14.141977641487232,55.981727662070746],[14.14198385424736,55.981728229087445],[14.141989750426447,55.98172946251866],[14.141995103981545,55.98173131507811],[14.141999709672303,55.98173371574389],[14.142003390929297,55.98173657248119],[14.14200600662321,55.98173977577069],[14.142007456475355,55.98174320280721],[14.142007684902113,55.98174672220769],[14.141975238168076,55.98204026265371],[14.141974232402115,55.98204374796852],[14.141972029091491,55.98204705623165],[14.141968713123745,55.98205005998438],[14.14196441225429,55.982052643499905],[14.141959292184339,55.98205470724203],[14.141953550176897,55.982056171700066],[14.141947407456696,55.982056980452214],[14.14194110068697,55.982057102339354],[14.141707440565622,55.98204875483262]]]}},{"type":"Feature","properties":{"color":"#6099C5","district":"Östersjön"},"geometry":{"type":"Polygon","coordinates":[[[14.14203737722299,55.98206052450021],[14.142031161855478,55.982059958998164],[14.142025262737363,55.98205872655844],[14.142019906174651,55.98205687446076],[14.142015297659382,55.98205447375653],[14.142011613986398,55.98205161654322],[14.142008996471018,55.98204841243117],[14.142007545527832,55.982044984338636],[14.142007316818553,55.98204146377633],[14.142039761983048,55.9817479353278],[14.142040767658807,55.981744450174666],[14.142042970759409,55.98174114204949],[14.14204628641293,55.98173813839353],[14.142050586887848,55.98173555491877],[14.142055706513766,55.981733491150266],[14.142061448063656,55.98173202659196],[14.142067590351763,55.981731217664056],[14.142073896754482,55.981731095529454],[14.142294341886647,55.98173896111186],[14.142300554540691,55.98173952824335],[14.142306450580747,55.981740761767846],[14.142311803974465,55.98174261439657],[14.142316409492471,55.981745015106604],[14.142320090576083,55.98174787186363],[14.142322706105926,55.981751075150086],[14.142324155811941,55.98175450216378],[14.14232438411741,55.981758021525586],[14.142291937071008,55.982051480300555],[14.14229093187098,55.98205496417282],[14.142288730105644,55.98205827118463],[14.14228541653216,55.98206127403177],[14.142281118707068,55.982063857118995],[14.142276002076013,55.9820659210097],[14.142270263604864,55.982067386253924],[14.142264124197467,55.9820681964467],[14.142257820191876,55.98206832039945],[14.14203737722299,55.98206052450021]]]}},{"type":"Feature","properties":{"color":"#6099C5","district":"Östersjön"},"geometry":{"type":"Polygon","coordinates":[[[14.142354052742098,55.982071743141105],[14.142347840844348,55.9820711755328],[14.142341945668896,55.98206994169656],[14.142336593167933,55.98206808892325],[14.142331988493758,55.98206568822657],[14.142328308135635,55.98206283162117],[14.142325693155254,55.98205962859595],[14.1423242437801,55.98205620191738],[14.142324015561936,55.98205268292423],[14.142356462903164,55.981759219281905],[14.142357468073913,55.98175573544232],[14.142359669777871,55.98175242845783],[14.142362983261384,55.98174942562891],[14.142367280973543,55.98174684254781],[14.142372397476215,55.98174477864871],[14.142378135812498,55.98174331338021],[14.142384275088455,55.98174250314698],[14.142390578976269,55.98174237913845],[14.142611052882375,55.98175017367041],[14.142617273926632,55.98175073993672],[14.142623177943742,55.981751974356115],[14.142628538017686,55.981753829484745],[14.142633148138367,55.98175623402225],[14.142636831119434,55.981759095552206],[14.142639445408289,55.981762304094076],[14.142640890526572,55.98176573633011],[14.142641110931994,55.98176926034503],[14.142607905080853,55.982062788853696],[14.142606891727043,55.98206627039308],[14.142604683297629,55.98206957433479],[14.142601364730544,55.982072573606224],[14.142597063660714,55.982075152852616],[14.142591945511139,55.98207721287372],[14.14258620713056,55.98207867443919],[14.142580069222477,55.98207948133583],[14.14257376785666,55.98207960252962],[14.142354052742098,55.982071743141105]]]}},{"type":"Feature","properties":{"color":"#E58E27","district":"Sahara"},"geometry":{"type":"Polygon","coordinates":[[[14.14278194078722,55.982087031292146],[14.14277572063113,55.98208646446945],[14.142769817628409,55.982085229686085],[14.142764458601143,55.982083374388495],[14.142759849469158,55.9820809698662],[14.142756167337561,55.9820781085127],[14.142753553691508,55.98207490027503],[14.142752108959668,55.982071468429254],[14.142751888655306,55.982067944843465],[14.142785096735029,55.98177439448216],[14.142786109599149,55.981770913944935],[14.142788316848296,55.981767610862185],[14.14279163363912,55.98176461219901],[14.142795932479384,55.9817620332191],[14.14280104812857,55.9817599730542],[14.142806783949476,55.98175851089362],[14.142812919466609,55.98175770294043],[14.142819218840877,55.981757580250964],[14.143376524115515,55.98177736884827],[14.143382738847883,55.98177793516335],[14.14338863708588,55.98177916829964],[14.143393992582823,55.98178102095614],[14.143398599910599,55.98178342206795],[14.143402282339537,55.98178627953239],[14.143404898617476,55.9817894837418],[14.143406348387979,55.98179291178792],[14.143406576039883,55.98179643217647],[14.143374044135664,55.9820899787022],[14.143373038025276,55.982093462539076],[14.143370835363005,55.98209676941363],[14.143367520942755,55.98209977202368],[14.143363222357001,55.98210235478002],[14.143358105084996,55.982104418256185],[14.14335236612244,55.98210588301613],[14.143346226397874,55.982106692672026],[14.143339922267744,55.982106816055165],[14.14278194078722,55.982087031292146]]]}},{"type":"Feature","properties":{"color":"#E58E27","district":"Sahara"},"geometry":{"type":"Polygon","coordinates":[[[14.143436176386482,55.98211023109438],[14.143429961589826,55.98210966478799],[14.143424063288679,55.98210843165758],[14.143418707733238,55.9821065790042],[14.143414100354695,55.98210417789299],[14.143410417885176,55.98210132042701],[14.143407801578562,55.98209811621446],[14.143406351792219,55.982094688164175],[14.14340612413747,55.98209116777103],[14.143438655175734,55.98179762686256],[14.143439661567868,55.98179414240013],[14.143441864927322,55.98179083498791],[14.143445180401919,55.981787831995135],[14.143449480311752,55.981785249067684],[14.143454599066189,55.981783185674686],[14.14346033954082,55.98178172127783],[14.14346648066874,55.98178091227132],[14.143472785953877,55.981780789810166],[14.144030768151518,55.98180066174791],[14.144036987015378,55.981801229363285],[14.144042888545581,55.9818024646841],[14.144048246049227,55.981804320258476],[14.144052853730791,55.98180672480908],[14.144056534597242,55.981809585970936],[14.144059147256804,55.98181279383947],[14.144060591350204,55.98181622519212],[14.14406081140575,55.981819748221795],[14.144027604426821,55.982113202204154],[14.14402659147561,55.982116682645724],[14.144024384191825,55.98211998563209],[14.144021067415439,55.982122984208054],[14.144016768631522,55.98212556311881],[14.144011653070189,55.982127623239975],[14.14400591735573,55.98212908538769],[14.143999781949056,55.98212989336205],[14.143993482673915,55.98213001610734],[14.143436176386482,55.98211023109438]]]}},{"type":"Feature","properties":{"color":"#E58E27","district":"Sahara"},"geometry":{"type":"Polygon","coordinates":[[[14.144089738957257,55.982133433347705],[14.144083519108074,55.98213286628662],[14.14407761647303,55.98213163132878],[14.144072257842687,55.98212977592355],[14.14406764910582,55.98212737135925],[14.144063967338766,55.98212451002379],[14.144061354001819,55.98212130185515],[14.144059909504065,55.98211787011726],[14.144059689345523,55.98211434666396],[14.144092895418567,55.98182089853563],[14.14409390838461,55.9818174180334],[14.144096115714582,55.98181411499419],[14.144099432563253,55.9818111163796],[14.144103731438001,55.9818085374498],[14.144108847099371,55.98180647733321],[14.144114582912534,55.98180501521608],[14.144120718405478,55.98180420729899],[14.144127017743449,55.98180408463653],[14.144402469585646,55.98181386662281],[14.144408688702562,55.98181443362764],[14.144414590688788,55.98181566838442],[14.144419948828729,55.981817523461906],[14.144424557297706,55.98181992760018],[14.144428239068398,55.98182278844803],[14.144430852711066,55.9818259961104],[14.144432297826368,55.981829427369895],[14.144432518902097,55.981832950419886],[14.14439939703925,55.982126398906956],[14.144398384915108,55.9821298797996],[14.144396178162415,55.982133183293136],[14.144392861618575,55.98213618238613],[14.144388562786537,55.98213876177964],[14.14438344693302,55.982140822309916],[14.144377710734911,55.98214228476066],[14.144371574718093,55.98214309290854],[14.144365274779382,55.98214321568459],[14.144089738957257,55.982133433347705]]]}},{"type":"Feature","properties":{"color":"#E58E27","district":"Sahara"},"geometry":{"type":"Polygon","coordinates":[[[14.143960860370388,55.98291633762325],[14.143954647366904,55.98291577064379],[14.143948750945725,55.98291453723852],[14.143943397162534,55.98291268469351],[14.143938791269399,55.98291028403123],[14.143935109845854,55.982907427287685],[14.143932494029237,55.982904223984086],[14.143931044103812,55.98290079692789],[14.143930815656143,55.98289727750471],[14.14396326276611,55.98260373145561],[14.143964268308647,55.98260024661289],[14.143966471091332,55.9825969387531],[14.143969786269883,55.98259393528417],[14.143974086154255,55.982591351889894],[14.143979205126856,55.982589288074095],[14.14398494602161,55.982587823328195],[14.143991087718135,55.98258701406933],[14.143997393658546,55.98258689146752],[14.144451674831693,55.982603062755],[14.144457893258922,55.982603630187796],[14.144463794462581,55.98260486520475],[14.14446915180626,55.98260672037491],[14.144473759540473,55.982609124450256],[14.144477440704486,55.98261198510199],[14.144480053922504,55.982615192466405],[14.144481498833256,55.98261862336427],[14.144481719944423,55.9826221460314],[14.144448596671792,55.982915691506264],[14.144447584358975,55.98291917301825],[14.14444537697374,55.98292247705769],[14.144442059407961,55.982925476557],[14.144437759249188,55.98292805616069],[14.144432641873879,55.98293011666161],[14.144426904087322,55.98293157881656],[14.144420766554834,55.982932386393514],[14.14441446531533,55.982932508334486],[14.143960860370388,55.98291633762325]]]}},{"type":"Feature","properties":{"color":"#6099C5","district":"Östersjön"},"geometry":{"type":"Polygon","coordinates":[[[14.142234849038543,55.98169182841834],[14.142228627996788,55.98169126188218],[14.14222272408242,55.981690027188066],[14.142217364214083,55.98168817179182],[14.142212754399782,55.981685767006134],[14.142209071818884,55.98168290525962],[14.142206458012184,55.981679696544326],[14.142205013441766,55.981676264188046],[14.14220479362975,55.9816727401143],[14.1422176913479,55.98155890036414],[14.14221870484138,55.98155541980446],[14.142220912735008,55.98155211677449],[14.142224230156842,55.98154911824295],[14.142228529584655,55.981546539473726],[14.142233645747918,55.98154447959487],[14.142239381980826,55.981543017788304],[14.14224551778214,55.981542210245955],[14.142251817291237,55.98154208800981],[14.142663588734319,55.98155673981385],[14.142669552169778,55.98155726987386],[14.1426752332647,55.9815584144286],[14.142680431618166,55.98156013310383],[14.14268496385792,55.98156236527322],[14.14268867010883,55.98156503219687],[14.142691419632483,55.981568039798844],[14.142693115439005,55.98157128198581],[14.142693697708426,55.981574644389376],[14.142693145900845,55.98157800840044],[14.14265527109366,55.981690886029234],[14.142653378495464,55.981694446980605],[14.142650218625173,55.981697714445566],[14.142645926287726,55.981700549028716],[14.14264068460108,55.98170282980206],[14.14263471718411,55.98170445946406],[14.14262827861666,55.98170536849061],[14.142621643578714,55.98170551810113],[14.142234849038543,55.98169182841834]]]}},{"type":"Feature","properties":{"color":"#6099C5","district":"Östersjön"},"geometry":{"type":"Polygon","coordinates":[[[14.142237295256045,55.98138569698897],[14.142238308174967,55.98138221661611],[14.142240515356779,55.98137891369084],[14.14224383196824,55.981375915160996],[14.142248130535311,55.98137333627489],[14.142253245842632,55.9813712761519],[14.142258981283575,55.981369813972705],[14.142265116416805,55.98136900593605],[14.1422714154389,55.981368883098796],[14.142721277721652,55.981384844914686],[14.142727242154887,55.98138537449678],[14.142732924334426,55.98138651877635],[14.142738123762822,55.98138823737713],[14.14274265697658,55.98139046965778],[14.14274636401972,55.98139313685159],[14.142749114087865,55.98139614484579],[14.142750810143736,55.981399387502286],[14.142751392341172,55.98140275040292],[14.142750840136841,55.98140611488656],[14.142711076270313,55.9815245793435],[14.142709182780179,55.98152814086597],[14.142706021607287,55.981531408718105],[14.142701727662315,55.98153424343612],[14.142696484199941,55.98153652404126],[14.142690514998021,55.98153815320297],[14.142684074807276,55.98153906139267],[14.142677438479156,55.98153920985099],[14.142253833393443,55.981524136998296],[14.142247614320377,55.981523569524875],[14.142241712549207,55.98152233429338],[14.142236354797673,55.98152047875555],[14.14223174688481,55.981518074192216],[14.142228065824357,55.98151521297516],[14.142225453024736,55.9815120050186],[14.142224008856848,55.98150857355675],[14.14222378879834,55.98150505040985],[14.142237295256045,55.98138569698897]]]}},{"type":"Feature","properties":{"color":"#BA2F4B","district":"Stora Barriärrevet"},"geometry":{"type":"Polygon","coordinates":[[[14.129114710312695,55.97967333562188],[14.12910829162483,55.97967430584121],[14.129101653486886,55.97967451657039],[14.129095079838784,55.97967395879565],[14.129088851861923,55.979672656375314],[14.12908323595191,55.97967066501912],[14.129078472323684,55.97966806990537],[14.129074764736552,55.97966498203751],[14.129072271778599,55.97966153349603],[14.128917790302793,55.97936180238072],[14.128916646504766,55.979358337554565],[14.12891673195456,55.979354814450176],[14.128918043372755,55.97935136826473],[14.128920530434101,55.97934813124365],[14.128924097698762,55.97934522760576],[14.128928608274807,55.97934276877649],[14.128933889071378,55.97934084911194],[14.128939737440959,55.97933954227811],[14.129539601487242,55.97924235130763],[14.129545801921179,55.97924170699434],[14.129552107870659,55.97924175233684],[14.129558276661589,55.97924248559019],[14.129564070898182,55.97924387853637],[14.129569267598695,55.979245877570115],[14.129573666776505,55.979248405761865],[14.12957709913625,55.97925136581832],[14.1295794325889,55.97925464382647],[14.129796825922918,55.97967638919156],[14.129797977614992,55.97967990550315],[14.12979786359932,55.979683479796584],[14.129796488379519,55.979686970876614],[14.129793906280554,55.979690240835104],[14.1297902193028,55.979693160498904],[14.129785573092752,55.9796956145325],[14.129780151189577,55.97969750599412],[14.129774167774762,55.97969876016535],[14.129767859211292,55.97969932750257],[14.129761474706552,55.97969918559429],[14.129755266467859,55.979698340046305],[14.12936687384682,55.97962188015901],[14.129362770559103,55.979621293690684],[14.129359967712901,55.97962117797098],[14.129357172080114,55.97962133931672],[14.129353101064458,55.979621992403295],[14.129114710312695,55.97967333562188]]]}},{"type":"Feature","properties":{"color":"#BA2F4B","district":"Stora Barriärrevet"},"geometry":{"type":"Polygon","coordinates":[[[14.128930902200013,55.97932224837647],[14.128924701456997,55.979322892672606],[14.12891839521055,55.97932284724878],[14.128912226168831,55.97932211385326],[14.1289064317594,55.979320720712124],[14.128901234991298,55.97931872144318],[14.128896835872101,55.97931619299215],[14.128893403710235,55.97931323267134],[14.128891070598804,55.97930995441439],[14.1287762872711,55.97908720192382],[14.128775143818277,55.97908373717618],[14.128775229531525,55.97908021418526],[14.128776541121525,55.979076768135315],[14.128779028259611,55.979073531258244],[14.128782595509044,55.97907062775948],[14.128787105987135,55.979068169052034],[14.128792386617738,55.979066249481406],[14.128798234772516,55.97906494270532],[14.129398097982783,55.97896775187031],[14.12940429869842,55.9789671075481],[14.129410604924875,55.97896715295306],[14.129416773952526,55.9789678863377],[14.129422568352137,55.97896927947603],[14.129427765112847,55.978971278749896],[14.129432164225216,55.978973807212626],[14.129435596379052,55.97897676755046],[14.129437929479705,55.97898004582798],[14.129552712646307,55.97920279835038],[14.129553856111967,55.97920626307638],[14.12955377042238,55.97920978604713],[14.129552458865257,55.97921323208071],[14.129549971766817,55.97921646894733],[14.129546404560717,55.97921937244325],[14.129541894126165,55.97922183115666],[14.129536613535656,55.97922375074273],[14.129530765413913,55.9792250575439],[14.128930902200013,55.97932224837647]]]}},{"type":"Feature","properties":{"color":"#E58E27","district":"Sahara"},"geometry":{"type":"Polygon","coordinates":[[[14.14579093387603,55.98297582005728],[14.145784706521775,55.982975280068224],[14.145778787068787,55.98297407089113],[14.145773402930738,55.98297223898019],[14.145768760955486,55.98296985471378],[14.145765039478363,55.982967009690746],[14.1457623814709,55.98296381321114],[14.14576088904816,55.98296038807738],[14.145760619545714,55.982956865876176],[14.1457891612678,55.982668837440464],[14.145790132734009,55.98266533675905],[14.145792311834821,55.98266201050363],[14.145795614034878,55.98265898771149],[14.145799911229881,55.982656385647424],[14.145805036716258,55.98265430525472],[14.145810791658187,55.98265282723917],[14.145816952801127,55.98265200893817],[14.145823281132632,55.98265188209654],[14.146048851873456,55.98265982087912],[14.146054887496472,55.98266035892649],[14.146060632063307,55.982661526231034],[14.146065877980027,55.982663280609394],[14.146070435672561,55.98266555866276],[14.146074140437426,55.98266827806818],[14.146076858393672,55.98267134055323],[14.146078491321026,55.9826746354475],[14.146078980209351,55.982678043681865],[14.146078307391155,55.98268144209135],[14.14597222926929,55.982966142257276],[14.145970260461706,55.98296961658096],[14.145967080094312,55.98297279753004],[14.145962818759825,55.98297555448766],[14.145957651437994,55.98297777424693],[14.145951790310557,55.982979365659546],[14.145945476048572,55.9829802633785],[14.145938967929895,55.98298043054143],[14.14579093387603,55.98297582005728]]]}},{"type":"Feature","properties":{"color":"#E58E27","district":"Sahara"},"geometry":{"type":"Polygon","coordinates":[[[14.145872744604416,55.982608523674685],[14.145866523520446,55.982607957764614],[14.14586061933146,55.982606723725326],[14.145855258946238,55.982604868983195],[14.145850648374113,55.98260246481935],[14.145846964807632,55.98259960363022],[14.145844349812734,55.982596395376525],[14.145842903888125,55.98259296335719],[14.145842682602977,55.98258943947096],[14.145875803338908,55.982295998811104],[14.14587681536983,55.98229251810073],[14.145879021909844,55.98228921476223],[14.145882338138295,55.982286215777386],[14.145886636577703,55.982283636428484],[14.145891751994077,55.98228157586672],[14.145897487748586,55.982280113301016],[14.145903623356434,55.98227930495294],[14.145909922962355,55.98227918189573],[14.146187073117742,55.98228900734288],[14.146193106612449,55.98228954669857],[14.14619884875799,55.98229071490038],[14.146204092161724,55.98229246975561],[14.146208647444315,55.982294747883145],[14.146212350079633,55.98229746700234],[14.146215066337072,55.98230052890507],[14.14621669811158,55.98230382300267],[14.146217186467014,55.98230723032005],[14.146216513764823,55.982310627792906],[14.146108192385011,55.98260137146391],[14.146106210145119,55.982604863274275],[14.146103004284308,55.982608057937036],[14.146098707814067,55.98261082290501],[14.14609349899559,55.98261304345915],[14.146087593943696,55.982614627468195],[14.14608123766017,55.98261550921129],[14.146074693868574,55.98261565210469],[14.145872744604416,55.982608523674685]]]}},{"type":"Feature","properties":{"color":"#E58E27","district":"Sahara"},"geometry":{"type":"Polygon","coordinates":[[[14.142076462475385,55.98090525415612],[14.142070517939453,55.980904727065514],[14.142064853182337,55.980903589314465],[14.142059666747206,55.98090188077982],[14.142055140412541,55.98089966134374],[14.142051432820983,55.980897008794905],[14.142048673919104,55.98089401610203],[14.14204696040294,55.98089078815549],[14.142046352328936,55.98088743809096],[14.142046871009073,55.980884083324234],[14.14204849826395,55.98088084143586],[14.142193574236105,55.98067002520326],[14.142196661917591,55.98066665040365],[14.142200945392148,55.98066371266866],[14.14220623434692,55.98066134252032],[14.142212293796206,55.9806596452632],[14.142218854521746,55.98065869630545],[14.14222562503393,55.980658537808814],[14.142492079248912,55.98066805676435],[14.142498296744172,55.980668624918906],[14.142504196820003,55.98066986053427],[14.142509552912433,55.980671716162554],[14.142514159346469,55.98067412054735],[14.142517839234047,55.9806769813598],[14.142520451266565,55.980680188744195],[14.142521895141172,55.98068361953631],[14.142522115412467,55.98068714199302],[14.142497802395573,55.980902199435775],[14.14249678970836,55.980905680166344],[14.142494582533502,55.98090898344333],[14.142491265719508,55.98091198228121],[14.142486966772015,55.9809145613979],[14.142481850952196,55.980916621646244],[14.142476114923769,55.98091808382557],[14.142469979192771,55.98091889172637],[14.142463679630788,55.980919014291054],[14.142076462475385,55.98090525415612]]]}},{"type":"Feature","properties":{"color":"#E58E27","district":"Sahara"},"geometry":{"type":"Polygon","coordinates":[[[14.143264851342138,55.98061452225788],[14.143258629697824,55.98061395645121],[14.143252724970944,55.980612722330406],[14.14324736415145,55.98061086733764],[14.143242753320285,55.980608462782705],[14.143239069727194,55.98060560110166],[14.14323645497688,55.98060239230344],[14.143235009585434,55.980598959740796],[14.143234789116349,55.980595435368514],[14.143267995011437,55.98030190431887],[14.14326900806604,55.98029842333195],[14.143271215765827,55.98029511986522],[14.14327453322777,55.98029212093193],[14.143278832900238,55.98028954183658],[14.143283949467195,55.98028748174145],[14.14328968620435,55.98028601985403],[14.143295822542898,55.98028521238164],[14.143302122550043,55.98028509037039],[14.14409567181022,55.98031336134305],[14.144101890256394,55.980313928994725],[14.14410779138333,55.980315164314526],[14.144113148525552,55.980317019853146],[14.144117755912237,55.980319424338376],[14.144121436571002,55.98032228541261],[14.144124049125482,55.98032549318039],[14.14412549322572,55.980328924429585],[14.144125713402682,55.98033244736391],[14.14410989959147,55.980472255321665],[14.144108854664484,55.980475803028746],[14.144106569346848,55.98047916356911],[14.144103134963135,55.980482202650286],[14.144098688756499,55.98048479882576],[14.144093408404242,55.98048684834827],[14.144087504917557,55.9804882693156],[14.144081214209178,55.98048900494363],[14.144074787665893,55.980489025835475],[14.143636398562418,55.980465825344616],[14.143631950062995,55.98046582135982],[14.143629049090418,55.98046612312165],[14.143626297289138,55.98046671894254],[14.143623789004835,55.98046758839473],[14.143621610234227,55.98046870166897],[14.143619835676747,55.980470020596535],[14.143617861447684,55.980472250906125],[14.143522504658248,55.98061098360994],[14.143519420628174,55.9806143580182],[14.143515141246207,55.980617295969],[14.143509856515076,55.98061966701843],[14.143503801074772,55.98062136589274],[14.143497243784617,55.98062231716253],[14.143490475785974,55.98062247859172],[14.143264851342138,55.98061452225788]]]}},{"type":"Feature","properties":{"color":"#E58E27","district":"Sahara"},"geometry":{"type":"Polygon","coordinates":[[[14.142936951053413,55.981409054046466],[14.142938375819643,55.98140581319744],[14.142940846294147,55.981402775406536],[14.142944277418326,55.98140004526482],[14.142948551058524,55.981397716770964],[14.14295352007336,55.9813958700949],[14.142959013379823,55.98139456881759],[14.142964841843625,55.98139385774197],[14.142970804791085,55.981393761350304],[14.143134981767654,55.98139964996179],[14.14314119857321,55.98140021892662],[14.143147097725281,55.9814014551905],[14.143152452735867,55.981403311289185],[14.143157058008278,55.98140571596089],[14.143160736730666,55.98140857688232],[14.14316334766442,55.98141178421315],[14.143164790566813,55.981415214813225],[14.143165010039676,55.9814187369704],[14.14313250818367,55.98170569531151],[14.143131494629946,55.981709176241424],[14.143129286420521,55.98171247960274],[14.14312596845681,55.98171547838718],[14.143121668308375,55.981718057296796],[14.14311655130813,55.98172011717705],[14.1431108141956,55.98172157882923],[14.143104677552614,55.98172238605533],[14.143098377322305,55.98172250781898],[14.14289050309524,55.98171509337218],[14.142883954966107,55.9817144753376],[14.142877773484937,55.98171311784277],[14.142872222382488,55.981711078804764],[14.142867538494526,55.98170844521844],[14.142863921657296,55.98170532944483],[14.142861526181585,55.98170186441732],[14.142860454269144,55.98169819796999],[14.142860751652325,55.98169448653042],[14.142936951053413,55.981409054046466]]]}},{"type":"Feature","properties":{"color":"#E58E27","district":"Sahara"},"geometry":{"type":"Polygon","coordinates":[[[14.144315100192898,55.981459600037894],[14.14431611258413,55.98145611929357],[14.144318319485485,55.98145281596818],[14.144321636059155,55.981449817047896],[14.144325934809485,55.98144723781691],[14.144331050484176,55.98144517742577],[14.144336786426898,55.98144371507983],[14.144342922137138,55.98144290699436],[14.144349221746625,55.981442784233764],[14.144605066650584,55.98145186705482],[14.1446112860255,55.98145243403243],[14.144617188255118,55.98145366882843],[14.144622546592597,55.98145552400547],[14.144627155185793,55.98145792829295],[14.144630836985515,55.98146078932498],[14.144633450547246,55.981463997188854],[14.14463489546506,55.981467428647456],[14.144635116228974,55.98147095187386],[14.14460269971777,55.981757900093456],[14.144601687318099,55.98176138082625],[14.144599480406107,55.98176468414094],[14.144596163818958,55.98176768305258],[14.144591865051714,55.981770262277806],[14.14458674935621,55.98177232266674],[14.14458101338852,55.98177378501453],[14.144574877649134,55.98177459310592],[14.144568578006522,55.981774715876526],[14.14431273357735,55.9817656330723],[14.144306514176147,55.981765066082595],[14.144300611925825,55.98176383127888],[14.144295253573068,55.981761976098596],[14.144290644969574,55.98175957181219],[14.144286963163834,55.98175671078511],[14.144284349599477,55.98175350292937],[14.14428290468145,55.98175007148102],[14.144282683918789,55.98174654826592],[14.144315100192898,55.981459600037894]]]}},{"type":"Feature","properties":{"color":"#E58E27","district":"Sahara"},"geometry":{"type":"Polygon","coordinates":[[[14.144318395629476,55.98104799383836],[14.144319408402833,55.98104451371664],[14.144321615257894,55.9810412110048],[14.1443249313865,55.981038212623766],[14.144329229351973,55.98103563379913],[14.144334343986449,55.981033573633255],[14.144340078738173,55.981032111296784],[14.144346213224816,55.98103130298625],[14.144352511702603,55.98103117976443],[14.1448407565741,55.98104847090019],[14.144846977060736,55.98104903748577],[14.144852880447143,55.981050272133906],[14.144858239866542,55.98105212739718],[14.144862849356693,55.98105453197791],[14.144866531775001,55.98105739346823],[14.1448691456061,55.9810606019012],[14.144870590400284,55.98106403397685],[14.14487081063385,55.98106755780066],[14.144837604265954,55.981361006383196],[14.144836591487241,55.98136448648611],[14.144834384629117,55.981367789181014],[14.14483106849845,55.98137078754896],[14.144826770530338,55.98137336636589],[14.144821655890935,55.981375426530604],[14.144815921130295,55.98137688887315],[14.144809786629164,55.98137769719727],[14.144803488129956,55.981377820439924],[14.144315243534475,55.98136052931397],[14.144309023038225,55.98135996270649],[14.144303119649958,55.981358728044185],[14.144297760234602,55.98135687277465],[14.144293150752336,55.981354468195164],[14.144289468343604,55.98135160671282],[14.144286854521686,55.98134839829319],[14.14428540973442,55.98134496623458],[14.144285189504062,55.98134144242953],[14.144318395629476,55.98104799383836]]]}},{"type":"Feature","properties":{"color":"#E58E27","district":"Sahara"},"geometry":{"type":"Polygon","coordinates":[[[14.144944639182132,55.982163833209185],[14.144938419301955,55.98216326616373],[14.144932516632693,55.98216203121614],[14.144927157967752,55.98216017581578],[14.144922549198629,55.98215777125119],[14.144918867404096,55.98215490991096],[14.144916254046453,55.982151701734],[14.144914809536266,55.982148269985366],[14.1449145893744,55.98214474652023],[14.144947795499245,55.98185129793407],[14.144948808442747,55.98184781748033],[14.144951015718187,55.98184451448266],[14.14495433248483,55.981841515897514],[14.144958631256818,55.98183893698064],[14.144963746803331,55.98183687685714],[14.144969482499521,55.98183541471131],[14.144975617884118,55.98183460674326],[14.144981917133215,55.98183448400857],[14.145482860919328,55.981852267009685],[14.145489080790885,55.981852834032715],[14.145494983459393,55.981854068965795],[14.1455003421295,55.98185592435973],[14.145504950907558,55.98185832892558],[14.145508632712566,55.98186119027394],[14.145511246080064,55.98186439846455],[14.145512690597574,55.981867830230605],[14.14551291076275,55.981871353714894],[14.145479704395427,55.982164802292424],[14.145478691446746,55.98216828272695],[14.145476484168672,55.98217158570736],[14.145473167400612,55.98217458427918],[14.14546886862679,55.982177163188226],[14.145463753076246,55.982179223310645],[14.145458017372047,55.9821806854628],[14.145451881973795,55.98218149344484],[14.145445582703944,55.98218161620092],[14.144944639182132,55.982163833209185]]]}},{"type":"Feature","properties":{"color":"#E58E27","district":"Sahara"},"geometry":{"type":"Polygon","coordinates":[[[14.14477432955814,55.98100113707714],[14.144768110839772,55.98100056961821],[14.144762209390038,55.98099933445847],[14.144756851894815,55.980997479042756],[14.144752244145574,55.98099507464113],[14.144748563134527,55.98099221361121],[14.144745950256029,55.980989005850525],[14.14474450587537,55.980985574575186],[14.144744285473589,55.9809820515869],[14.144768597288445,55.98076700319881],[14.144769610067156,55.980763522254676],[14.14477181747356,55.98076021879374],[14.144775134639188,55.980757219824184],[14.144779434028731,55.98075464064736],[14.144784550343413,55.980752580424905],[14.144790286876244,55.980751118366136],[14.144796423074798,55.98075031068281],[14.144802723020774,55.98075018842791],[14.145127970538617,55.98076176307263],[14.145134189247457,55.980762330516974],[14.145140090693145,55.980763565667466],[14.145145448188712,55.980765421079376],[14.145150055941384,55.98076782548246],[14.145153736957498,55.98077068651849],[14.145156349841203,55.98077389428904],[14.145157794225804,55.98077732557677],[14.145158014629084,55.980780848578604],[14.145133702636562,55.98099589696038],[14.145132689853012,55.98099937789083],[14.14513048244315,55.9810026813394],[14.14512716527442,55.981005680299226],[14.145122865880973,55.98100825946998],[14.145117749560415,55.9810103196909],[14.145112013018654,55.98101178175314],[14.1451058768072,55.981012589445115],[14.145099576843625,55.981012711713674],[14.14477432955814,55.98100113707714]]]}},{"type":"Feature","properties":{"color":"#E58E27","district":"Sahara"},"geometry":{"type":"Polygon","coordinates":[[[14.144712738811535,55.981779835296635],[14.144706519142577,55.9817792679936],[14.144700616763263,55.98177803281725],[14.14469525845057,55.98177617722467],[14.144690650077665,55.98177377251011],[14.144686968703967,55.981770911065745],[14.144684355772313,55.98176770283196],[14.144682911674558,55.98176427107309],[14.144682691894431,55.98176074764163],[14.144715192400218,55.981473799119975],[14.144716205728221,55.981470318638266],[14.144718413399472,55.981467015660584],[14.144721730554991,55.98146401714714],[14.144726029689414,55.98146143835503],[14.144731145552077,55.981459378408104],[14.144736881498947,55.98145791648676],[14.144743017051235,55.98145710878442],[14.14474931637015,55.98145698634761],[14.145297269467722,55.98147646496592],[14.145303488449557,55.98147703217867],[14.145309390233908,55.98147826712849],[14.145314748114371,55.98148012237704],[14.145319356277541,55.98148252665829],[14.145323037708968,55.981485387616075],[14.145325650992836,55.98148859535184],[14.145327095744229,55.981492026646144],[14.145327316465265,55.98149554969188],[14.145294899924341,55.98178249817465],[14.145293887450798,55.98178597906229],[14.145291680358975,55.98178928250991],[14.14528836350063,55.98179228151586],[14.14528406439277,55.9817948607828],[14.145278948315273,55.98179692115029],[14.145273211956678,55.98179838340709],[14.145267075852441,55.98179919133643],[14.145260775906388,55.981799313877275],[14.144712738811535,55.981779835296635]]]}},{"type":"Feature","properties":{"color":"#E58E27","district":"Sahara"},"geometry":{"type":"Polygon","coordinates":[[[14.145357027560898,55.98180273751964],[14.14535080899904,55.981802170029304],[14.145344907699052,55.98180093489803],[14.145339550321435,55.9817990795655],[14.145334942635335,55.98179667529235],[14.145331261615228,55.98179381442329],[14.14532864864357,55.98179060684017],[14.14532720408055,55.98178717574164],[14.14532698340941,55.981783652911155],[14.145359400603178,55.981496696542294],[14.145360412861182,55.981493216079954],[14.145362619438904,55.981489912996466],[14.14536593552495,55.98148691424777],[14.1453702336634,55.981484335092475],[14.145375348652687,55.98148227466192],[14.145381083895213,55.98148081214987],[14.145387218953688,55.98148000376882],[14.145393518023733,55.981479880589326],[14.145906954925882,55.981498070251604],[14.145913175525191,55.981498636925174],[14.145919078984637,55.98149987167072],[14.14592443842995,55.98150172703612],[14.145929047893636,55.98150413171829],[14.145932730230465,55.981506993303555],[14.145935343925267,55.981510201819034],[14.14593678853151,55.981513633959096],[14.145937008531558,55.98151715782395],[14.145904506898601,55.9818041983961],[14.145903493571447,55.9818076790987],[14.145901285741234,55.98181098227901],[14.145897968282998,55.98181398095331],[14.145893668729155,55.98181655984394],[14.145888552366793,55.981818619810866],[14.145882815883581,55.98182008166302],[14.14587667980652,55.981820889202545],[14.145870380024212,55.981821011385286],[14.145357027560898,55.98180273751964]]]}},{"type":"Feature","properties":{"color":"#BA2F4B","district":"Stora Barriärrevet"},"geometry":{"type":"Polygon","coordinates":[[[14.126254364163785,55.97680003284777],[14.126247870015456,55.976799123854725],[14.126241853158486,55.97679748198221],[14.126236574527436,55.976795178433754],[14.126232263041922,55.97679231310797],[14.126229105678984,55.97678901026616],[14.126227239364434,55.97678541314344],[14.126205840362806,55.976718944386455],[14.126205332574955,55.976715588231286],[14.126205951982021,55.97671223794955],[14.126235903358722,55.97662820527079],[14.12623765377405,55.976624943124094],[14.126240471871995,55.976621924099774],[14.126244256597573,55.97661925645766],[14.126248872233392,55.97661703585722],[14.126344240919014,55.97657931363589],[14.126348844961177,55.976577796794906],[14.12635383442816,55.97657672759687],[14.126359071483767,55.97657613557888],[14.126504585164971,55.976566635902266],[14.126512808986504,55.97656669169856],[14.127423827684668,55.97663873116458],[14.127429949199962,55.97663956405089],[14.127435662835023,55.97664104897975],[14.127440749138454,55.976643128917445],[14.127445012753551,55.976645723977],[14.127448289921626,55.97664873448642],[14.12745045477173,55.976652044816866],[14.127451424155163,55.97665552782396],[14.127451160839144,55.97665904973093],[14.127397416505985,55.976872507157864],[14.127395928903473,55.976875935393586],[14.127393273961003,55.976879135216215],[14.12738955381524,55.97688198352703],[14.127384911581837,55.97688437075004],[14.127379525849722,55.97688620504759],[14.127373603810693,55.97688741585331],[14.127367373288621,55.976887956586864],[14.127361073974937,55.97688780644596],[14.126254364163785,55.97680003284777]]]}},{"type":"Feature","properties":{"color":"#BA2F4B","district":"Stora Barriärrevet"},"geometry":{"type":"Polygon","coordinates":[[[14.12633313114531,55.97689077247528],[14.126330337354304,55.97688773615655],[14.126328619616718,55.97688445910315],[14.126328039858159,55.976881059455614],[14.126328618979102,55.976877659774075],[14.126330336101464,55.97687438261981],[14.126333129321315,55.97687134613689],[14.1263368979406,55.97686865979297],[14.126341506097418,55.976866420432884],[14.126346787663959,55.97686470878732],[14.126352552235543,55.97686358656244],[14.126358591994853,55.976863094215304],[14.126364689203873,55.97686324949544],[14.127129453258725,55.976923794132176],[14.127135551640837,55.976924623089324],[14.127141245950162,55.97692609922722],[14.12714631915329,55.97692816628424],[14.127150577889623,55.97693074547639],[14.127153859841123,55.976933738500094],[14.127240735028614,55.97703371575434],[14.127243003704308,55.977037201462124],[14.127243946106764,55.97704087344307],[14.12724352214775,55.977044575498695],[14.127241749861225,55.977048150151134],[14.127238704636289,55.97705144534196],[14.127234516010336,55.977054320900415],[14.127229362158834,55.97705665450605],[14.126758506858078,55.97722814840833],[14.126752889679459,55.97722977848015],[14.12674681064074,55.97723076130837],[14.126740505288819,55.97723105881095],[14.12673421793968,55.97723065946049],[14.126728192211745,55.97722957873076],[14.126722661586248,55.977227858497194],[14.12671784036043,55.97722556541438],[14.126713915344046,55.97722278833331],[14.12633313114531,55.97689077247528]]]}},{"type":"Feature","properties":{"color":"#BA2F4B","district":"Stora Barriärrevet"},"geometry":{"type":"Polygon","coordinates":[[[14.127458162434136,55.97689433917471],[14.127451827550905,55.97689362028721],[14.127445877778616,55.976892206808515],[14.127440553685487,55.9768901558901],[14.127436070541439,55.976887550457114],[14.127432609614042,55.97688449585551],[14.1274303108393,55.976881115592484],[14.127429267163624,55.97687754634277],[14.127429520785759,55.97687393242234],[14.127483505886484,55.97665951801581],[14.127484887992066,55.976656261321125],[14.127487324636414,55.97665320431235],[14.12749073143142,55.976650452862316],[14.12749499038999,55.97664810226148],[14.127499954012288,55.97664623391775],[14.127505450394075,55.97664491253709],[14.127511289180227,55.97664418388263],[14.12751726815724,55.976644073189696],[14.127947352263117,55.97665855469672],[14.127953579243915,55.97665911105164],[14.127959492301814,55.97666033688582],[14.127964863895526,55.97666218502777],[14.127969487319842,55.97666458435884],[14.127973184659888,55.97666744255002],[14.12797581363749,55.97667064961473],[14.127977273086227,55.97667408214141],[14.127977506844465,55.97667760804232],[14.127952819393569,55.97690317168784],[14.12795178007571,55.976906736021675],[14.127949489095949,55.976910112331915],[14.127946038817056,55.976913164499315],[14.127941568340168,55.97691576947276],[14.127936257896813,55.97691782223014],[14.127930321582712,55.9769192400125],[14.127923998726281,55.97691996566053],[14.127917544239843,55.97691996991896],[14.127458162434136,55.97689433917471]]]}},{"type":"Feature","properties":{"color":"#BA2F4B","district":"Stora Barriärrevet"},"geometry":{"type":"Polygon","coordinates":[[[14.128014707001562,55.97692452236933],[14.128008513678656,55.97692394607059],[14.128002638684082,55.976922707185],[14.12799730612538,55.97692085297111],[14.127992719418257,55.97691845415975],[14.12798905352707,55.97691560225597],[14.12798644829065,55.97691240604851],[14.12798500308802,55.97690898745975],[14.12798477304752,55.97690547689514],[14.128009606040793,55.97667858174863],[14.12801060218573,55.976675108316],[14.128012787602419,55.97667180980994],[14.128016078690925,55.97666881240957],[14.12802034955568,55.97666623077563],[14.128025436821437,55.9766641636644],[14.128031145882936,55.97666269014989],[14.128037258349215,55.97666186659895],[14.128043540397774,55.97666172451526],[14.128358103372205,55.976671864332694],[14.128364481796396,55.97667243362032],[14.12837052805963,55.976673704897316],[14.128375998052828,55.97667562683773],[14.128380670932883,55.976678121846014],[14.128384358038865,55.976681089189846],[14.128386910508947,55.97668440906697],[14.128388225290504,55.97668794744211],[14.128388249300757,55.9766915614584],[14.12834863088992,55.97691956890168],[14.128347443819157,55.976922963491425],[14.128345117382818,55.97692616817031],[14.128341737619252,55.976929064419664],[14.128337429522091,55.976931545127464],[14.128332352417646,55.97693351854961],[14.128326694072523,55.976934911702955],[14.12832066374946,55.9769356730645],[14.128314484468111,55.97693577447674],[14.128014707001562,55.97692452236933]]]}},{"type":"Feature","properties":{"color":"#BA2F4B","district":"Stora Barriärrevet"},"geometry":{"type":"Polygon","coordinates":[[[14.130375332990127,55.97798313950584],[14.130375889695253,55.97797942507508],[14.130377802831706,55.97797585461089],[14.130380990234519,55.9779725814561],[14.13038531501215,55.977969746184826],[14.130390591425677,55.97796747056507],[14.130396592865845,55.97796585232915],[14.130403061585396,55.977964960976344],[14.13040971976863,55.977964834788075],[14.130570818824935,55.97797114962234],[14.130577525430834,55.977971817314874],[14.130583830014684,55.97797326068877],[14.1305894494842,55.97797541493277],[14.130620274771836,55.977990144958156],[14.131092344834071,55.97821547370273],[14.131097253357979,55.978218406517975],[14.131140044026342,55.9782505190612],[14.131143223804077,55.978253452856066],[14.131145350030327,55.97825667110732],[14.13114634533264,55.978260056704606],[14.13114617349222,55.978263486447936],[14.131144840761943,55.9782668355308],[14.131142395638856,55.97826998208187],[14.131138927099446,55.97827281159979],[14.131134561361867,55.978275221119894],[14.131129457292925,55.978277122960925],[14.131123800627032,55.9782784479159],[14.131117797207388,55.97827914777032],[14.131111665495443,55.97827919705687],[14.130622520649249,55.978256935256674],[14.130616668391237,55.978256360659145],[14.13061110509755,55.97825519326403],[14.130606020821004,55.97825347295179],[14.130601589250201,55.97825125849163],[14.13059796177599,55.97824862553374],[14.130595262319659,55.978245664025],[14.13059358309956,55.978242475136206],[14.130592981480788,55.978239167805874],[14.130592686720284,55.97822059836898],[14.130592189493765,55.97821799511263],[14.130591267961872,55.97821633785717],[14.130589789514735,55.978214812052904],[14.130587810286228,55.978213475631726],[14.130585405424055,55.97821237933511],[14.130581273500006,55.97821115063162],[14.130427205737611,55.978175622644535],[14.13042121561997,55.97817380415353],[14.130416045255892,55.97817132001302],[14.130411927018164,55.97816828186841],[14.13040904599348,55.97816482626377],[14.130407531664046,55.97816110850509],[14.130376639118872,55.97801515265185],[14.130376422568574,55.978013399699606],[14.130375332990127,55.97798313950584]]]}},{"type":"Feature","properties":{"color":"#BA2F4B","district":"Stora Barriärrevet"},"geometry":{"type":"Polygon","coordinates":[[[14.128827947041607,55.9778033463458],[14.128826890939505,55.977806823282755],[14.128824642521705,55.97781011807273],[14.128821288234526,55.97781310403843],[14.128816957042558,55.97781566637617],[14.128811815470284,55.97781770656981],[14.128806061199603,55.9778191461784],[14.128799915469394,55.97781992985224],[14.128793614569336,55.977820027460744],[14.128462215260969,55.97780692959283],[14.128456004294529,55.9778063378011],[14.128450118914676,55.97780507956468],[14.128444785190792,55.977803203215046],[14.128440208001958,55.977800780826556],[14.128436563167112,55.97779790544809],[14.12843399069149,55.97779468752873],[14.128432589388774,55.977791250675224],[14.12843241308549,55.97778772690396],[14.128471964808737,55.97747284972615],[14.12847301694373,55.97746938120422],[14.12847525568001,55.977466093628436],[14.128478595365536,55.97746311277806],[14.128482908227154,55.977460552697345],[14.128488029259097,55.97745851133234],[14.128493762535944,55.977457066783494],[14.128499888708511,55.97745627431777],[14.128506173395895,55.977456164253994],[14.128559114273154,55.977458141920835],[14.12856375332091,55.97745850662873],[14.128715241057012,55.977476796235365],[14.128719513595634,55.97747748820788],[14.12884240977656,55.97750266620895],[14.12884775387083,55.97750408536409],[14.128852542725332,55.97750602839002],[14.128856614178652,55.9775084294915],[14.128859830362115,55.97751120736191],[14.128862082368327,55.97751426793625],[14.128863293939041,55.97751750757663],[14.12886342404747,55.97752081658148],[14.128827947041607,55.9778033463458]]]}},{"type":"Feature","properties":{"color":"#BA2F4B","district":"Stora Barriärrevet"},"geometry":{"type":"Polygon","coordinates":[[[14.128332942616549,55.97816421385862],[14.128326878716685,55.978163634009526],[14.128321123264383,55.9781624184867],[14.128315887031416,55.978160611804064],[14.128311361775031,55.97815828012461],[14.128307713215547,55.9781555088373],[14.128305074967484,55.97815239943006],[14.128142163271123,55.977900656916134],[14.12814059688137,55.977897195190685],[14.128140283643333,55.97789362854944],[14.128141235903394,55.97789009757669],[14.128143416126523,55.97788674145081],[14.128146738375822,55.977883692458256],[14.128151071699888,55.97788107077939],[14.128156245294486,55.97787897975136],[14.128162055235038,55.977877501794936],[14.128168272514591,55.977876695165854],[14.128174652070427,55.9778765916585],[14.128974623760966,55.977908170545454],[14.128980839840946,55.977908762777275],[14.128986729719994,55.97791002253219],[14.12899206678589,55.97791190134137],[14.128996645695738,55.97791432691789],[14.129000290276483,55.97791720593806],[14.12900286030316,55.97792042763196],[14.129004256894044,55.97792386804531],[14.12900442631515,55.97792739480866],[14.128973112781548,55.978172492090806],[14.128972047294617,55.97817597197816],[14.128969787384127,55.978179268370575],[14.12896642012514,55.97818225425655],[14.128962075259423,55.97818481458861],[14.128956920196476,55.97818685071592],[14.128951153563168,55.97818828418558],[14.128944997550544,55.97818905976534],[14.12893868935268,55.97818914757172],[14.128332942616549,55.97816421385862]]]}},{"type":"Feature","properties":{"color":"#BA2F4B","district":"Stora Barriärrevet"},"geometry":{"type":"Polygon","coordinates":[[[14.129082299735856,55.97819567380066],[14.129076150586982,55.97819504280522],[14.129070336000952,55.97819375782519],[14.129065075885944,55.978191867458634],[14.129060569179918,55.97818944319936],[14.129056986326743,55.97818657673311],[14.129054462829998,55.97818337646987],[14.129053094128249,55.97817996344381],[14.129052931985568,55.97817646673581],[14.129084393488858,55.97793052405874],[14.129085456191351,55.97792705102837],[14.12908770866211,55.97792376056262],[14.129091064457068,55.97792077894073],[14.129095394789625,55.97791822058929],[14.129100533473151,55.97791618369093],[14.129106283298794,55.97791474641629],[14.129112423603804,55.977913963924046],[14.129118718739957,55.977913866244144],[14.129661481371526,55.97793527431798],[14.129667692927073,55.977935865655795],[14.129673579013136,55.9779371235521],[14.129678913503257,55.97793899968216],[14.129683491461616,55.9779414219705],[14.129687137016074,55.97794429735973],[14.129689710114672,55.97794751538567],[14.12969111190605,55.97795095242097],[14.129691288537064,55.97795447642453],[14.12965989182359,55.97820458083435],[14.129658821514951,55.97820808703391],[14.129656538937377,55.97821140682534],[14.129653133358998,55.978214410376175],[14.129648737967033,55.97821698022173],[14.129643524659043,55.978219015858855],[14.129637697320256,55.978220437676605],[14.1296314838499,55.97822119006956],[14.12962512724834,55.97822124361271],[14.129082299735856,55.97819567380066]]]}},{"type":"Feature","properties":{"color":"#BA2F4B","district":"Stora Barriärrevet"},"geometry":{"type":"Polygon","coordinates":[[[14.132040386877705,55.978070205908],[14.132036272659443,55.97807290434029],[14.132031292010335,55.97807509857548],[14.132025638614968,55.97807670328539],[14.132019532319399,55.9780776560669],[14.132013210581889,55.9780779198688],[14.13200691923872,55.97807748443248],[14.132000902944212,55.97807636669098],[14.131995395656698,55.9780746101104],[14.131217040676368,55.977765749222954],[14.13121201043643,55.97776327443964],[14.131208006010697,55.977760270121905],[14.131205201259839,55.97775686670873],[14.131203717957902,55.97775321196679],[14.131203620505289,55.97774946457459],[14.131204913132715,55.97774578723327],[14.131207539717602,55.977742339602514],[14.131372104050568,55.97757668694901],[14.131375491364027,55.97757392061995],[14.131379737554894,55.97757155417109],[14.131384695034088,55.97756966985541],[14.131390191489658,55.97756833316782],[14.13139603587601,55.977567590568896],[14.131402025054241,55.977567467869825],[14.131407950852791,55.977567969335375],[14.131413607303044,55.977569077535655],[14.131418797798338,55.97757075395188],[14.132114269018688,55.97784671876029],[14.132118804626286,55.97784890011391],[14.132122539526907,55.97785151381536],[14.132125344436147,55.97785446939092],[14.132127122261348,55.977857664532834],[14.132127811462498,55.97786098864063],[14.13212738818248,55.977864326649694],[14.132125867072942,55.97786756301416],[14.132083115370401,55.97793302887599],[14.132081981212105,55.97793543873642],[14.132081769244667,55.97793708740117],[14.132082104871676,55.97793872962434],[14.13208297655655,55.9779403089571],[14.132084354336566,55.97794177111241],[14.132087123135243,55.97794372307718],[14.132132912412173,55.97797047985431],[14.132136795570212,55.97797324633243],[14.13213964209868,55.977976382782835],[14.132141343121058,55.97797976924005],[14.132141833574982,55.97798327617623],[14.13214109470085,55.97798676945521],[14.1321391547594,55.97799011546323],[14.13213608795081,55.97799318621941],[14.132040386877705,55.978070205908]]]}},{"type":"Feature","properties":{"color":"#BA2F4B","district":"Stora Barriärrevet"},"geometry":{"type":"Polygon","coordinates":[[[14.131119577825336,55.97773855108197],[14.131115934061496,55.97774148712227],[14.131111324573808,55.97774396202756],[14.13110593141021,55.97774587805339],[14.13109996756941,55.977747159527794],[14.131093668588656,55.977747755839964],[14.131087283241335,55.977747643438974],[14.131081063711838,55.97774682676402],[14.130382904163659,55.97761300584069],[14.130376975995686,55.977611477612264],[14.130371721745187,55.97760931088598],[14.130367358029083,55.97760659498951],[14.130364064750122,55.97760344189107],[14.130361977680026,55.97759998158349],[14.130361182862075,55.97759635672481],[14.130359843037645,55.9775595728603],[14.130360217544661,55.977556444725614],[14.130361557161098,55.97755340049723],[14.130465926052624,55.97738217425997],[14.130468537851083,55.977378961942435],[14.130472220416962,55.97737609680673],[14.13047683197852,55.97737368915493],[14.13048219499962,55.97737183167686],[14.130488103014518,55.97737059588176],[14.130494328576365,55.97737002934523],[14.130500632013442,55.97737015387783],[14.130506770655996,55.97737096468531],[14.13129199425618,55.97752148992675],[14.131297668214211,55.97752293511951],[14.131302736921857,55.97752496590828],[14.131307009745973,55.97752750591552],[14.131310325986329,55.977530459612055],[14.131312560919536,55.97753371590993],[14.131313630489887,55.9775371523404],[14.131313494470717,55.97754063965993],[14.131312157977362,55.977544046710946],[14.131309671274826,55.97754724535484],[14.131119577825336,55.97773855108197]]]}},{"type":"Feature","properties":{"color":"#BA2F4B","district":"Stora Barriärrevet"},"geometry":{"type":"Polygon","coordinates":[[[14.127455723557732,55.977253319764145],[14.127452902784151,55.97725029012351],[14.127451156632782,55.97724701672212],[14.127450548090666,55.97724361763836],[14.12745109910888,55.97724021548425],[14.127452789810759,55.97723693298253],[14.127455559208933,55.97723388853976],[14.127459307405301,55.977231191975235],[14.127463899194588,55.97722894055953],[14.127469168941493,55.97722721550577],[14.127474926555491,55.97722607904017],[14.127480964347763,55.97722557215733],[14.128023417468304,55.97720921872746],[14.128029445715319,55.97720935420822],[14.128035322552241,55.9772101175375],[14.128040840978404,55.977211481828434],[14.12804580661744,55.97721339902641],[14.128050044563814,55.9772158016017],[14.12805340554354,55.977218604928005],[14.128055771172086,55.977221710263294],[14.128057058124273,55.97722500822784],[14.128057221069275,55.977228382656854],[14.128039590132017,55.97737547452571],[14.128038554004373,55.977378952874965],[14.128036324849795,55.97738225126181],[14.128032988351555,55.9773852429038],[14.128028672756754,55.97738781280916],[14.128023543946806,55.97738986219656],[14.128017799061366,55.97739131229221],[14.1280116589207,55.977392107357765],[14.128005359537854,55.97739221683267],[14.127615063287557,55.97737753321653],[14.127609179816174,55.97737700207211],[14.12760357268072,55.97737587239417],[14.127598434595033,55.97737418300903],[14.127593942151933,55.977371991979865],[14.127590249753826,55.97736937461101],[14.127455723557732,55.977253319764145]]]}},{"type":"Feature","properties":{"color":"#BA2F4B","district":"Stora Barriärrevet"},"geometry":{"type":"Polygon","coordinates":[[[14.128101580371046,55.97739583689895],[14.128095365236526,55.97739525674966],[14.128089471757871,55.97739400939615],[14.128084126367055,55.977392142762746],[14.128079534438015,55.977389728566905],[14.128075872396023,55.977386859563886],[14.128073280939276,55.97738364598296],[14.128071859633204,55.97738021129231],[14.128071663085121,55.97737668745527],[14.128092835795814,55.97720004582432],[14.128092713935613,55.97719752388681],[14.128092075895257,55.97719588924524],[14.128090903114911,55.97719435012026],[14.12808923691886,55.97719296074469],[14.128087136017474,55.97719177007475],[14.128084674438465,55.97719082006504],[14.128081938918317,55.97719014419024],[14.128079025846237,55.97718976626554],[14.12807452047905,55.97718966575659],[14.1279885820091,55.97719227180765],[14.127982553341237,55.97719213735144],[14.127976675763978,55.97719137494787],[14.12797115632862,55.97719001145438],[14.127966189470023,55.97718809490318],[14.127961950157179,55.9771856928092],[14.127958587729527,55.97718288979179],[14.127956220636115,55.97717978459366],[14.127954932262995,55.97717648660253],[14.12795476799577,55.97717311199771],[14.127972819713785,55.97702202800469],[14.127973854666585,55.97701854920526],[14.127976082924985,55.97701525027312],[14.127979418823296,55.97701225803571],[14.127983734112682,55.97700968752958],[14.127988862891728,55.977007637577806],[14.127994607984517,55.977006186990735],[14.128000748521046,55.97700539153616],[14.128007048428548,55.97700528179529],[14.128580837444991,55.977026846314075],[14.128587455462183,55.97702748854335],[14.128593690489879,55.977028886242984],[14.128599270310962,55.97703097839039],[14.128603951314098,55.9770336736438],[14.128607529129606,55.97703685433025],[14.128609847552132,55.9770403815831],[14.128610805360495,55.97704410140473],[14.128634979968552,55.977395978434096],[14.128634653028287,55.97739931876404],[14.128633226181242,55.9774025674416],[14.128630748786334,55.97740561208466],[14.128627306544335,55.97740834736929],[14.128623018533228,55.977410678673216],[14.12861803308894,55.97741252534921],[14.128612522673933,55.977413823514745],[14.128606677911158,55.97741452826213],[14.128600700989772,55.97741461521187],[14.128101580371046,55.97739583689895]]]}},{"type":"Feature","properties":{"color":"#BA2F4B","district":"Stora Barriärrevet"},"geometry":{"type":"Polygon","coordinates":[[[14.12868896299611,55.97742338739674],[14.128683277852913,55.9774218497964],[14.12867823958622,55.97741972004548],[14.128674042597384,55.97741708032043],[14.12867084882697,55.977414032475],[14.12866878150628,55.977410694110226],[14.12866792040252,55.977407194036815],[14.12864332144089,55.97704914475877],[14.128643648782294,55.97704580290821],[14.1286450770129,55.97704255284649],[14.128647556680209,55.977039507106454],[14.128651001925942,55.97703677114626],[14.128655293458928,55.97703443969804],[14.128660282685537,55.97703259348774],[14.128665796854705,55.97703129644001],[14.128671645039411,55.97703059346487],[14.128677624747457,55.97703050890268],[14.12879624628843,55.97703502273826],[14.1288047575549,55.97703600542444],[14.12924210688823,55.977122313881544],[14.129247851514094,55.97712381884257],[14.129252956149212,55.977125925656736],[14.129257222037612,55.977128552292406],[14.12926048308096,55.97713159647796],[14.129262612305839,55.97713493968388],[14.129263526807648,55.97713845173783],[14.129263190978664,55.977141995893156],[14.129261617894523,55.977145434153215],[14.129045524784129,55.97747724479313],[14.129042795057794,55.97748042543132],[14.129039008098587,55.97748324670349],[14.129034309634555,55.97748560004254],[14.129028880470013,55.97748739488821],[14.129022929527896,55.9774885621719],[14.129016685810065,55.97748905697472],[14.12901038958491,55.97748886025579],[14.12900428314139,55.977487979585156],[14.1287910502892,55.97744435997819],[14.128791008766525,55.97744435146602],[14.12868896299611,55.97742338739674]]]}},{"type":"Feature","properties":{"color":"#BA2F4B","district":"Stora Barriärrevet"},"geometry":{"type":"Polygon","coordinates":[[[14.129094960431173,55.97750646582086],[14.129089272608905,55.977504941989835],[14.129084225928121,55.97750282618041],[14.129080014605371,55.97750019981752],[14.129076800709159,55.97749716397418],[14.129074707922902,55.97749383548189],[14.129073816785125,55.97749034243437],[14.129074161590053,55.977486819258104],[14.129075729067882,55.977483401539],[14.129292164882441,55.977151064274025],[14.1292948705368,55.977147905796826],[14.129298618922132,55.977145100606315],[14.129303267896434,55.97714275507755],[14.129308641166737,55.97714095815488],[14.129314534974288,55.97713977797905],[14.129320725821215,55.97713925930321],[14.129326978945729,55.977139421796004],[14.129333057224432,55.97714025929557],[14.129764132821514,55.977225299734286],[14.129769807383019,55.977226780989184],[14.129774861062783,55.97722884966872],[14.129779102108357,55.97723142728079],[14.129782369601072,55.977234416022746],[14.129784539561802,55.97723770249237],[14.129785529655148,55.97724116199071],[14.129785302313536,55.977244663253494],[14.1297838661627,55.97724807343178],[14.129604878803459,55.97754144249809],[14.129602410977322,55.977544512376454],[14.129598964058438,55.97754727121611],[14.129594658772636,55.97754962239048],[14.129589645909553,55.977551483551274],[14.129584101041333,55.977552789512565],[14.129578218373322,55.977553494533886],[14.12957220394212,55.97755357392234],[14.129272460300498,55.97754179356746],[14.129263740780996,55.977540757666794],[14.129094960431173,55.97750646582086]]]}},{"type":"Feature","properties":{"color":"#BA2F4B","district":"Stora Barriärrevet"},"geometry":{"type":"Polygon","coordinates":[[[14.129671707705624,55.97755749319281],[14.129665280980644,55.97755686851013],[14.129659211944924,55.97755553079551],[14.129653750489767,55.97755353512911],[14.129649121489381,55.977550963682084],[14.129645515541704,55.97754792233322],[14.129643081120596,55.977544536309416],[14.12964191846247,55.97754094502941],[14.129642075439147,55.977537296363316],[14.12964354558678,55.97753374054404],[14.129813972852897,55.97725440143106],[14.12981660413703,55.97725117232914],[14.129820317356522,55.97724829515798],[14.129824967951322,55.977245881929115],[14.129830374868405,55.977244026592196],[14.12983632761037,55.97724280137759],[14.129842594430322,55.977242253984265],[14.129848931354012,55.97724240572285],[14.129855091677983,55.97724325068597],[14.130044270328813,55.97728060013052],[14.130049941367753,55.97728208122118],[14.130054992031905,55.97728414906306],[14.130059230886625,55.977286725279114],[14.130062497267062,55.977289712223374],[14.130064667367826,55.97729299668213],[14.130065658935589,55.97729645416499],[14.130065434386761,55.977299953623394],[14.130064002232071,55.97730336241776],[14.129911665550496,55.97755352668498],[14.129909199046788,55.977556599222225],[14.129905751956688,55.97755936058359],[14.129901445164267,55.977561713932324],[14.129896429702136,55.97756357673999],[14.12989088145497,55.977564883680756],[14.129884994991498,55.97756558892212],[14.12987897674123,55.9775656677323],[14.129671707705624,55.97755749319281]]]}},{"type":"Feature","properties":{"color":"#BA2F4B","district":"Stora Barriärrevet"},"geometry":{"type":"Polygon","coordinates":[[[14.127211057253367,55.97708478296818],[14.127216522763234,55.977083186999955],[14.127222432275069,55.97708220416941],[14.127228568432212,55.97708187062587],[14.127234705541843,55.9770821986373],[14.12724061787611,55.977083176139175],[14.12724608797454,55.97708476717819],[14.127250914642397,55.97708691323466],[14.127254920350765,55.97708953537484],[14.127257957766204,55.977092537154256],[14.127259915169805,55.97709580816497],[14.127260720566335,55.97709922809643],[14.127269386181592,55.977237804627606],[14.127269925021768,55.977240203624795],[14.127270786304178,55.97724173376629],[14.127272801690946,55.97724387257041],[14.127472729287978,55.97741639730429],[14.127475620150475,55.97741952567336],[14.127477366090558,55.97742290926187],[14.127477900170893,55.97742641834755],[14.127477201915221,55.97742991839666],[14.127475298093422,55.977433275221934],[14.127472261695253,55.97743636012701],[14.12746820913205,55.97743905484062],[14.127463295773707,55.9774412560509],[14.127141119574791,55.977558614518],[14.127135519541241,55.97756024100385],[14.127129459565358,55.97756122413051],[14.127123173105694,55.97756152602335],[14.127116902346046,55.97756113505207],[14.127110888865367,55.97756006627868],[14.12710536433099,55.977558360877325],[14.127100541573679,55.97755608454805],[14.127096606388383,55.97755332498563],[14.126766266724784,55.97726820431608],[14.126763376464112,55.97726507584122],[14.126761631128094,55.97726169221639],[14.126761097628142,55.977258183161155],[14.126761796416949,55.977254683203654],[14.126763700704425,55.97725132652322],[14.126766737484816,55.97724824180635],[14.126770790335595,55.97724554731304],[14.12677570388083,55.977243346343144],[14.127211057253367,55.97708478296818]]]}},{"type":"Feature","properties":{"color":"#BA2F4B","district":"Stora Barriärrevet"},"geometry":{"type":"Polygon","coordinates":[[[14.132164234711764,55.977817190272674],[14.132161280108791,55.9778204107483],[14.132157232789444,55.9778232349719],[14.13215225669698,55.97782554854352],[14.132146553396272,55.977827257748054],[14.132140353909097,55.97782829335127],[14.132133909356186,55.97782861340432],[14.132127480785106,55.97782820494286],[14.132121328596059,55.97782708451238],[14.13211570199387,55.97782529749778],[14.131747046801864,55.97767894571212],[14.131742295108923,55.97767663667129],[14.131738438556274,55.97767385387329],[14.13173562496437,55.977670703982064],[14.131733962177172,55.97766730773208],[14.131733513928541,55.97766379530067],[14.131734297399388,55.9776603013183],[14.131736282559185,55.977656959708284],[14.131739393317071,55.977653898553505],[14.13203459497127,55.97742009541022],[14.132038687559524,55.97741744506137],[14.132043620586446,55.97741528876307],[14.132049206985894,55.97741370828462],[14.132055234915173,55.97741276355955],[14.132061475788339,55.977412490412895],[14.13206769294441,55.97741289920269],[14.132073650621777,55.97741397442719],[14.13207912289852,55.97741567531262],[14.132300032672935,55.977501071084575],[14.132300471541445,55.97750124377959],[14.132346520625362,55.97751968737904],[14.132351098305866,55.977521914707744],[14.13235484659215,55.97752458357188],[14.132357631996028,55.97752759892502],[14.132359355320439,55.977530853381154],[14.132359955192202,55.97753423103901],[14.132359410247728,55.97753761160972],[14.13235773989389,55.97754087470066],[14.132164234711764,55.977817190272674]]]}},{"type":"Feature","properties":{"color":"#BA2F4B","district":"Stora Barriärrevet"},"geometry":{"type":"Polygon","coordinates":[[[14.129071930187465,55.977831023442285],[14.129065717499241,55.97783043229422],[14.129059830311867,55.977829174347136],[14.129054494871886,55.97782729794439],[14.129049916221929,55.97782487519674],[14.129046270320847,55.97782199921117],[14.129043697281553,55.97781878051274],[14.129042295986462,55.977815342796994],[14.129042120287448,55.97781181817636],[14.129055522602899,55.97770531296284],[14.129055391431688,55.977702680469335],[14.129054697758939,55.97770097843533],[14.129053424016815,55.97769938480839],[14.129051619143706,55.977697960817125],[14.129049352484412,55.977696761172446],[14.129046711126191,55.97769583196589],[14.12904379655221,55.977695208898325],[14.129039156536379,55.97769476690818],[14.128954620328702,55.97769142831099],[14.128948408846204,55.97769083663762],[14.128942522952872,55.97768957840837],[14.128937188773087,55.977687701961955],[14.128932611235411,55.97768527938772],[14.128928966199618,55.97768240375616],[14.12892639370051,55.97767918554333],[14.12892499256809,55.977675748386545],[14.128924816630734,55.97767222433446],[14.128940170223665,55.977550110859255],[14.128941194781433,55.977546700229816],[14.128943367057499,55.97754346236704],[14.128946606737061,55.97754051698293],[14.128950794040792,55.9775379729757],[14.1289557741534,55.9775359244037],[14.128961362947566,55.97753444700776],[14.128967353791557,55.97753359541088],[14.128973525188925,55.977533401098725],[14.128979648967736,55.97753387125553],[14.12898549871662,55.97753498849836],[14.129172068643346,55.97758226272678],[14.129176090658639,55.97758304981695],[14.129180297898648,55.97758342707863],[14.129678004940262,55.9776029896985],[14.129684198919833,55.97760357747439],[14.129690070293458,55.97760482808162],[14.129695394811169,55.97760669375475],[14.12969996910942,55.97760910323672],[14.129703618478288,55.97761196450026],[14.129706203534314,55.97761516826286],[14.129707625544103,55.97761859216065],[14.129707830195372,55.97762210542192],[14.129682722790193,55.97783695688304],[14.129681692059718,55.977840446631404],[14.129679460656467,55.97784375603959],[14.12967611487387,55.977846757124865],[14.12967178410117,55.97784933382801],[14.12966663581964,55.977851386501676],[14.129660869125708,55.977852835764004],[14.129654707031392,55.977853625568486],[14.129648387839861,55.97785372537146],[14.129071930187465,55.977831023442285]]]}},{"type":"Feature","properties":{"color":"#BA2F4B","district":"Stora Barriärrevet"},"geometry":{"type":"Polygon","coordinates":[[[14.12756015437308,55.977975558479095],[14.127558598793302,55.97797214481078],[14.127558262300438,55.9779686269677],[14.127559157802846,55.97796513990286],[14.127561250946552,55.97796181738858],[14.12756446143319,55.97795878688457],[14.127568666100492,55.9779561646483],[14.127573703647112,55.97795405127505],[14.127579380820553,55.97795252783888],[14.127940415176147,55.97787899416257],[14.127946525926413,55.97787811807538],[14.127952824801293,55.97787792654303],[14.127959069251164,55.97787842694086],[14.127965018822135,55.97787960000014],[14.127970444415109,55.977881400550025],[14.127975137107647,55.97788375925713],[14.12797891619889,55.97788658529512],[14.12798163616777,55.977889769842164],[14.128092249749528,55.97806062656666],[14.128093836362982,55.97806416159852],[14.128094116683823,55.978067803014326],[14.128093079200712,55.97807140128462],[14.128090766516054,55.97807480865149],[14.128087273596657,55.978077885196285],[14.128082743874085,55.978080504585],[14.128077363354885,55.978082559256094],[14.128071352982492,55.97808396483735],[14.12806495956448,55.97808466361054],[14.128058445637723,55.978084626881454],[14.127632549710631,55.978057928366944],[14.127626726693864,55.97805725366495],[14.127621225414806,55.978055990410446],[14.12761623411883,55.97805418183005],[14.127611923600401,55.97805188981066],[14.127608441358738,55.97804919278165],[14.127605906550617,55.97804618303124],[14.12756015437308,55.977975558479095]]]}},{"type":"Feature","properties":{"color":"#E9ABB7","district":"Himalaya"},"geometry":{"type":"Polygon","coordinates":[[[14.14053466501673,55.98025587405759],[14.140528010857947,55.98025552721882],[14.140521628645955,55.98025441816445],[14.140515794177638,55.98025259482043],[14.140510759579948,55.980250135979595],[14.140506742414617,55.98024714789675],[14.14050391627658,55.98024375969698],[14.140502403292393,55.9802401177957],[14.140502268842768,55.98023637957165],[14.140531231806861,55.98004394315018],[14.140532272067585,55.98004067726063],[14.140534366665266,55.98003757380408],[14.140537444348427,55.980034738349815],[14.140541400424361,55.980032267350474],[14.140546100320455,55.980030244861226],[14.140551384161894,55.98002873968035],[14.140557072210072,55.980027803009044],[14.140562970976681,55.98002746670974],[14.140859233591518,55.98002594116075],[14.14086551034381,55.9800262543954],[14.140871557293828,55.98002724666227],[14.140877142098013,55.98002887983521],[14.140882050169887,55.980031091162424],[14.140886092925156,55.98003379567748],[14.140889115027715,55.98003688946402],[14.1408910003582,55.98004025364861],[14.140891676475702,55.98004375896821],[14.140894877295645,55.98023565680826],[14.14089431954662,55.98023916464797],[14.140892550768076,55.980242544443456],[14.140889638768734,55.980245666624704],[14.14088569518463,55.98024841149777],[14.1408808711994,55.980250673833375],[14.140875351748408,55.9802523669011],[14.140869348428955,55.980253425794416],[14.140863091388319,55.98025380991882],[14.14053466501673,55.98025587405759]]]}},{"type":"Feature","properties":{"color":"#E9ABB7","district":"Himalaya"},"geometry":{"type":"Polygon","coordinates":[[[14.137461135115137,55.9806032140436],[14.137454943051765,55.9806025613283],[14.13744909747913,55.980601245432396],[14.137443822949948,55.98059931690495],[14.137439322080686,55.980596849828714],[14.137435767768247,55.98059393897428],[14.137433296548254,55.98059069615966],[14.137432003350195,55.98058724595475],[14.13743193785082,55.980583720896114],[14.137482584505085,55.98026167245664],[14.137483749914063,55.980258206599046],[14.137486101705068,55.980254934591635],[14.137489549463796,55.980251982225916],[14.137493960641814,55.98024946300483],[14.137499165652386,55.98024747377917],[14.137504964390189,55.98024609102419],[14.137511133924303,55.980245367899485],[14.137517437068698,55.98024533220541],[14.137963865042742,55.98026738615876],[14.13797005709106,55.98026803885348],[14.137975902656494,55.98026935473602],[14.137981177184873,55.98027128325746],[14.137985678058012,55.98027375033476],[14.137989232377176,55.980276661196434],[14.137991703604888,55.98027990402336],[14.137992996809967,55.98028335424406],[14.137993062314296,55.98028687932007],[14.13794241539546,55.98060892774647],[14.137941249977551,55.9806123935865],[14.13793889817794,55.98061566557808],[14.137935450409888,55.98061861793141],[14.137931039220609,55.980621137145015],[14.137925834195585,55.98062312636911],[14.137920035438952,55.98062450912913],[14.137913865880614,55.98062523226564],[14.137907562705793,55.980625267978056],[14.137461135115137,55.9806032140436]]]}},{"type":"Feature","properties":{"color":"#E9ABB7","district":"Himalaya"},"geometry":{"type":"Polygon","coordinates":[[[14.140003199828605,55.98136334588978],[14.140006323217637,55.98136027891411],[14.140010457113824,55.98135761227701],[14.140015442302744,55.981355448682194],[14.140021086783117,55.98135387145907],[14.140027173161581,55.98135294135329],[14.140033467025445,55.98135269418724],[14.14003972597089,55.981353139480355],[14.140045708938949,55.981354260082476],[14.140466596495653,55.98145979212085],[14.140472061613025,55.981461540292436],[14.14047681302365,55.9814638507801],[14.14048066854188,55.98146663499179],[14.14048348033358,55.981469786171154],[14.140485140584635,55.981473183491076],[14.140485585634925,55.98147669668645],[14.14048479841934,55.98148019104909],[14.140482809122158,55.98148353259293],[14.140262092121999,55.98176036251463],[14.140258969644124,55.98176342890629],[14.1402548370379,55.981766095172794],[14.140249853398654,55.98176825866918],[14.14024421058456,55.98176983610598],[14.14023812583055,55.981770766755595],[14.140231833385267,55.98177101479024],[14.140225575493007,55.98177057066117],[14.140219593067856,55.981769451466256],[14.139798622658311,55.9816640021046],[14.139793155122263,55.98166225451721],[14.139788401341082,55.98165994421215],[14.139784543681573,55.98165715981849],[14.139781730132977,55.98165400815251],[14.13978006862975,55.98165061011999],[14.139779622910968,55.98164709607786],[14.13978041007517,55.98164360083342],[14.139782399924478,55.98164025847288],[14.140003199828605,55.98136334588978]]]}},{"type":"Feature","properties":{"color":"#BA2F4B","district":"Stora Barriärrevet"},"geometry":{"type":"Polygon","coordinates":[[[14.127480679744147,55.97745638594052],[14.127486279840022,55.977454759418464],[14.127492339892848,55.97745377627461],[14.127498626434388,55.97745347438535],[14.127504897270784,55.977453865381165],[14.127510910813232,55.977454934198654],[14.127516435385337,55.97745663966083],[14.127521258148592,55.9774589160634],[14.127525193302132,55.977461675706195],[14.127691935509441,55.97760559739885],[14.127694825604554,55.97760872571141],[14.1276965708911,55.97761210914561],[14.12769710446635,55.977615618003554],[14.127696405876318,55.97761911777944],[14.127694501899887,55.97762247431555],[14.127691465522338,55.97762555894501],[14.127687413137625,55.977628253423944],[14.12768250008665,55.977630454464204],[14.127360320434235,55.97774781418934],[14.12735472030669,55.97774944069856],[14.127348660223383,55.97775042383255],[14.127342373652803,55.97775072571548],[14.127336102789034,55.97775033471709],[14.127330089221042,55.97774926590085],[14.12732456462528,55.97774756044361],[14.127319741840157,55.97774528404912],[14.127315806666314,55.97774252441694],[14.127149064411052,55.97759860276871],[14.127146174333227,55.977595474443405],[14.127144429070878,55.97759209099806],[14.12714389552552,55.9775885821316],[14.127144594149426,55.97758508235075],[14.127146498161654,55.97758172581389],[14.127149534574727,55.97757864118836],[14.1271535869925,55.97757594671819],[14.127158500072072,55.97757374569141],[14.127480679744147,55.97745638594052]]]}},{"type":"Feature","properties":{"color":"#BA2F4B","district":"Stora Barriärrevet"},"geometry":{"type":"Polygon","coordinates":[[[14.127568129028566,55.977935678490304],[14.127561635049949,55.977936586204585],[14.127554945880092,55.977936721794194],[14.1275483515317,55.9779360793806],[14.127542137906419,55.97793468681598],[14.127536574399366,55.97793260447577],[14.127531902219328,55.977929922640946],[14.127528323930994,55.97792675758394],[14.127526189933318,55.97792434595473],[14.127368226005416,55.97778780244487],[14.127365340635947,55.97778467443982],[14.12736359937987,55.97778129190492],[14.127363068928384,55.97777778439397],[14.12736376959788,55.977774286247424],[14.127365674551834,55.97777093144703],[14.127368710828744,55.97776784848422],[14.127372762136629,55.97776515543885],[14.127377673307151,55.977762955456576],[14.127699873835246,55.97764558810856],[14.127705474490353,55.97764396145902],[14.127711535170619,55.97764297830942],[14.127717822340925,55.977642676543304],[14.12772409373889,55.977643067788556],[14.12773010770988,55.97764413696938],[14.127735632518613,55.97764584288726],[14.127740455278538,55.977648119808336],[14.127744390154929,55.9776508799964],[14.12792961816209,55.97781080640985],[14.127932863895566,55.97781445951422],[14.127948782174816,55.97783903513324],[14.1279503374405,55.97784244872745],[14.127950673695644,55.97784596646301],[14.127949778041181,55.97784945339975],[14.127947684834062,55.977852775778935],[14.12794447436934,55.97785580615421],[14.127940269800126,55.97785842828047],[14.127935232413448,55.97786054157295],[14.127929555443297,55.977862064965805],[14.127568129028566,55.977935678490304]]]}},{"type":"Feature","properties":{"color":"#BA2F4B","district":"Stora Barriärrevet"},"geometry":{"type":"Polygon","coordinates":[[[14.130201980739631,55.97756502787605],[14.130199512222566,55.97756809964207],[14.130196063477722,55.97757086006186],[14.130191755429832,55.97757321234556],[14.130186739133839,55.97757507401395],[14.130181190478401,55.97757637979049],[14.13017530401862,55.97757708389011],[14.130169286154235,55.977577161624644],[14.129978453576218,55.97756960196602],[14.129972030271736,55.9775689766492],[14.129965964577364,55.97756763903733],[14.129960506003545,55.977565644152634],[14.129955879086912,55.97756307405409],[14.12995227415403,55.977560034461895],[14.129949839492383,55.97755665040867],[14.129948675250642,55.9775530610963],[14.129948829319133,55.97754941416992],[14.129950295359938,55.977545859644536],[14.130094097100551,55.97730971089897],[14.130096725749835,55.977306480238376],[14.130100437166158,55.97730360134255],[14.130105086794003,55.977301186341066],[14.130110493535728,55.977299329295384],[14.130116446805095,55.97729810253522],[14.130122714729351,55.97729755384142],[14.130129053180356,55.97729770458493],[14.130135215283055,55.977298548894495],[14.130309841821806,55.977333000817154],[14.130315515630949,55.9773344819209],[14.130320568717195,55.97733655029724],[14.13032480940024,55.977339127485834],[14.13032807681681,55.97734211572548],[14.130330247022755,55.977345401662284],[14.130331237694683,55.977348860649826],[14.130331011252798,55.97735236147717],[14.130329576286467,55.97735577134632],[14.130201980739631,55.97756502787605]]]}},{"type":"Feature","properties":{"color":"#BA2F4B","district":"Stora Barriärrevet"},"geometry":{"type":"Polygon","coordinates":[[[14.130493908176417,55.978762291036496],[14.130494710584664,55.978765985623866],[14.13049413677148,55.978769693515105],[14.130492211305024,55.97877325595214],[14.130489016626276,55.97877652040458],[14.130484689519275,55.97877934710066],[14.130479415254564,55.97878161501167],[14.130473419656619,55.97878322703401],[14.130466959434857,55.978784114146784],[14.130130190056315,55.97881009581466],[14.13012438676484,55.97881024704237],[14.130118629591244,55.97880981142213],[14.13011310655822,55.97880880318079],[14.130107998041668,55.978807255246345],[14.129862376577666,55.97871586994296],[14.12985760584356,55.97871369988119],[14.12985366077516,55.978711061336476],[14.12985068568215,55.978708050826306],[14.129848789392618,55.978704778474544],[14.129848041272165,55.978701363983156],[14.129848468686577,55.978697932253496],[14.129850056000821,55.978694608817484],[14.129852745151023,55.97869151524565],[14.129856437768469,55.97868876470007],[14.129860998777936,55.978686457795035],[14.129866261338734,55.97868467891653],[14.130367021369823,55.97855013328249],[14.130373034960115,55.97854891257593],[14.130379361491483,55.978548382262154],[14.13038575043783,55.97854856334118],[14.130391948801476,55.97854944864243],[14.130397711131652,55.9785510031086],[14.130402809244137,55.97855316518395],[14.130407041257165,55.97855584925182],[14.130410239585792,55.978558949025015],[14.130412277578163,55.97856234175466],[14.130493908176417,55.978762291036496]]]}},{"type":"Feature","properties":{"color":"#E58E27","district":"Sahara"},"geometry":{"type":"Polygon","coordinates":[[[14.14415463574306,55.980646134409454],[14.144148416324564,55.98064556722794],[14.144142514135678,55.98064433218875],[14.144137155938711,55.98064247674216],[14.144132547595705,55.98064007217454],[14.144128866159187,55.98063721086939],[14.144126253069821,55.980634002758165],[14.144124808722266,55.98063057109653],[14.144124588608046,55.98062704772894],[14.144157794733815,55.98033359913477],[14.144158807698261,55.980330118587005],[14.144161015011811,55.98032681551052],[14.144164331827536,55.980323816871866],[14.144168630650585,55.98032123793531],[14.14417374623897,55.98031917783216],[14.14417948195527,55.98031771575043],[14.144185617325162,55.98031690789084],[14.144191916512154,55.98031678530656],[14.144458764487217,55.98032626572207],[14.144464983879233,55.980326832890995],[14.144470886047392,55.98032806792212],[14.144476244229175,55.9803299233653],[14.144480852562054,55.98033232793399],[14.144484533992761,55.98033518924421],[14.144487147079708,55.980338397363774],[14.144488591427224,55.98034182903601],[14.144488811542827,55.98034535241525],[14.144455605174603,55.980638801000794],[14.14445459220163,55.98064228153669],[14.144452384877383,55.98064558460219],[14.144449068048132,55.98064858323192],[14.144444769208103,55.98065116216262],[14.1444396535988,55.980653222263584],[14.144433917857349,55.98065468434731],[14.14442778245801,55.98065549221317],[14.144421483237439,55.98065561480791],[14.14415463574306,55.980646134409454]]]}},{"type":"Feature","properties":{"color":"#E58E27","district":"Sahara"},"geometry":{"type":"Polygon","coordinates":[[[14.144517740450457,55.98065903014795],[14.144511520313518,55.98065846345465],[14.14450561728892,55.98065722875765],[14.144500258211872,55.98065537350259],[14.144495649015267,55.98065296898124],[14.144491966816283,55.980650107592],[14.14448935311032,55.98064689928933],[14.14448790833379,55.98064346735841],[14.144487688004684,55.98063994367777],[14.144501019329562,55.98052209158439],[14.14450202420393,55.98051862782484],[14.144504212054805,55.9805153391459],[14.144507499606398,55.9805123507236],[14.144511761725424,55.98050977630526],[14.144516836184032,55.98050771388019],[14.144522529834656,55.98050624194979],[14.144528625961708,55.98050541653964],[14.144534892530334,55.98050526906706],[14.145051291760652,55.980521367037085],[14.145057549028232,55.98052191155548],[14.145063494129914,55.98052313172537],[14.145068896400405,55.98052498020507],[14.145073546235754,55.980527385275074],[14.145077263225813,55.9805302536205],[14.145079903154013,55.98053347395175],[14.145081363592865,55.98053692132247],[14.145081587878128,55.98054046197721],[14.145068004506527,55.98066050544494],[14.145066991722636,55.98066398562597],[14.145064784828035,55.98066728838948],[14.145061468634811,55.980670286808156],[14.145057170586194,55.9806728656508],[14.14505205585885,55.98067492581079],[14.14504632101505,55.980676388114794],[14.145040186448638,55.980677196365505],[14.145033887915131,55.98067731950129],[14.144517740450457,55.98065903014795]]]}},{"type":"Feature","properties":{"color":"#E58E27","district":"Sahara"},"geometry":{"type":"Polygon","coordinates":[[[14.145969093584746,55.981518296723834],[14.145970106711664,55.981514816414034],[14.145972314065178,55.98151151356991],[14.14597563080756,55.98150851513302],[14.14597992946291,55.98150593634526],[14.145985044816582,55.98150387631972],[14.145990780265059,55.9815024142314],[14.1459969153722,55.981501606274136],[14.146003214341448,55.98150148350096],[14.146474372723208,55.98151820521136],[14.146480406075762,55.98151874479809],[14.146486148004376,55.981519913228844],[14.146491391121295,55.98152166830201],[14.146495946054834,55.98152394662769],[14.146499648289133,55.98152666591698],[14.14650236410616,55.98152972795416],[14.14650399541537,55.981533022144134],[14.146504483296589,55.981536429506775],[14.14650381012814,55.981539826974405],[14.1463977982132,55.98182426524776],[14.14639581505459,55.981827757571715],[14.146392607925467,55.98183095256337],[14.146388309937299,55.98183371761475],[14.146383099477715,55.9818359379625],[14.146377192806556,55.98183752145117],[14.146370835080004,55.981838402358065],[14.146364290175365,55.98183854412116],[14.145966641468279,55.98182443270051],[14.145960421377206,55.98182386569686],[14.145954518502034,55.98182263073549],[14.145949159662077,55.98182077527009],[14.14594455077189,55.98181837059732],[14.145940868928951,55.98181550911726],[14.145938255608645,55.98181230078291],[14.145936811228067,55.981808868875184],[14.14593659128751,55.98180534526579],[14.145969093584746,55.981518296723834]]]}},{"type":"Feature","properties":{"color":"#E58E27","district":"Sahara"},"geometry":{"type":"Polygon","coordinates":[[[14.146150007053807,55.9829864984308],[14.146143915365894,55.982985997190134],[14.146138106188435,55.98298485548482],[14.146132792581449,55.98298311518857],[14.146128169429115,55.98298084012924],[14.146124406292103,55.98297811374794],[14.146121641188692,55.98297503603866],[14.146119975532763,55.98297171988077],[14.146119470414332,55.982968286899066],[14.14612014435902,55.982964863003055],[14.146172883735257,55.98282337041639],[14.1461747702431,55.9828200040696],[14.146177795030463,55.98281690848759],[14.146181841727255,55.9828142027638],[14.14618675464852,55.98281199099303],[14.146192344783948,55.982810358266626],[14.146198397069508,55.9828093673989],[14.14620467866137,55.98280905651061],[14.14621094789386,55.982809437562196],[14.146665521097638,55.982862697505766],[14.146671516433578,55.982863750963375],[14.146677030951949,55.982865436732006],[14.14668185397762,55.982867690409066],[14.146685801252968,55.98287042589567],[14.146688721977183,55.9828735386861],[14.14669050456745,55.98287690986013],[14.146691080921851,55.98288041062632],[14.146690429021165,55.98288390724224],[14.146659561172816,55.98296831138869],[14.146657529405463,55.98297190089281],[14.146654206390332,55.98297517511636],[14.146649737744504,55.98297799058008],[14.146644319287699,55.98298022390787],[14.146595993275676,55.98299606849887],[14.146590358658562,55.98299752718738],[14.146584327936633,55.98299835279297],[14.1465781260064,55.982998514527296],[14.146150007053807,55.9829864984308]]]}},{"type":"Feature","properties":{"color":"#E58E27","district":"Sahara"},"geometry":{"type":"Polygon","coordinates":[[[14.146217451188438,55.98279182288862],[14.146211442337929,55.982790766184955],[14.146205917075461,55.982789074345014],[14.146201087471859,55.98278681230512],[14.146197138897053,55.98278406688699],[14.146194222905184,55.98278094346537],[14.146192451417681,55.9827775619235],[14.1461918924275,55.982774052051795],[14.146192567389487,55.98277054856619],[14.14623748776343,55.982649972694055],[14.146239373819355,55.98264660603842],[14.14624239833415,55.982643510125946],[14.146246444933666,55.98264080407764],[14.146251357917222,55.982638592013814],[14.14625694824849,55.9826369590477],[14.14626300082902,55.982635968010754],[14.146269282774526,55.98263565703492],[14.146275552375522,55.98263603808558],[14.146729948640054,55.98268927729842],[14.146735957516892,55.98269033398369],[14.146741482810608,55.98269202581254],[14.146746312447494,55.98269428784867],[14.146750261054677,55.98269703326986],[14.146753177075173,55.98270015670037],[14.146754948585002,55.98270353825566],[14.146755507589134,55.982707048143624],[14.146754832631334,55.982710551646456],[14.146709912164166,55.98283112750572],[14.14670802610644,55.98283449414469],[14.146705001594476,55.98283759004311],[14.146700955000824,55.9828402960815],[14.146696042024312,55.98284250814078],[14.146690451699307,55.982844141108465],[14.146684399122316,55.98284513215361],[14.146678117175789,55.98284544314413],[14.146671847567564,55.98284506211417],[14.146217451188438,55.98279182288862]]]}},{"type":"Feature","properties":{"color":"#E58E27","district":"Sahara"},"geometry":{"type":"Polygon","coordinates":[[[14.146282052135021,55.982618423001256],[14.146276043217389,55.98261736627858],[14.146270517903492,55.98261567440012],[14.146265688272866,55.98261341230569],[14.146261739702352,55.982610666821834],[14.146258823750738,55.982607543329216],[14.146257052341456,55.982604161717575],[14.146256493466622,55.98260065178412],[14.146257168577328,55.982597148251436],[14.146305187127057,55.98246827114652],[14.146307073222033,55.98246490464359],[14.14631009767377,55.98246180887306],[14.146314144119629,55.98245910294124],[14.146319056876992,55.98245689095581],[14.146324646932987,55.982455258020366],[14.146330699216541,55.98245426696022],[14.14633698087297,55.982453955905314],[14.146343250222772,55.98245433682308],[14.14679773227838,55.98250757638655],[14.146803742516243,55.98250863325993],[14.146809268946209,55.98251032556265],[14.146814099354884,55.98251258831076],[14.146818048255813,55.98251533461539],[14.146820964012086,55.982518459019204],[14.146822734659182,55.982521841545925],[14.146823292204406,55.98252535230739],[14.146822615237827,55.98252885649124],[14.146774525162662,55.982657734915094],[14.146772637696488,55.98266110055505],[14.146769612378332,55.98266419538664],[14.14676556556452,55.982666900379776],[14.14676065289915,55.98266911149782],[14.146755063327898,55.982670743699074],[14.146749011830977,55.98267173420753],[14.14674273115477,55.98267204492723],[14.146736462860158,55.98267166390764],[14.146282052135021,55.982618423001256]]]}},{"type":"Feature","properties":{"color":"#E58E27","district":"Sahara"},"geometry":{"type":"Polygon","coordinates":[[[14.146349754803069,55.982436722309046],[14.14634374559786,55.98243566565405],[14.146338220001645,55.9824339737819],[14.146333390122637,55.98243171163765],[14.14632944136281,55.9824289660571],[14.146326525300976,55.98242584243341],[14.146324753874215,55.98242246067151],[14.146324195081034,55.98241895058527],[14.146324870371197,55.9824154469145],[14.14637438557877,55.98228257142207],[14.146376271848423,55.98227920493531],[14.146379296464923,55.98227610920217],[14.146383343058286,55.98227340332852],[14.146388255938867,55.982271191420715],[14.14639384608741,55.98226955858012],[14.146399898427417,55.98226856762894],[14.146406180100008,55.98226825669324],[14.146412449422966,55.982268637735984],[14.146866860165753,55.98232187864515],[14.146872868123761,55.98232293511781],[14.146878392682323,55.982324626553726],[14.146883221858975,55.98232688805095],[14.146887170353592,55.982329632833746],[14.14689008665855,55.982332755582235],[14.146891858872221,55.98233613647361],[14.146892418992774,55.98233964577985],[14.146891745527514,55.9823431488455],[14.146842302240724,55.98247602306159],[14.146840417309544,55.98247939035802],[14.146837393547187,55.98248248698064],[14.146833347326503,55.98248519375223],[14.146828434370972,55.98248740649943],[14.146822843761507,55.982489040062006],[14.146816790659445,55.98249003157027],[14.146810508025776,55.98249034286483],[14.146804237655344,55.98248996196516],[14.146349754803069,55.982436722309046]]]}},{"type":"Feature","properties":{"color":"#E58E27","district":"Sahara"},"geometry":{"type":"Polygon","coordinates":[[[14.146418952768713,55.98225102307918],[14.146412943816426,55.982249966341904],[14.146407418479143,55.982248274429914],[14.14640258884371,55.982246012286254],[14.14639864029277,55.98224326674203],[14.146395724388945,55.98224014318335],[14.146393953057224,55.98223676150618],[14.146393394288804,55.98223325151414],[14.14639406953134,55.982229747936145],[14.146447086199197,55.98208747058842],[14.146448972369667,55.98208410415785],[14.146451996842137,55.98208100846356],[14.146456043256688,55.98207830260525],[14.146460955936613,55.98207609068469],[14.146466545877736,55.982074457800366],[14.146472598019901,55.982073466773755],[14.146478879520906,55.9820731557323],[14.146485148714534,55.982073536642616],[14.146939632618407,55.98212677642262],[14.146945642814027,55.98212783329251],[14.146951169206051,55.98212952559502],[14.146955999581591,55.98213178834594],[14.146959948454613,55.982134534655884],[14.146962864188598,55.98213765906684],[14.146964634819371,55.9821410416017],[14.14696519235455,55.9821445523714],[14.146964515384502,55.98214805656268],[14.146911425267534,55.98229033500408],[14.146909537814874,55.982293700634884],[14.146906512526797,55.98229679545776],[14.14690246575794,55.982299500443524],[14.14689755314997,55.98230171155626],[14.146891963645492,55.982303343754886],[14.146885912221181,55.982304334263745],[14.146879631619573,55.98230464498712],[14.146873363397578,55.98230426397427],[14.146418952768713,55.98225102307918]]]}},{"type":"Feature","properties":{"color":"#E58E27","district":"Sahara"},"geometry":{"type":"Polygon","coordinates":[[[14.146491652329562,55.98205592202309],[14.146485643333866,55.98205486541145],[14.146480117908652,55.98205317361431],[14.146475288144348,55.98205091157044],[14.14647133942872,55.98204816610714],[14.146468423330855,55.98204504260759],[14.1464666517833,55.98204166096551],[14.146466092785595,55.982038150983335],[14.14646676779422,55.98203464738975],[14.14652148767761,55.981887771413504],[14.14652337367297,55.98188440487],[14.146526398031803,55.981881309054444],[14.146530444393274,55.981878603076666],[14.146535357075656,55.98187639104768],[14.146540947066091,55.981874758074035],[14.146546999292761,55.981873766983526],[14.146553280899642,55.9818734559078],[14.146559550205465,55.981873836815275],[14.147014047534233,55.98192707816788],[14.147020056552417,55.98192813476061],[14.147025582005522,55.981929826546235],[14.147030411800376,55.98193208858598],[14.147034360546371,55.98193483405198],[14.147037276671654,55.98193795756024],[14.147039048241176,55.98194133921559],[14.147039607253339,55.981944849213946],[14.147038932250247,55.981948352824794],[14.146984212253079,55.982095228785994],[14.146982326253795,55.98209859531266],[14.146979301894975,55.98210169111393],[14.146975255535954,55.98210439708145],[14.146970342856749,55.9821066091055],[14.146964752868401,55.9821082420803],[14.146958700640937,55.98210923317849],[14.146952419028718,55.98210954426845],[14.146946149711523,55.98210916338121],[14.146491652329562,55.98205592202309]]]}},{"type":"Feature","properties":{"color":"#E58E27","district":"Sahara"},"geometry":{"type":"Polygon","coordinates":[[[14.146566056879957,55.98185622255813],[14.146560047535681,55.98185516585997],[14.146554521835439,55.98185347389714],[14.146549691907726,55.9818512116231],[14.146545743170625,55.98184846588533],[14.146542827213715,55.98184534209115],[14.146541055978641,55.98184196016118],[14.14654049746178,55.98183844992575],[14.146541173103929,55.98183494614074],[14.146595886617824,55.9816881608009],[14.146597772560648,55.98168479522093],[14.14660079623933,55.98168170025812],[14.14660484138031,55.98167899492697],[14.146609752430548,55.98167678325893],[14.146615340539228,55.981675150301996],[14.146621390819847,55.98167415885028],[14.146627670613512,55.98167384702933],[14.146633938435617,55.98167422682991],[14.147088434818107,55.98172738527039],[14.147094445557437,55.981728441087284],[14.147099972852285,55.981730132424445],[14.147104804454154,55.98173239433447],[14.147108754829112,55.98173513995985],[14.147111672282293,55.981738263868394],[14.147113444783018,55.981741646101774],[14.1471140042668,55.981745156781955],[14.14711332924908,55.98174866109848],[14.147058612315245,55.98189552883723],[14.147056726322745,55.98189889535855],[14.147053701979942,55.98190199115465],[14.14704965564526,55.981904697117784],[14.14704474299736,55.98190690913857],[14.14703915304559,55.98190854211163],[14.147033100858005,55.98190953320986],[14.147026819286818,55.981909844301676],[14.1470205500096,55.98190946341811],[14.146566056879957,55.98185622255813]]]}},{"type":"Feature","properties":{"color":"#E58E27","district":"Sahara"},"geometry":{"type":"Polygon","coordinates":[[[14.146640464876649,55.98165661490283],[14.146634454181218,55.9816555590687],[14.146628926933573,55.98165386771978],[14.14662409537927,55.98165160580372],[14.146620145049239,55.98164886017775],[14.146617227635415,55.98164573627355],[14.146615455165811,55.981642354048624],[14.14661489570268,55.98163884337985],[14.146615570728985,55.98163533907635],[14.14667028755331,55.981488471311025],[14.146672173535107,55.981485104778265],[14.146675197861908,55.98148200897299],[14.146679244174724,55.981479303004065],[14.146684156794509,55.98147709098155],[14.146689746711804,55.98147545801139],[14.14669579885874,55.981474466920844],[14.146702080383573,55.98147415584136],[14.146708349609465,55.981474536741494],[14.147162843152804,55.981527777650626],[14.14716885249815,55.98152883432824],[14.147174378206975,55.981530526279805],[14.147179208148225,55.981532788551604],[14.147183156901136,55.9815355342954],[14.14718607287353,55.98153865810259],[14.147187844121417,55.98154204005065],[14.147188402646544,55.98154555030706],[14.147187727006877,55.98154905411361],[14.147133013375015,55.98169583944975],[14.14713112743506,55.981699205007516],[14.147128103772413,55.98170229995086],[14.147124058658232,55.98170500526737],[14.147119147642485,55.98170721692721],[14.147113559572482,55.98170884988355],[14.147107509330965,55.98170984134297],[14.147101229573016,55.98171015318001],[14.147094961779544,55.98170977340334],[14.146640464876649,55.98165661490283]]]}},{"type":"Feature","properties":{"color":"#E58E27","district":"Sahara"},"geometry":{"type":"Polygon","coordinates":[[[14.145541836154225,55.98218503544961],[14.14553561669642,55.982184468151964],[14.14552971450547,55.98218323303938],[14.145524356331373,55.9821813775623],[14.145519748024057,55.9821789730044],[14.145516066625007,55.98217611174378],[14.145513453565721,55.98217290370417],[14.145512009234222,55.98216947213176],[14.145511789118386,55.982165948860334],[14.145544995212097,55.9818725005494],[14.145546008256128,55.98186901988459],[14.145548215776111,55.981865716705826],[14.14555153291146,55.98186271799216],[14.14555583214643,55.981860139018465],[14.145560948212035,55.98185807892426],[14.145566684439238,55.981856616902526],[14.145572820319188,55.98185580915543],[14.145579119979867,55.98185568673395],[14.146104472010714,55.98187436479034],[14.146110690788765,55.98187493200142],[14.146116592390062,55.98187616689309],[14.146121950134278,55.98187802203314],[14.146126558230543,55.98188042616579],[14.146130239681849,55.98188328694832],[14.146132853083502,55.98188649449812],[14.146134298054493,55.98188992561326],[14.146134519093176,55.9818934485046],[14.14610139725127,55.982186896806155],[14.146100385045719,55.98219037786839],[14.146098178094533,55.98219368150751],[14.146094861251154,55.98219668070389],[14.14609056204267,55.98219926014323],[14.146085445766634,55.98220132065016],[14.14607970913565,55.982202783001476],[14.14607357271408,55.98220359097207],[14.14606727243765,55.982203713496745],[14.145541836154225,55.98218503544961]]]}},{"type":"Feature","properties":{"color":"#E58E27","district":"Sahara"},"geometry":{"type":"Polygon","coordinates":[[[14.146714865637486,55.981456923588034],[14.146708855623077,55.981455866723294],[14.146703329394294,55.98145417444105],[14.14669849915299,55.981451911723354],[14.146694550375672,55.98144916545638],[14.146691634691383,55.98144604109416],[14.146689864059296,55.98144265860913],[14.146689306469641,55.98143914788541],[14.146689983332976,55.98143564373128],[14.14674657829413,55.98128395720218],[14.146748465137101,55.98128059215991],[14.146751489387855,55.98127749779094],[14.146755534774506,55.98127479306271],[14.146760445766242,55.98127258196232],[14.146766033552938,55.98127094949865],[14.146772083304224,55.98126995843404],[14.14677836242892,55.981269646871375],[14.146784629517304,55.98127002678909],[14.147239039826337,55.98132318484682],[14.147245050070842,55.981324240692],[14.147250576911864,55.981325931971426],[14.147255408145082,55.98132819374804],[14.147259358274095,55.98133093918045],[14.147262275632604,55.98133406285715],[14.147264048207683,55.981337444843824],[14.147264607940569,55.98134095528829],[14.147263933339849,55.98134445940611],[14.147207409717625,55.98149622739149],[14.147205524036092,55.98149959411108],[14.147202499897803,55.981502690120216],[14.147198453662574,55.981505396293436],[14.147193541017636,55.981507608505005],[14.14718795098727,55.98150924163542],[14.147181898659678,55.98151023284652],[14.147175616911001,55.981510543999356],[14.147169347444875,55.98151016312168],[14.146714865637486,55.981456923588034]]]}},{"type":"Feature","properties":{"color":"#E58E27","district":"Sahara"},"geometry":{"type":"Polygon","coordinates":[[[14.144558900621039,55.98293734088843],[14.144552644441644,55.982936795481386],[14.144546700647963,55.982935574728195],[14.144541299766423,55.98293372597505],[14.144536651266858,55.98293132092469],[14.144532935438326,55.98292845285559],[14.14453029639671,55.98292523300397],[14.144528836495308,55.982921786249776],[14.144528612355145,55.982918246273165],[14.144561795472882,55.9826250010035],[14.144562808546727,55.982621520300626],[14.144565016145538,55.98261821708832],[14.14456833340384,55.98261521834962],[14.144572632798383,55.98261263936295],[14.144577749050441,55.982610579270435],[14.14458348547952,55.98260911726672],[14.144589621564197,55.98260830955457],[14.144595921419436,55.98260818718424],[14.145177743409208,55.982628877621515],[14.145183932095623,55.982629440404004],[14.145189807852224,55.982630664461745],[14.145195147213194,55.982632503241575],[14.145199747112756,55.98263488681136],[14.14520343260811,55.982637724519506],[14.145206063532846,55.98264090844277],[14.145207539827743,55.982644317490596],[14.145207805346242,55.98264782201058],[14.145179016645734,55.9829387470735],[14.145178052469173,55.98294223299017],[14.145175890714475,55.982945546596525],[14.145172614524737,55.982948560447696],[14.145168349905495,55.982951158627756],[14.145163260878443,55.98295324120787],[14.145157543172992,55.98295472808972],[14.1451514166983,55.98295556208623],[14.145145117085292,55.98295571112098],[14.144558900621039,55.98293734088843]]]}},{"type":"Feature","properties":{"color":"#E58E27","district":"Sahara"},"geometry":{"type":"Polygon","coordinates":[[[14.145241431643656,55.98295871881741],[14.145235204382189,55.98295817899838],[14.145229284951693,55.982956970011855],[14.145223900755202,55.982955138302756],[14.145219258633915,55.9829527542387],[14.145215536921109,55.98294990940677],[14.145212878591222,55.98294671309501],[14.145211385767308,55.98294328809408],[14.145211115797881,55.982939765979964],[14.145239862532158,55.98264926257461],[14.145240834465804,55.98264575978991],[14.145243015465413,55.9826424316677],[14.14524632082073,55.982639407472135],[14.145250622151654,55.98263680466289],[14.145255752394528,55.98263472433288],[14.145261512290896,55.982633247282045],[14.145267678126691,55.98263243087892],[14.145274010421243,55.98263230683256],[14.14572704717074,55.98264847198727],[14.145733235107867,55.98264903543528],[14.145739109936185,55.9826502600075],[14.145744448264498,55.98265209913945],[14.14574904710203,55.98265448289783],[14.145752731577147,55.98265732063991],[14.145755361586904,55.98266050446009],[14.145756837124475,55.98266391329311],[14.14575710208198,55.98266741751746],[14.145728519189898,55.98295585900662],[14.145727554996501,55.98295934387077],[14.14572539393557,55.982962656513195],[14.14572211907457,55.982965669601164],[14.145717856293759,55.98296826731633],[14.145712769447584,55.98297034980656],[14.145707054066364,55.982971837024195],[14.145700929840416,55.982972671802905],[14.145694632175474,55.98297282205507],[14.145241431643656,55.98295871881741]]]}},{"type":"Feature","properties":{"color":"#E58E27","district":"Sahara"},"geometry":{"type":"Polygon","coordinates":[[[14.144526230835904,55.982560639679],[14.144520012124032,55.982560071905475],[14.144514110787055,55.98255883648212],[14.14450875349476,55.98255698086143],[14.144504146020155,55.98255457631764],[14.144500465335728,55.98255171520903],[14.14449785281595,55.982548507430465],[14.144496408807132,55.98254507619239],[14.144496188773156,55.98254155328816],[14.144529394847389,55.98224810514941],[14.144530408073807,55.98224462411279],[14.144532616040323,55.982241320614584],[14.14453593385077,55.98223832167368],[14.14454023393578,55.982235742598725],[14.144545350957836,55.98223368255457],[14.144551088168457,55.98223222074951],[14.144557224973145,55.98223141338956],[14.144563525413155,55.982231291517564],[14.14485437767475,55.982241660314244],[14.144860595658583,55.982242228028994],[14.144866496351549,55.98224346324964],[14.144871853158365,55.98224531854183],[14.144876460369701,55.98224772265966],[14.144880141061694,55.98225058328146],[14.144882753890103,55.98225379055512],[14.144884198518149,55.982257221316544],[14.144884419469632,55.98226074381934],[14.144851297609591,55.98255419228161],[14.144850285224793,55.98255767370953],[14.144848077834624,55.98256097766282],[14.1448447603275,55.98256397708269],[14.14484046028324,55.98256655662164],[14.144835343066804,55.982568617079345],[14.144829605468924,55.98257007921755],[14.144823468138194,55.98257088680737],[14.144817167095637,55.98257100879162],[14.144526230835904,55.982560639679]]]}},{"type":"Feature","properties":{"color":"#E58E27","district":"Sahara"},"geometry":{"type":"Polygon","coordinates":[[[14.144913434014612,55.982574431419664],[14.144907214406503,55.98257386463769],[14.144901311886064,55.98257263002769],[14.144895953211517,55.98257077501988],[14.144891344247974,55.98256837087843],[14.144887662058666,55.98256550996373],[14.144885048102681,55.982562302183986],[14.144883602800524,55.98255887077304],[14.144883381676273,55.98255534755591],[14.144916503275198,55.982261899250254],[14.144917515322367,55.9822584185045],[14.144919721901607,55.9822551151357],[14.144923038188999,55.98225211612941],[14.144927336702162,55.982249536771114],[14.144932452200855,55.98224747621444],[14.14493818803902,55.98224601366972],[14.14494432372408,55.98224520535893],[14.144950623392932,55.98224508235445],[14.14548605799609,55.98226406879597],[14.14549227827033,55.982264635617646],[14.145498181382967,55.982265870418274],[14.145503540501851,55.98226772574961],[14.145508149698168,55.98227013031894],[14.145511831859436,55.982272991728614],[14.145514445495191,55.98227620002649],[14.145515890173916,55.982279631930936],[14.145516110382236,55.982283155567956],[14.145482904045576,55.98257660387441],[14.1454818911507,55.98258008418206],[14.145479683999941,55.98258338705411],[14.145476367421509,55.982586385549716],[14.145472068882864,55.98258896442614],[14.145466953591727,55.9825910245682],[14.145461218146584,55.98259248679736],[14.145455082980698,55.982593294915034],[14.145448783890062,55.9825934178624],[14.144913434014612,55.982574431419664]]]}},{"type":"Feature","properties":{"color":"#E58E27","district":"Sahara"},"geometry":{"type":"Polygon","coordinates":[[[14.14554502695882,55.98259684255442],[14.145538808788027,55.9825962744572],[14.145532908063943,55.982595038822126],[14.145527551400695,55.982593183103084],[14.145522944517966,55.982590778567975],[14.145519264340427,55.98258791756169],[14.145516652203053,55.98258470995956],[14.145515208423241,55.982581278947755],[14.145514988448218,55.98257775629235],[14.145548194512939,55.98228430823773],[14.145549207858235,55.98228082695191],[14.145551416114031,55.98227752323991],[14.145554734360688,55.98227452414727],[14.145559034993504,55.98227194500525],[14.145564152629838,55.98226988499573],[14.14556989046897,55.982268423337175],[14.14557602786013,55.98226761623817],[14.145582328787699,55.98226749473601],[14.145813681689326,55.982275757339586],[14.145819899112807,55.98227632538922],[14.14582579917116,55.98227756082889],[14.145831155326704,55.982279416222866],[14.145835761925275,55.98228182033172],[14.14583944209249,55.98228468084768],[14.145842054524984,55.98228788793883],[14.145843498915895,55.98229131846613],[14.145843719806265,55.9822948407115],[14.145810597937533,55.98258828925083],[14.145809585436176,55.98259177092325],[14.145807377762262,55.98259507508635],[14.145804059827237,55.98259807465514],[14.145799759245591,55.98260065425988],[14.145794641426557,55.9826027146836],[14.145788903212134,55.98260417667804],[14.145782765306121,55.982604984011786],[14.145776463785365,55.98260510563311],[14.14554502695882,55.98259684255442]]]}},{"type":"Feature","properties":{"color":"#E58E27","district":"Sahara"},"geometry":{"type":"Polygon","coordinates":[[[14.143242729271218,55.98172763551574],[14.143236510417823,55.98172706825805],[14.143230608766462,55.98172583329782],[14.143225251007875,55.981723978071656],[14.143220642941042,55.981721573841355],[14.143216961568134,55.98171871295684],[14.14321434829561,55.98171550530867],[14.14321290350262,55.98171207410704],[14.143212682685347,55.98170855114917],[14.143245100767533,55.9814215027127],[14.14324611315079,55.98141802173135],[14.14324832020276,55.98141471818884],[14.143251637068623,55.98141171909644],[14.143255936224612,55.981409139760295],[14.143261052380968,55.98140707934804],[14.143266788836822,55.98140561707634],[14.143272925042751,55.98140480916511],[14.143279225080216,55.98140468667608],[14.143807462586201,55.98142346469468],[14.143813682118582,55.981424031993804],[14.14381958437327,55.98142526714889],[14.143824942584294,55.98142712270498],[14.143829550887881,55.98142952737117],[14.143833232231787,55.981432388759664],[14.143835845177671,55.98143559693522],[14.14383728933523,55.98143902863892],[14.143837509219244,55.98144255202384],[14.143805006695233,55.98172960046543],[14.143803993448588,55.98173308100092],[14.14380178581468,55.98173638403778],[14.143798468652733,55.98173938261019],[14.143794169471326,55.98174196145564],[14.143789053527113,55.981744021445515],[14.143783317472506,55.98174548339557],[14.14377718179652,55.98174629110968],[14.143770882349328,55.98174641354001],[14.143242729271218,55.98172763551574]]]}},{"type":"Feature","properties":{"color":"#E58E27","district":"Sahara"},"geometry":{"type":"Polygon","coordinates":[[[14.143867143231354,55.981749831341475],[14.143860922893655,55.98174926449075],[14.143855019737462,55.98174802962936],[14.143849660608096,55.981746174210265],[14.143845051445048,55.98174376953318],[14.143841369368152,55.98174090800455],[14.143838755871274,55.9817376995866],[14.14383731138503,55.9817342675717],[14.143837091417488,55.98173074384455],[14.143869592473528,55.98144370626448],[14.1438706059647,55.98144022518509],[14.143872814202952,55.981436921680825],[14.143876132278395,55.98143392277571],[14.143880432606563,55.98143134378144],[14.143885549834213,55.981429283863605],[14.14389128719739,55.98142782222866],[14.143897424087227,55.98142701507829],[14.143903724532617,55.98142689344843],[14.144252978456604,55.98143935840324],[14.14425919618535,55.981439926354824],[14.144265096553566,55.981441161788155],[14.14427045298248,55.981443017261654],[14.144275059780945,55.981445421523645],[14.14427874004412,55.98144828224862],[14.144281352446749,55.98145148958242],[14.144282796670195,55.98145492036086],[14.14428301725479,55.9814584428393],[14.14425059948534,55.98174540219686],[14.14424958716641,55.98174888275989],[14.144247380450842,55.98175218592896],[14.144244064159844,55.98175518473721],[14.144239765764455,55.98175776391673],[14.144234650485844,55.981759824329274],[14.144228914944565,55.98176128677682],[14.144222779602869,55.98176209504593],[14.144216480290558,55.98176221806843],[14.143867143231354,55.981749831341475]]]}},{"type":"Feature","properties":{"color":"#E58E27","district":"Sahara"},"geometry":{"type":"Polygon","coordinates":[[[14.143603649264598,55.98133527259975],[14.143597623614212,55.98133473404719],[14.143591888386158,55.981333568232515],[14.143586650193416,55.98133181715447],[14.143582097743078,55.98132954389611],[14.143578395038123,55.98132683035207],[14.143575675469165,55.98132377427842],[14.143574037009042,55.98132048577091],[14.143573538683357,55.98131708329871],[14.143574198444094,55.9813136894366],[14.143575992522942,55.98131042644912],[14.143578856287602,55.98130741188601],[14.143912610973139,55.981024607286464],[14.143916896394188,55.98102169419168],[14.143922173718618,55.98101934532417],[14.143928210745752,55.98101766403329],[14.143934741848375,55.98101672429529],[14.143941479660194,55.981016567458305],[14.144256266227291,55.98102776383352],[14.144262485368499,55.981028331214596],[14.144268387233664,55.98102956638337],[14.144273745093344,55.98103142188889],[14.144278353116844,55.98103382644902],[14.14428203427952,55.98103668768873],[14.144284647163449,55.981039895689],[14.144286091390255,55.981043327209385],[14.144286311477332,55.98104685042252],[14.144253104727051,55.981340302384325],[14.144252091795499,55.98134378280988],[14.144249884566015,55.98134708578161],[14.144246567875733,55.98135008434593],[14.144242269205275,55.98135266324953],[14.14423715377892,55.98135472336925],[14.144231418214014,55.981356185521896],[14.144225282963756,55.981356993507944],[14.144218983843778,55.98135711627146],[14.143603649264598,55.98133527259975]]]}},{"type":"Feature","properties":{"color":"#165B57","district":"Amazonas"},"geometry":{"type":"Polygon","coordinates":[[[14.130048528558302,55.981215058781885],[14.130050691393032,55.98121184058398],[14.130053909247179,55.98120891142436],[14.130058064541375,55.98120637833339],[14.13006300544264,55.981204333869215],[14.130068551412316,55.981202852735706],[14.130074499802866,55.98120198905294],[14.130080633262516,55.981201774379464],[14.13008672767717,55.981202216559396],[14.130092560359413,55.981203299435656],[14.1300947577512,55.981203842746204],[14.130099468114244,55.981204770015474],[14.130185456051237,55.981217595335124],[14.130190752553212,55.98121812442161],[14.130324339666512,55.98122508310474],[14.130329828549526,55.98122510549044],[14.130401098472483,55.98122197859522],[14.130407406385721,55.98122204925421],[14.130413568166581,55.981222807773044],[14.130419346509706,55.98122422493933],[14.13042451887682,55.98122624617447],[14.130428886067195,55.981228793635744],[14.130432279889344,55.98123176921408],[14.130434569638517,55.981235058312606],[14.13043566713048,55.98123853425991],[14.130489684260061,55.981632490997825],[14.130489548115564,55.98163601581783],[14.130488185543784,55.98163945806307],[14.130485648898098,55.98164268547324],[14.130482035643036,55.98164557404244],[14.130477484609465,55.981648012783964],[14.130472170660363,55.981649907994765],[14.130466297972093,55.98165118685563],[14.130460092189391,55.981651800229194],[14.130323833900883,55.981657658443154],[14.130318416637431,55.98165763523781],[14.130055351144852,55.9816440551608],[14.130050000018715,55.981643520740484],[14.12988676287129,55.98161910006855],[14.129880853783556,55.981617857108226],[14.129875492769173,55.981615992097346],[14.129870886537237,55.98161357694672],[14.129867212693968,55.981610704779364],[14.12986461289459,55.98160748633985],[14.129863187381442,55.981604045724175],[14.129862991118882,55.98160051559499],[14.129864031674034,55.98159703206633],[14.130048528558302,55.981215058781885]]]}},{"type":"Feature","properties":{"color":"#165B57","district":"Amazonas"},"geometry":{"type":"Polygon","coordinates":[[[14.130530377333173,55.981216367158886],[14.130642805108725,55.98120501083451],[14.130648643055514,55.98120472479223],[14.130654476822473,55.981205036385205],[14.13066011256942,55.98120593526009],[14.13066536303581,55.98120739154967],[14.130670053762879,55.981209356865435],[14.130674028890407,55.981211765905286],[14.13067715633554,55.98121453862331],[14.131012368724605,55.98158221676957],[14.131014760781195,55.981585686669696],[14.131015826147678,55.98158935762213],[14.131015519275794,55.981593072681726],[14.131013853284928,55.98159667301757],[14.131010899401282,55.981600004703495],[14.131006783912763,55.98160292529903],[14.131001682769828,55.98160530993907],[14.130995814063018,55.981607056672395],[14.13098942869889,55.98160809082036],[14.130628068699325,55.98164450553837],[14.130624823205366,55.98164473793757],[14.130556248912177,55.9816476743811],[14.130549948648467,55.981647597625226],[14.13054379617946,55.98164683477541],[14.130538027890273,55.9816454151412],[14.130532865405323,55.98164339326664],[14.130528507073231,55.981640846834495],[14.130525120346029,55.981637873681684],[14.130522835345468,55.98163458804017],[14.130521739863608,55.981631116148115],[14.130467722472607,55.98123715988513],[14.130467859525988,55.98123363084694],[14.130469225901985,55.981230184744334],[14.130471768974456,55.98122695430359],[14.130475390796981,55.981224063944765],[14.13047995187529,55.981221624989644],[14.130485276539897,55.981219731374296],[14.130491159711987,55.98121845603103],[14.130497374801983,55.981217848079545],[14.130527069192283,55.981216602946866],[14.130530377333173,55.981216367158886]]]}},{"type":"Feature","properties":{"color":"#BA2F4B","district":"Stora Barriärrevet"},"geometry":{"type":"Polygon","coordinates":[[[14.12809481644333,55.977744997977545],[14.12809379756307,55.97774839840744],[14.128091637753773,55.97775162758274],[14.128088416380782,55.97775456684227],[14.128084251818354,55.97775710817828],[14.128079297099836,55.9777591582053],[14.128073734294219,55.977760641591786],[14.128067767815708,55.9777615038283],[14.128061616912177,55.97776171323057],[14.12805550760853,55.97776126210379],[14.128049664400999,55.97776016702533],[14.128044302007654,55.97775846823562],[14.128039617478203,55.977756228159414],[14.128035782953072,55.97775352911193],[14.127688544686245,55.97745413784289],[14.127685590958006,55.97745092422821],[14.127683844947159,55.97744744511286],[14.12768337713174,55.97744384093267],[14.127684206394928,55.97744025717161],[14.12768629926288,55.97743683848942],[14.127689571255965,55.977433722882374],[14.127693890298858,55.977431036112954],[14.127699082051835,55.97742888663344],[14.127704936948074,55.977427361208235],[14.127711218652863,55.977426521411594],[14.127717673603296,55.97742640114213],[14.128100674751591,55.97744085257054],[14.128106901167998,55.97744143510726],[14.128112804053217,55.97744268725304],[14.12811815576244,55.97744456071887],[14.128122749906893,55.97744698325456],[14.128126409313195,55.97744986143496],[14.12812899285605,55.97745308426303],[14.128130400900789,55.97745652745031],[14.128130579145791,55.977460058210134],[14.12809481644333,55.977744997977545]]]}},{"type":"Feature","properties":{"color":"#BA2F4B","district":"Stora Barriärrevet"},"geometry":{"type":"Polygon","coordinates":[[[14.128153016749048,55.97779472644246],[14.12814680541688,55.97779413502624],[14.128140919564908,55.97779287709231],[14.128135585298581,55.9777910009643],[14.128131007534064,55.977788578713806],[14.128127362126353,55.97778570339175],[14.128124789113798,55.977782485453844],[14.128123387338544,55.97777904851732],[14.128123210649536,55.977775524612284],[14.128162668421165,55.97746114249664],[14.12816371993814,55.97745767449416],[14.128165957700062,55.97745438732076],[14.128169296119905,55.97745140669955],[14.128173607514324,55.97744884662908],[14.128178726987127,55.97744680502322],[14.128184458736003,55.97744535996637],[14.128190583541272,55.977444566726994],[14.128196867150265,55.97744445564374],[14.128409939107824,55.97745237781514],[14.128416170415553,55.97745295752196],[14.128422078807409,55.97745420783953],[14.128427436138026,55.977456080488295],[14.128432035540518,55.977458503158246],[14.12843569941438,55.977461382300945],[14.128438286283316,55.977464606741705],[14.1284396962582,55.977468051972664],[14.1284398748942,55.97747158496026],[14.12840034598218,55.97778644920608],[14.128399290079624,55.97778992592957],[14.128397042007892,55.977793220548],[14.128393688188766,55.977796206407135],[14.128389357552082,55.97779876872236],[14.128384216579347,55.97780080899113],[14.128378462903724,55.97780224877983],[14.12837231771247,55.977803032739004],[14.128366017243845,55.97780313073108],[14.128153016749048,55.97779472644246]]]}},{"type":"Feature","properties":{"color":"#BA2F4B","district":"Stora Barriärrevet"},"geometry":{"type":"Polygon","coordinates":[[[14.130226437835736,55.97785683839599],[14.130225884015756,55.977860555024364],[14.13022397216292,55.9778641278486],[14.130220784476991,55.97786740325507],[14.130216458012285,55.97787024041761],[14.130211178785048,55.97787251735235],[14.130205173775707,55.97787413616238],[14.130198701169821,55.977875027246895],[14.13019203925737,55.977875152293706],[14.129744588173471,55.97785751552682],[14.129738395162411,55.97785692716479],[14.129732524887277,55.97785567617603],[14.129727201498069,55.97785381032816],[14.129722628262469,55.97785140086655],[14.129718979804277,55.97784853979383],[14.129716395435596,55.97784533635685],[14.129714973837373,55.97784191287532],[14.129714769291422,55.97783840007097],[14.129739878807761,55.97762352902205],[14.129740908984589,55.97762004040432],[14.129743139056915,55.9776167319636],[14.1297464828391,55.97761373156079],[14.129750811104174,55.977611155152076],[14.12975595657808,55.97760910230761],[14.129761720404307,55.97760765236336],[14.129767879829048,55.97760686135513],[14.12977419680992,55.97760675985286],[14.130188541624644,55.97762295413551],[14.130194403707746,55.97762349105985],[14.130199989147263,55.977624622302166],[14.130205107229083,55.97762630923638],[14.130209583196901,55.977628494262305],[14.130213264219238,55.97763110277253],[14.130216024607858,55.97763404569976],[14.130217770109384,55.97763722255813],[14.130218441123594,55.9776405248741],[14.130226437835736,55.97785683839599]]]}},{"type":"Feature","properties":{"color":"#BA2F4B","district":"Stora Barriärrevet"},"geometry":{"type":"Polygon","coordinates":[[[14.130282428540777,55.978229476655095],[14.130282643368725,55.97823303791432],[14.130281599215065,55.97823655298346],[14.130279337059964,55.978239883904564],[14.130275945687263,55.97824289994696],[14.130271558199953,55.9782454827383],[14.130266346796233,55.97824753091015],[14.130260516011159,55.97824896407666],[14.130254294689108,55.97824972598947],[14.130247927002172,55.97824978674529],[14.129721394631922,55.978225524851794],[14.129715242063224,55.97822489990646],[14.129709422130666,55.978223620347904],[14.129704155044537,55.97822173459112],[14.129699640096854,55.97821931398798],[14.129696048120683,55.97821645012746],[14.129693515026297,55.97821325137016],[14.129692136658722,55.97820983874822],[14.129691965171254,55.9782063413858],[14.129723360810893,55.977955752264506],[14.129724415923693,55.977952275255966],[14.12972666339274,55.97794898028574],[14.129730016808804,55.97794599403624],[14.129734347242147,55.97794343132041],[14.129739488199547,55.97794139066754],[14.129745242025484,55.97793995053501],[14.129751387501459,55.977939166291854],[14.129757688351177,55.97793906809004],[14.13020085920048,55.977956539877894],[14.130206718476359,55.977957078456896],[14.130212300758979,55.977958210803],[14.130217415592261,55.97795989828281],[14.130221888468476,55.977962083323014],[14.130225566782096,55.977964691374495],[14.13022832503636,55.977967633455805],[14.130230069125009,55.97797080918912],[14.130230739542998,55.977974110224835],[14.13023241145069,55.97801938082186],[14.130232688194143,55.97802139280033],[14.130282428540777,55.978229476655095]]]}},{"type":"Feature","properties":{"color":"#165B57","district":"Amazonas"},"geometry":{"type":"Polygon","coordinates":[[[14.132634571437158,55.98070170062758],[14.13263300531949,55.98070533485908],[14.13263013022235,55.98070870946633],[14.132626070346973,55.98071167866938],[14.132621001076046,55.98071411420134],[14.13261514139735,55.98071591084945],[14.132608744443695,55.980716991000094],[14.132602086557775,55.9807173079917],[14.132595455354371,55.98071684813055],[14.132253838242406,55.980672613994464],[14.132247394180416,55.98067136412345],[14.132241566400806,55.98066938184129],[14.132236617193524,55.9806667563643],[14.132232769306613,55.980663605856904],[14.13223019592103,55.98066007211354],[14.13214963432085,55.98050369258632],[14.13214851227377,55.98050036064574],[14.13214852781326,55.98049697009541],[14.132149680386835,55.980493641417986],[14.132151929037699,55.98049049289747],[14.132155193860182,55.98048763641597],[14.132159358839205,55.98048517347805],[14.132164275972876,55.98048319160375],[14.132169770531718,55.98048176121856],[14.13217564726763,55.98048093315094],[14.132639215385419,55.98044111645811],[14.132645341534822,55.98044092171312],[14.132651422232822,55.980441381703535],[14.132657235965128,55.9804424796723],[14.132662570942726,55.98044417562142],[14.132667232817138,55.980446407769],[14.132671051760342,55.980449094799916],[14.132673888651464,55.98045213882803],[14.132675640144827,55.9804554289621],[14.132685097031455,55.980482373977026],[14.13268568428364,55.980485287300354],[14.13268541777555,55.98048821529756],[14.132634571437158,55.98070170062758]]]}},{"type":"Feature","properties":{"color":"#165B57","district":"Amazonas"},"geometry":{"type":"Polygon","coordinates":[[[14.1351457406587,55.980054234764516],[14.135149833280586,55.980056911048855],[14.135152915218926,55.98005998224871],[14.1351548682927,55.98006333059507],[14.135155617608547,55.980066827691395],[14.13515513443267,55.98007033943706],[14.135153437292741,55.98007373116977],[14.135150591267466,55.98007687282911],[14.135146705491106,55.980079643944116],[14.134790526393864,55.98028792397433],[14.134785519655972,55.98029030769673],[14.134779750895493,55.98029207175664],[14.134773461351617,55.9802931423842],[14.134766914041839,55.980293474807695],[14.134760382763021,55.98029305512575],[14.134668363718326,55.98028171664131],[14.134665109196737,55.98028141265759],[14.134563260460512,55.980274884610274],[14.13455711005704,55.98027414372841],[14.13455133532974,55.980272746870156],[14.134546157433757,55.98027074753116],[14.134541774667255,55.98026822228024],[14.134538354877176,55.980265267827065],[14.134536029031198,55.98026199731855],[14.134534886202076,55.98025853600552],[14.134534970156466,55.980255016446016],[14.134536277678835,55.98025157342873],[14.134538758694653,55.980248338810966],[14.134542318188151,55.98024543646892],[14.134924971019839,55.979990941828625],[14.134929608199139,55.97998842246698],[14.134935052445897,55.97998647302489],[14.134941083671984,55.97998517231013],[14.134947458060251,55.97998457290514],[14.134953917920999,55.979984699041324],[14.13496020210925,55.97998554561954],[14.135044393963268,55.980002048555974],[14.135050595156278,55.9800036988678],[14.13505602841522,55.980006048380076],[14.1351457406587,55.980054234764516]]]}},{"type":"Feature","properties":{"color":"#165B57","district":"Amazonas"},"geometry":{"type":"Polygon","coordinates":[[[14.13486272137767,55.9799665109599],[14.134868361677157,55.97996796575048],[14.134873396720502,55.97997000018991],[14.134877638582577,55.97997253834594],[14.134880928942396,55.97997548548588],[14.134883144992209,55.97997873161238],[14.134884204021143,55.97998215556882],[14.134884066502268,55.97998562956132],[14.134882737567953,55.979989023928496],[14.13488026681833,55.979992211980765],[14.134876746470104,55.979995074728926],[14.134476882001247,55.98026101596854],[14.134472274135486,55.98026352227647],[14.134466867317439,55.98026546574208],[14.134460877606681,55.98026676870333],[14.134454544355622,55.98026737909309],[14.1344481206448,55.98026727251981],[14.134202296204613,55.98024932467424],[14.1341961017965,55.98024851742781],[14.134190312667096,55.980247043703216],[14.134185155404703,55.98024496118248],[14.134180831866066,55.98024235137615],[14.134177511275618,55.98023931643282],[14.13417532360201,55.98023597514108],[14.13417435447111,55.98023245828002],[14.13417464181464,55.9802289035006],[14.134224929042997,55.98003525051409],[14.134226469952837,55.98003178386001],[14.13422920500108,55.98002855595296],[14.13423302630319,55.98002569411808],[14.13423778312733,55.9800233112407],[14.134243287840013,55.98002150131362],[14.134249323307326,55.98002033572955],[14.134255651459776,55.98001986046505],[14.134262022682934,55.98002009426698],[14.13435054144386,55.980028338956906],[14.134354821545985,55.98002852017879],[14.134357654474172,55.98002835582865],[14.134360389949775,55.98002791212495],[14.134364234130974,55.98002684375446],[14.13455724036151,55.97996056874377],[14.134561298650185,55.97995881559919],[14.134563483749847,55.97995736181182],[14.134565066923965,55.97995568148496],[14.13456643964045,55.979952917603775],[14.13459077695437,55.97987063431494],[14.134592349181396,55.97986732038369],[14.134595016819056,55.97986423358268],[14.134598682929196,55.9798614860816],[14.134603214290777,55.979859177720435],[14.134608446240929,55.97985739238147],[14.134614188658551,55.979856194941185],[14.134620232873012,55.97985562891271],[14.134626359246894,55.97985571486465],[14.134632345157245,55.97985644967365],[14.134637973085319,55.979857806637874],[14.134643038520839,55.97985973644735],[14.134647357393574,55.97986216897574],[14.13477143526879,55.97994686409675],[14.134774517077062,55.979948613676726],[14.13477690487185,55.97994954680723],[14.134780901669378,55.97995056348803],[14.13486272137767,55.9799665109599]]]}},{"type":"Feature","properties":{"color":"#6099C5","district":"Östersjön"},"geometry":{"type":"Polygon","coordinates":[[[14.142561504186263,55.98247280301167],[14.142560491260053,55.98247628338875],[14.142558284034001,55.98247958632024],[14.142554967342656,55.982482584857834],[14.142550668662992,55.982485163752564],[14.142545553214859,55.98248722388445],[14.142539817610755,55.98248868607217],[14.142533682299005,55.98248949411644],[14.142527383090783,55.98248961696002],[14.142082540531494,55.98247383248925],[14.142076320466836,55.98247326552503],[14.142070417597452,55.982472030631115],[14.142065058732321,55.98247017525647],[14.142060449777784,55.98246777069112],[14.142056767825894,55.98246490932689],[14.142054154349918,55.98246170110742],[14.142052709768452,55.98245826930371],[14.142052489587034,55.98245474577761],[14.142085695711701,55.982161297193],[14.142086708631934,55.98215781679846],[14.142088915853419,55.98215451385123],[14.14209223254045,55.98215151530136],[14.142096531214653,55.982148936399284],[14.142101646654712,55.98214687626603],[14.1421073822467,55.9821454140836],[14.142113517541016,55.982144606051484],[14.142119816725415,55.98214448322668],[14.14256465960088,55.98216026770868],[14.14257087965263,55.982160834652824],[14.142576782516466,55.98216206953376],[14.142582141381883,55.982163924902714],[14.142586750340781,55.98216632946931],[14.142590432299238,55.98216919084093],[14.142593045782126,55.98217239907275],[14.142594490369149,55.982175830892245],[14.142594710553416,55.9821793544357],[14.142561504186263,55.98247280301167]]]}},{"type":"Feature","properties":{"color":"#E58E27","district":"Sahara"},"geometry":{"type":"Polygon","coordinates":[[[14.142976724956652,55.98098221093132],[14.142983172313183,55.98098281172269],[14.142989269228277,55.98098412964865],[14.14299476369136,55.980986110233886],[14.142999428593585,55.980988671612664],[14.143003071115155,55.980991707912665],[14.143005540695372,55.98099509363109],[14.143006735255954,55.98099868882216],[14.143006605420398,55.98100234488178],[14.143005156554981,55.98100591068976],[14.143002448547,55.98100923885636],[14.142830915461833,55.98117339828984],[14.142829156365455,55.98117546896785],[14.14282805148468,55.98117767671902],[14.14278975062961,55.981290520029965],[14.14278784794428,55.981294074407245],[14.142784682154895,55.98129733474038],[14.14278038797865,55.981300162288676],[14.142775148150413,55.98130243672817],[14.142769185646602,55.981304061271956],[14.142762754196605,55.9813049667889],[14.142756127485514,55.9813051147455],[14.14238050235512,55.98129176447453],[14.142374355813292,55.9812912079957],[14.142368516284623,55.981289999083295],[14.142363202808097,55.98128818308328],[14.14235861469056,55.98128582811325],[14.142354924030776,55.981283022507434],[14.142352269264041,55.98127987150325],[14.142350749969557,55.981276493293834],[14.142350423135259,55.98127301459477],[14.142351301020271,55.981269565890834],[14.142477368898598,55.980979406639136],[14.142479491571065,55.98097602939792],[14.142482767722164,55.980972954248415],[14.142487067565062,55.98097030301446],[14.142492220758879,55.98096818072613],[14.142498023156874,55.980966671459065],[14.14250424489382,55.98096583500372],[14.142510639492205,55.980965704496704],[14.142976724956652,55.98098221093132]]]}},{"type":"Feature","properties":{"color":"#E58E27","district":"Sahara"},"geometry":{"type":"Polygon","coordinates":[[[14.143322181453462,55.980936986657525],[14.14331907491857,55.98094033528787],[14.143314788166537,55.980943247699514],[14.143309509808056,55.98094559575054],[14.14330347208321,55.980947276130046],[14.143296940643237,55.980948214903734],[14.143290202862225,55.980948370766875],[14.143124221587902,55.98094244287303],[14.143118003980314,55.98094187476155],[14.143112103785151,55.980940639174776],[14.143106747575423,55.98093878356036],[14.143102141034507,55.98093637917566],[14.143098461057713,55.98093351835127],[14.143095848959325,55.98093031094551],[14.143094405046037,55.98092688012567],[14.143094184765106,55.98092335763832],[14.143118496671953,55.98070830843657],[14.143119509650246,55.98070482707006],[14.143121717541385,55.980701523246815],[14.143125035437322,55.9806985240203],[14.1431293357432,55.980695944730215],[14.143134453084228,55.980693884567025],[14.143140190665417,55.98069242275725],[14.14314632783962,55.98069161551699],[14.14315262859281,55.980691493889836],[14.143441929201686,55.980701820952895],[14.143447891742516,55.98070235160783],[14.143453571801164,55.980703496608996],[14.143458769052183,55.98070521557421],[14.143463300197812,55.980707447878714],[14.143467005432557,55.98071011479315],[14.143469754079232,55.98071312226018],[14.14347144919774,55.98071636421181],[14.143472031003983,55.98071972631017],[14.143471478978391,55.98072308997996],[14.143469812589652,55.980726336590465],[14.143322181453462,55.980936986657525]]]}},{"type":"Feature","properties":{"color":"#E58E27","district":"Sahara"},"geometry":{"type":"Polygon","coordinates":[[[14.143062101877124,55.98092220394823],[14.143061089362389,55.98092568431476],[14.143058882606685,55.98092898727939],[14.143055566424374,55.98093198589571],[14.143051268269705,55.98093456491457],[14.143046153338249,55.98093662521371],[14.143040418217769,55.980938087607306],[14.143034283332527,55.980938895889594],[14.143027984471454,55.9809390189949],[14.142559938503124,55.98092243044384],[14.142553718536734,55.98092186373158],[14.142547815673248,55.98092062906035],[14.142542456726952,55.98091877387169],[14.14253784761233,55.980916369450256],[14.142534165431906,55.98091350818458],[14.142531551671178,55.980910300017186],[14.142530106762141,55.98090686822009],[14.142529886224265,55.98090334465809],[14.14255419803952,55.9806882962664],[14.142555210551462,55.98068481588177],[14.142557417308636,55.980681512900915],[14.142560733495248,55.980678514272135],[14.142565031655268,55.980675935246026],[14.142570146591172,55.98067387494601],[14.142575881713206,55.98067241255852],[14.142582016595211,55.98067160428962],[14.142588315446542,55.9806714812046],[14.143056361515203,55.98068806975924],[14.143062581482932,55.98068863645088],[14.14306848435453,55.98068987110893],[14.143073843313562,55.98069172629195],[14.143078452443223,55.980694130714994],[14.143082134638632,55.98069699198863],[14.143084748412045,55.980700200169096],[14.143086193329511,55.980703631982756],[14.14308641387006,55.98070715556288],[14.143062101877124,55.98092220394823]]]}},{"type":"Feature","properties":{"color":"#E58E27","district":"Sahara"},"geometry":{"type":"Polygon","coordinates":[[[14.142300163273172,55.98058016099119],[14.142294218998655,55.98057963329293],[14.142288554696878,55.98057849497077],[14.142283368892489,55.980576785921045],[14.142278843339525,55.980574566043224],[14.14227513665119,55.98057191314042],[14.142272378740724,55.9805689201926],[14.142270666268171,55.980565692097706],[14.142270059252628,55.980562341995174],[14.142270578968704,55.98055898730062],[14.142272207200923,55.980555745590486],[14.142470176407716,55.980268212561874],[14.142473263146092,55.98026483972403],[14.14247754436988,55.9802619035354],[14.142482830064699,55.98025953431327],[14.142488885634737,55.98025783721108],[14.142495442314825,55.98025688755155],[14.142502209099057,55.98025672748349],[14.143205860248232,55.98028166954424],[14.143212080282954,55.98028223627594],[14.143217983198564,55.9802834710024],[14.143223342166705,55.9802853262774],[14.143227951260933,55.98028773080924],[14.143231633369737,55.98029059220018],[14.143234247002319,55.98029380049694],[14.143235691725609,55.9802972324159],[14.143235912023595,55.9803007560803],[14.14320270494159,55.98059429546943],[14.143201691865373,55.98059777647243],[14.143199484123178,55.98060107995219],[14.143196166599983,55.9806040788936],[14.143191866850717,55.98060665799053],[14.14318675019593,55.98060871807954],[14.143181013365414,55.980610179952386],[14.143174876934134,55.98061098740163],[14.143168576841344,55.9806111093817],[14.142300163273172,55.98058016099119]]]}},{"type":"Feature","properties":{"color":"#E58E27","district":"Sahara"},"geometry":{"type":"Polygon","coordinates":[[[14.143976025510794,55.980972789167694],[14.143969677608846,55.980972202692136],[14.143963665559161,55.98097092079035],[14.143958230147117,55.98096899480308],[14.143953589063397,55.98096650186702],[14.143949928185359,55.980963541825425],[14.143947394132587,55.98096023322927],[14.143946088394708,55.98095670858928],[14.14394606326675,55.98095310906885],[14.143947319754744,55.98094957883024],[14.144063123908587,55.98073772418357],[14.144065469566206,55.98073455274129],[14.144068849293307,55.98073168832236],[14.144073140021122,55.980729235230996],[14.144078185508025,55.98072728279345],[14.14408380202887,55.9807259021053],[14.144089785065102,55.98072514344254],[14.144095916752029,55.9807250344309],[14.144328779944624,55.980733356197206],[14.144334997342083,55.980733924415574],[14.144340897305522,55.98073516007257],[14.14434625328165,55.980737015720045],[14.144350859605721,55.980739420102886],[14.144354539398861,55.980742280894866],[14.144357151360062,55.980745488244146],[14.144358595192035,55.98074891899135],[14.144358815452572,55.980752441398735],[14.144334502354063,55.98096749956338],[14.144333489670657,55.98097098028377],[14.144331282504508,55.9809742835521],[14.14432796570328,55.98097728238398],[14.144323666771356,55.98097986149817],[14.14431855096833,55.98098192174823],[14.144312814956095,55.98098338393393],[14.144306679238746,55.9809841918458],[14.144300379685937,55.98098431442606],[14.143976025510794,55.980972789167694]]]}},{"type":"Feature","properties":{"color":"#E58E27","district":"Sahara"},"geometry":{"type":"Polygon","coordinates":[[[14.144396636389002,55.9809877320526],[14.144390416718096,55.98098716515927],[14.144384514190637,55.980985930369656],[14.144379155590006,55.98098407512608],[14.144374546801073,55.98098167070963],[14.1443708648998,55.98097880950133],[14.144368251349734,55.980975601432796],[14.144366806566804,55.98097216976243],[14.144366586061238,55.98096864633973],[14.144390897876402,55.98075359794885],[14.144391910453853,55.98075011742833],[14.144394117370842,55.980746814330814],[14.1443974337987,55.98074381561916],[14.144401732262022,55.980741236556256],[14.144406847538514,55.98073917627483],[14.144412583009741,55.98073771396691],[14.144418718218635,55.98073690583988],[14.144425017343277,55.98073678295612],[14.144706463732001,55.98074676808086],[14.144712683390013,55.98074733496141],[14.144718585909665,55.980748569743],[14.14472394450681,55.980750424983356],[14.14472855329559,55.98075282940121],[14.14473223519887,55.98075569061504],[14.144734848751837,55.980758898692436],[14.144736293537322,55.98076233037391],[14.144736514044025,55.98076585380874],[14.144712202051176,55.9809809021933],[14.144711189468264,55.98098438270154],[14.144708982546318,55.98098768578784],[14.144705666113103,55.980990684490585],[14.144701367643059,55.98099326354777],[14.14469625235755,55.980995323827464],[14.144690516874208,55.98099678613804],[14.144684381649483,55.980997594272296],[14.144678082504864,55.98099771716763],[14.144396636389002,55.9809877320526]]]}},{"type":"Feature","properties":{"color":"#E58E27","district":"Sahara"},"geometry":{"type":"Polygon","coordinates":[[[14.144947731076634,55.9813830318666],[14.144941511813055,55.98138246504055],[14.144935609630275,55.981381230418236],[14.144930251263592,55.98137937542834],[14.144925642557256,55.98137697133121],[14.14492196055685,55.98137411048142],[14.144919346707997,55.98137090277993],[14.144917901422676,55.981367471452096],[14.144917680221885,55.981363948313984],[14.144950802299602,55.98107041127079],[14.144951814679558,55.98106692953673],[14.144954022225116,55.98106362530791],[14.144957340026684,55.981060625675596],[14.144961640470743,55.981058046015235],[14.144966758148286,55.981055985548835],[14.144972496216996,55.9810545235285],[14.144978633972421,55.981053716188185],[14.14498493533694,55.98105359458077],[14.14531157479273,55.98106525751707],[14.145317792739148,55.981065825609214],[14.145323693252053,55.98106706124317],[14.145329049724493,55.9810689169649],[14.145333656443098,55.98107132150614],[14.145337336488417,55.9810741825214],[14.145339948529447,55.981077390134395],[14.145341392251416,55.98108082115793],[14.145341612208371,55.98108434382475],[14.14530840460382,55.98137780333587],[14.1453073917081,55.98138128368471],[14.145305184565396,55.98138458659066],[14.145301868005708,55.98138758510838],[14.145297569498924,55.981390163991506],[14.145292454255626,55.981392224122075],[14.145286718877315,55.98139368632007],[14.145280583800131,55.98139449438672],[14.145274284822493,55.981394617264385],[14.144947731076634,55.9813830318666]]]}},{"type":"Feature","properties":{"color":"#E58E27","district":"Sahara"},"geometry":{"type":"Polygon","coordinates":[[[14.145370540468999,55.981398031596775],[14.145364320400482,55.98139746473236],[14.14535841749708,55.98139622990196],[14.145353058579587,55.98139437455428],[14.14534844956589,55.98139196998165],[14.145344767558516,55.981389108580444],[14.145342154039412,55.98138590030081],[14.145340709433484,55.98138246842174],[14.14534048924978,55.98137894481412],[14.145373695375154,55.981085496223365],[14.145374708240489,55.9810820159091],[14.145376915319453,55.98107871303204],[14.145380231785742,55.981075714533695],[14.145384530175376,55.98107313565714],[14.145389645285615,55.98107107551787],[14.145395380524318,55.98106961329442],[14.145401515465664,55.981068805185295],[14.145407814321896,55.981068682248996],[14.145926259622868,55.981087068628625],[14.145932479684094,55.981087635469876],[14.145938382588225,55.9810888702853],[14.145943741512399,55.9810907256263],[14.14594835053645,55.98109313020023],[14.145952032555511,55.9810959916098],[14.145954646085384,55.98109919990348],[14.145956090699185,55.981102631800454],[14.145956310886346,55.9811061554278],[14.1459231045185,55.98139960400995],[14.145922091648238,55.981403084304446],[14.145919884567247,55.9814063871638],[14.145916568100448,55.981409385648476],[14.145912269710122,55.98141196451707],[14.14590715459712,55.9814140246553],[14.145901419351699,55.9814154868854],[14.14589528439789,55.981416295009126],[14.145888985521877,55.98141641796762],[14.145370540468999,55.981398031596775]]]}},{"type":"Feature","properties":{"color":"#E58E27","district":"Sahara"},"geometry":{"type":"Polygon","coordinates":[[[14.14598523987643,55.98141983205074],[14.145979019890767,55.98141926513523],[14.14597311708169,55.98141803027142],[14.14596775826128,55.981416174908276],[14.145963149339089,55.98141377033706],[14.145959467410158,55.981410908952064],[14.145956853950253,55.98140770070032],[14.14595540937976,55.98140426885706],[14.145955189205116,55.981400745288745],[14.145988395274495,55.98110729719286],[14.145989408177327,55.9811038168003],[14.145991615347622,55.981100513856056],[14.14599493195169,55.981097515310005],[14.145999230514427,55.981094936412326],[14.146004345818895,55.98109287628385],[14.146010081256497,55.981091414106324],[14.146016216383702,55.98109060607904],[14.146022515394822,55.98109048325879],[14.146270068730233,55.98109926787392],[14.146276287974802,55.98109983473836],[14.146282190125103,55.98110106940444],[14.146287548444905,55.98110292444144],[14.146292157089626,55.98110532858647],[14.146295839014003,55.981108189482235],[14.146298452773454,55.98111139722488],[14.146299897957816,55.98111482858618],[14.146300119048712,55.98111835174723],[14.146266997181181,55.98141180027582],[14.146265985121234,55.981415281056684],[14.146263778530665,55.98141858445345],[14.14626046223514,55.98142158347664],[14.146256163719794,55.98142416283746],[14.146251048228446,55.98142622337987],[14.146245312411297,55.981427685892285],[14.146239176765276,55.98142849415257],[14.146232877157638,55.98142861708951],[14.14598523987643,55.98141983205074]]]}},{"type":"Feature","properties":{"color":"#E58E27","district":"Sahara"},"geometry":{"type":"Polygon","coordinates":[[[14.146332202451521,55.981119502349095],[14.146333214598457,55.98111602135548],[14.146335421410685,55.98111271777538],[14.146338738043001,55.98110971862099],[14.146343036981232,55.98110713920024],[14.146348152944771,55.981105078683555],[14.146353889241102,55.98110361629122],[14.146360025327988,55.98110280824756],[14.146366325292584,55.981102685619234],[14.14662577480999,55.981111903194574],[14.146631807891813,55.98111244298459],[14.146637549497386,55.98111361157819],[14.146642792260618,55.981115366769984],[14.146647346831742,55.981117645168794],[14.146651048715917,55.98112036448706],[14.146653764214209,55.98112342651275],[14.146655395252317,55.98112672065652],[14.1466558829227,55.98113012794568],[14.146655209612145,55.981133525321084],[14.14654680347142,55.98142435420231],[14.146544819312009,55.98142784761342],[14.146541610436081,55.98143104343256],[14.146537310115509,55.98143380892988],[14.146532096952539,55.98143602924772],[14.146526187462038,55.98143761217103],[14.146519827079103,55.98143849195726],[14.146513279965538,55.98143863206679],[14.146329113993108,55.98143204511345],[14.146322897163808,55.981431476789126],[14.146316997754546,55.98143024116797],[14.146311642251739,55.98142838568724],[14.146307036260408,55.98142598158134],[14.146303356610716,55.981423121147195],[14.146300744569196,55.98141991420077],[14.146299300415382,55.98141648386108],[14.146299079591964,55.981412961823466],[14.146332202451521,55.981119502349095]]]}},{"type":"Feature","properties":{"color":"#E58E27","district":"Sahara"},"geometry":{"type":"Polygon","coordinates":[[[14.145243834318576,55.98101783359841],[14.145237614936667,55.98101726653109],[14.145231712736917,55.981016031627654],[14.145226354472845,55.98101417633121],[14.145221746000708,55.98101177191941],[14.145218064370807,55.981008910766114],[14.145215451025491,55.98100570279241],[14.145214006365174,55.981002271243675],[14.145213785891146,55.980998747954736],[14.145238097706224,55.98078369956461],[14.145239110346049,55.98078021891367],[14.145241317414929,55.98077691570424],[14.145244634071899,55.98077391691308],[14.14524893282304,55.980771337815014],[14.145254048422409,55.9807692775516],[14.14525978422419,55.980767815320256],[14.145265919741817,55.98076700732964],[14.145272219123546,55.98076688463932],[14.14559836577778,55.98077846655175],[14.14560458515021,55.98077903360442],[14.145610487345975,55.98078026849858],[14.145615845610457,55.98078212379123],[14.145620454086087,55.980784528204474],[14.145624135721109,55.9807873893639],[14.145626749071674,55.98079059734747],[14.145628193735956,55.98079402890861],[14.145628414211489,55.98079755221115],[14.145604102218734,55.98101260059494],[14.145603089574086,55.98101608123219],[14.145600882501785,55.98101938442923],[14.145597565841767,55.9810223832106],[14.14559326708679,55.98102496230261],[14.145588151481622,55.98102702256448],[14.145582415670992,55.98102848479935],[14.14557628014054,55.98102929279863],[14.145569980741275,55.981029415502654],[14.145243834318576,55.98101783359841]]]}},{"type":"Feature","properties":{"color":"#E58E27","district":"Sahara"},"geometry":{"type":"Polygon","coordinates":[[[14.145666238579135,55.98103283048436],[14.14566001860344,55.98103226376762],[14.145654115732473,55.98103102909362],[14.145648756780295,55.981029173903956],[14.14564414766116,55.981026769483094],[14.14564046547737,55.9810239082194],[14.145637851714234,55.98102070005504],[14.145636406803611,55.981017268261674],[14.145636186264914,55.98101374470363],[14.145660498080096,55.98079869631256],[14.145661510595628,55.980795215924],[14.145663717362462,55.98079191293965],[14.145667033564237,55.9807889143082],[14.145671331744062,55.98078633528062],[14.145676446703277,55.980784274980614],[14.145682181850795,55.9807828125948],[14.145688316758985,55.98078200432928],[14.145694615635666,55.98078188124933],[14.145967961546363,55.980791569646065],[14.145974181508537,55.980792136350395],[14.145980084371002,55.980793371016574],[14.145985443318985,55.98079522620312],[14.145990052437302,55.980797630625375],[14.14599373462253,55.98080049189451],[14.145996348388142,55.9808037000675],[14.145997793301065,55.98080713187178],[14.14599801384083,55.9808106554417],[14.145973701847959,55.98102570382645],[14.145972689326852,55.981029184202974],[14.145970482554782,55.98103248717635],[14.145967166347237,55.98103548579902],[14.14596286816017,55.98103806482097],[14.14595775319136,55.98104012511919],[14.145952018031137,55.98104158750751],[14.145945883106576,55.981042395779966],[14.14593958420948,55.98104251887115],[14.145666238579135,55.98103283048436]]]}},{"type":"Feature","properties":{"color":"#E58E27","district":"Sahara"},"geometry":{"type":"Polygon","coordinates":[[[14.146035828056467,55.98104593821798],[14.146029609548016,55.98104537063063],[14.146023708336925,55.981044135386966],[14.146018351087145,55.981042279932325],[14.146013743569133,55.981039875534265],[14.146010062756261,55.98103701454508],[14.146007450027307,55.98103380685452],[14.14600600573617,55.9810303756691],[14.146005785357328,55.981026852779614],[14.146030097172057,55.980811804392694],[14.146031109997223,55.98080832335217],[14.146033317516945,55.980805019808486],[14.146036634853624,55.98080202078014],[14.146040934458199,55.98079944157725],[14.146046051014322,55.98079738136802],[14.146051787794654,55.98079591936574],[14.146057924224847,55.980795111783145],[14.146064224364414,55.980794989671054],[14.146352672060525,55.980805261918086],[14.146358890556641,55.980805829492354],[14.146364791760547,55.9808070647278],[14.146370149007474,55.98080892017913],[14.146374756525923,55.98081132457862],[14.146378437341307,55.98081418557345],[14.146381050073538,55.98081739327301],[14.14638249436746,55.98082082446976],[14.146382714747496,55.98082434737159],[14.146358402755107,55.981039395752184],[14.146357389924578,55.98104287678021],[14.146355182400127,55.981046180312504],[14.14635186505844,55.981049179331805],[14.146347565447579,55.98105175852893],[14.146342448882919,55.981053818736456],[14.14633671209096,55.98105528074154],[14.146330575645383,55.98105608833159],[14.146324275486196,55.98105621045558],[14.146035828056467,55.98104593821798]]]}},{"type":"Feature","properties":{"color":"#E58E27","district":"Sahara"},"geometry":{"type":"Polygon","coordinates":[[[14.144509431899925,55.98214833853902],[14.144503213034849,55.98214777089356],[14.144497311513257,55.982146535553305],[14.144491954024963,55.98214467997028],[14.144487346362242,55.98214227542134],[14.144483665514908,55.98213941427021],[14.144481052871761,55.98213620641969],[14.14447960878957,55.98213277508995],[14.144479388738203,55.98212925208551],[14.144512594862757,55.98183580350206],[14.144513608019276,55.98183232259911],[14.144515815812392,55.9818290192161],[14.144519133359216,55.98182602035757],[14.144523433110441,55.98182344132004],[14.144528549754252,55.9818213812592],[14.144534286572025,55.98181991937783],[14.144540423001526,55.9818191118805],[14.144546723116804,55.981818989812936],[14.144885668290545,55.981831061619395],[14.144891887134664,55.98183162924923],[14.144897788641702,55.98183286457944],[14.144903146121102,55.981834720158105],[14.144907753779583,55.98183712470818],[14.144911434626138,55.98183998586533],[14.144914047270655,55.98184319372584],[14.14491549135508,55.98184662506826],[14.144915711408425,55.98185014808669],[14.144882505041418,55.9821435966615],[14.144881491877403,55.982147077550316],[14.14487928407606,55.98215038092044],[14.144875966519425,55.9821533797687],[14.144871666755865,55.98215595879976],[14.144866550096314,55.98215801885874],[14.144860813258644,55.98215948074345],[14.144854676804533,55.98216028824942],[14.144848376659601,55.98216041033084],[14.144509431899925,55.98214833853902]]]}},{"type":"Feature","properties":{"color":"#E9ABB7","district":"Himalaya"},"geometry":{"type":"Polygon","coordinates":[[[14.1386436197123,55.979877216045296],[14.138637429140019,55.979876563188036],[14.138631584979196,55.979875247436226],[14.138626311635385,55.97987331931243],[14.138621811595687,55.97987085285327],[14.138618257653583,55.97986794276645],[14.138615786273965,55.97986470079416],[14.138614492353161,55.979861251422406],[14.138614425575113,55.979857727100935],[14.138648094145665,55.97964307940069],[14.13864925849224,55.97963961271941],[14.138651609738487,55.97963633984176],[14.138655057455068,55.979633386642774],[14.138659469042432,55.9796308667026],[14.138664674830617,55.979628876938236],[14.138670474604769,55.97962749387602],[14.138676645305402,55.979626770708634],[14.138682949607249,55.979626735249035],[14.138896961064122,55.979637318615694],[14.13890313239626,55.97963796827629],[14.138908960260483,55.97963927676656],[14.138914222291008,55.97964119416023],[14.138918717711705,55.979643647297976],[14.138922274996833,55.979646542578806],[14.1389247584157,55.97964976953141],[14.138926073211586,55.979653205029365],[14.138935107535836,55.97969770068488],[14.138935127086908,55.97970166226602],[14.13893359608044,55.97970553014911],[14.138831784952114,55.97987276030029],[14.13882927816663,55.979875872917226],[14.13882576532025,55.979878664455256],[14.138821372973265,55.97988103434111],[14.138816259372621,55.97988289719274],[14.138810608750612,55.9798841858955],[14.138804624687367,55.97988485402007],[14.138798522776257,55.979884877495344],[14.1386436197123,55.979877216045296]]]}},{"type":"Feature","properties":{"color":"#E9ABB7","district":"Himalaya"},"geometry":{"type":"Polygon","coordinates":[[[14.136295290119513,55.97967457921938],[14.136289601030404,55.97967352435422],[14.136284360775987,55.97967189700132],[14.136279751488365,55.97966975372153],[14.13627593336947,55.97966716900745],[14.136273039123006,55.97966423269432],[14.13627116934218,55.97966104683761],[14.136270389013458,55.97965772216606],[14.136267909990652,55.97962047347251],[14.136267325156835,55.97961766466113],[14.136233386481567,55.97952138544454],[14.136232779328727,55.97951799422827],[14.136233326440644,55.97951459981499],[14.13623500817283,55.979511324081955],[14.136237764142,55.97950828464517],[14.136241495394192,55.979505590636315],[14.13624606795775,55.979503338784426],[14.136251317653638,55.979501609942744],[14.136257055990306,55.97950046618566],[14.136263076931526,55.97949994858006],[14.136269164294129,55.97950007571068],[14.136755685421232,55.97953626998579],[14.1367615609231,55.97953702615385],[14.136767080757014,55.97953838279634],[14.13677205078868,55.979540292199765],[14.136776296220452,55.97954268720979],[14.136779667739,55.97954548359315],[14.136782046766736,55.97954858300015],[14.136783349632218,55.97955187642363],[14.136820223606717,55.97971751470005],[14.136820395316262,55.97972096390233],[14.136819386626927,55.97972436797888],[14.136817234661393,55.97972760164885],[14.136814018618578,55.97973054590289],[14.136809856858925,55.97973309238301],[14.136804902548361,55.979735147370555],[14.13679933802133,55.97973663523543],[14.136793368070276,55.97973750121938],[14.136787212408612,55.97973771345144],[14.13678109758453,55.979737264120764],[14.136295290119513,55.97967457921938]]]}},{"type":"Feature","properties":{"color":"#E9ABB7","district":"Himalaya"},"geometry":{"type":"Polygon","coordinates":[[[14.138764833326691,55.978933536615386],[14.13875868952329,55.97893296293851],[14.13875285877688,55.97893173713504],[14.13874755998344,55.9789299052237],[14.138742992068467,55.97892753597752],[14.138739326518966,55.97892471834194],[14.138736700945548,55.97892155809569],[14.13873521391632,55.978918173879656],[14.138734921256496,55.97891469274285],[14.138758197525819,55.978654593729374],[14.138759146108995,55.978651066500525],[14.138761320087536,55.97864771336363],[14.138764633963032,55.97864466619069],[14.138768957407361,55.978642044820695],[14.138774120388245,55.97863995234671],[14.138779919856285,55.97863847106132],[14.138786127730452,55.97863765922046],[14.138792499868025,55.9786375487521],[14.139687701485483,55.97867183037888],[14.139693915699489,55.97867241467464],[14.139699806815711,55.97867366598321],[14.139705148485275,55.978675536226774],[14.139709735470097,55.978677953546665],[14.139713391528558,55.97868082506448],[14.13971597618706,55.9786840404505],[14.139717390137351,55.97868747616288],[14.139717579052169,55.97869100019436],[14.139685147460707,55.97895672379838],[14.13968401079668,55.97896038934782],[14.139681550600095,55.97896384564927],[14.139677872124757,55.97896694483245],[14.139673132745976,55.978969554305465],[14.13966753522763,55.97897156242772],[14.139661319047365,55.97897288328603],[14.139654750151044,55.97897346037029],[14.139648109574786,55.97897326899117],[14.139529271511039,55.978962874965625],[14.139526501729293,55.97896270114506],[14.138764833326691,55.978933536615386]]]}},{"type":"Feature","properties":{"color":"#E9ABB7","district":"Himalaya"},"geometry":{"type":"Polygon","coordinates":[[[14.139469728889846,55.97993786461955],[14.13946408907481,55.979939276225025],[14.13945807076211,55.97994005814613],[14.139451896241928,55.97994018150208],[14.139445793574085,55.97993964173665],[14.139439988164485,55.97993845878645],[14.139434694439563,55.979936676344465],[14.139430107926291,55.97993436024632],[14.139426398030249,55.97993159603854],[14.13942370177853,55.979928485818824],[14.139422118758569,55.979925144465035],[14.139421707439867,55.97992169539208],[14.139433757727211,55.979694140981714],[14.139433770455796,55.979693442215456],[14.139429318584346,55.97942379297662],[14.139429878272662,55.97942028115805],[14.139431651684403,55.979416897897615],[14.13943457067582,55.979413773197265],[14.139438523084284,55.979411027123774],[14.139443357038148,55.97940876519509],[14.139448886792465,55.9794070743259],[14.139454899866223,55.97940601948792],[14.13946116520692,55.97940564121326],[14.140041152723285,55.97940261322137],[14.140047715490777,55.979402957033436],[14.140054014976428,55.97940404250637],[14.140059786350372,55.97940582400698],[14.14006478698444,55.979408226641134],[14.140068806652184,55.97941114940226],[14.14007167636681,55.97941446941768],[14.140073275485369,55.97941804711412],[14.140147827016126,55.97970907851789],[14.140148099940804,55.97971265532258],[14.140147101293714,55.979716191516786],[14.140144870638908,55.97971954700367],[14.14014149635018,55.97972258884546],[14.140137112109894,55.979725196530495],[14.140131891612805,55.97972726674736],[14.139469728889846,55.97993786461955]]]}},{"type":"Feature","properties":{"color":"#E9ABB7","district":"Himalaya"},"geometry":{"type":"Polygon","coordinates":[[[14.13872215782726,55.97958363232291],[14.138715483093604,55.97958289827921],[14.138709233844187,55.97958139490287],[14.138703689882275,55.97957918950595],[14.138699099432534,55.97957638083265],[14.138695668027056,55.979573094638226],[14.138300545926898,55.97908166884102],[14.13829855311898,55.97907836756329],[14.138297735417227,55.9790749132501],[14.13829812351024,55.97907143554424],[14.138299702832299,55.979068064966384],[14.138337277240966,55.97901107599248],[14.13833981721568,55.97900809810496],[14.138343286733814,55.979005429928534],[14.13834756903292,55.97900316125728],[14.138352519997504,55.9790013684405],[14.138357973009054,55.979000111813136],[14.138363744553363,55.978999433665415],[14.13836964039646,55.978999356819514],[14.138830520098283,55.979017063233314],[14.138836992048313,55.97901768809718],[14.13884310196815,55.97901903581417],[14.138848594849025,55.979021050134826],[14.13885324143532,55.979023646987756],[14.138856847792983,55.979026717988496],[14.138859263403713,55.97903013496315],[14.138860387447156,55.97903375529789],[14.138927631833154,55.9795728920173],[14.13892746934576,55.97957634000747],[14.1389261334816,55.979579707245705],[14.138923673365932,55.97958286990397],[14.138920179467693,55.97958571167753],[14.138915780272605,55.979588128061906],[14.138910637558206,55.97959003019606],[14.138904940444597,55.97959134813016],[14.13889889843964,55.97959203339797],[14.138892733734421,55.97959206079921],[14.13872215782726,55.97958363232291]]]}},{"type":"Feature","properties":{"color":"#E9ABB7","district":"Himalaya"},"geometry":{"type":"Polygon","coordinates":[[[14.138983077563564,55.97960108186721],[14.13897737253601,55.97959962931321],[14.138972279727813,55.979597584998764],[14.138967992739666,55.97959502663755],[14.138964674539274,55.97959205148449],[14.138962451266245,55.97958877263865],[14.138961407436957,55.97958531474379],[14.138893390426558,55.97903998737686],[14.138893544417629,55.979036578387564],[14.138894845615445,55.97903324692771],[14.138897247248039,55.97903011274692],[14.138900662988277,55.97902728850356],[14.138904970056906,55.979024875715304],[14.138910013635895,55.979022961109976],[14.138915612433387,55.97902161350819],[14.13892156520023,55.979020881349584],[14.138927657963874,55.97902079095162],[14.139312993230416,55.97903556569446],[14.139318906196351,55.979036105485726],[14.139324537459968,55.97903724976693],[14.139329691437732,55.9790389587952],[14.139334189123009,55.97904117321304],[14.139337874303262,55.97904381610987],[14.139340618985587,55.9790467956933],[14.139342327842144,55.979050008477174],[14.139342941521079,55.97905334287586],[14.139352793676215,55.97964647573351],[14.139352266086494,55.97964989231184],[14.139350589093803,55.97965319076815],[14.139347823659257,55.97965625119821],[14.139344070310662,55.979658962350435],[14.139339465488186,55.97966122566997],[14.13933417658456,55.97966295888146],[14.139328395860067,55.979664098979775],[14.139322333453562,55.97966460452049],[14.139316209743544,55.97966445712635],[14.13931024733701,55.97966366215539],[14.138983077563564,55.97960108186721]]]}},{"type":"Feature","properties":{"color":"#E9ABB7","district":"Himalaya"},"geometry":{"type":"Polygon","coordinates":[[[14.1386441727487,55.979552891408],[14.1386461303549,55.979556108848875],[14.138646971210779,55.979559474884326],[14.13864666529183,55.9795628693242],[14.138645223521126,55.979566170964105],[14.13864269737933,55.979569261913234],[14.138639177066533,55.979572031803805],[14.138634788281525,55.979574381732],[14.138629687733518,55.97957622778941],[14.138624057546565,55.979577504059314],[14.138618098756492,55.979578164970206],[14.138612024132536,55.97957818692309],[14.137496071118456,55.979522992946016],[14.137489757988854,55.97952231986434],[14.137483810305005,55.97952095765596],[14.137478465763648,55.97951896076101],[14.13747393795709,55.97951640898457],[14.137470407837062,55.97951340430733],[14.137468016483076,55.97951006680993],[14.13746685946425,55.97950652987403],[14.137466983019994,55.97950293485167],[14.137486954967946,55.97940975449205],[14.137488382185882,55.97940619788556],[14.137491061751904,55.97940287531159],[14.137494883611962,55.9793999232332],[14.137499690796414,55.97939746289659],[14.137505285866997,55.97939559535137],[14.137511439025934,55.9793943973003],[14.138129777445888,55.97931215422305],[14.138134238813159,55.979311294189685],[14.138136939753707,55.97931041154288],[14.138139280038628,55.97930925042175],[14.138141169297713,55.97930785566302],[14.138143228951522,55.979305480323234],[14.138252062992825,55.97914034549737],[14.138254825525566,55.9791371607706],[14.138258649410108,55.97913434044871],[14.13826338652535,55.979131993778864],[14.138268853375646,55.979130211661015],[14.138274838198642,55.979129063126706],[14.13828110916803,55.97912859266524],[14.138287423373468,55.97912881850023],[14.138293536229835,55.97912973188386],[14.13829921095138,55.97913129743552],[14.138304227723747,55.97913345451253],[14.138308392218606,55.979136119558945],[14.138311543121103,55.979139189342334],[14.1386441727487,55.979552891408]]]}},{"type":"Feature","properties":{"color":"#BA2F4B","district":"Stora Barriärrevet"},"geometry":{"type":"Polygon","coordinates":[[[14.128410739468722,55.976939394172405],[14.12840440867971,55.97693879611403],[14.128398416576161,55.97693750603761],[14.12839300218931,55.97693557540564],[14.128388381504578,55.976933081233064],[14.128384738845693,55.976930123014974],[14.128382219521818,55.976926818757775],[14.128380924031045,55.97692330027157],[14.128380904051467,55.97691970791238],[14.128420452261352,55.976692103381744],[14.128421668688018,55.97668865394663],[14.128424061200395,55.9766854028262],[14.12842753837661,55.97668247425073],[14.12843196734818,55.97667998012559],[14.128437178877164,55.97667801575514],[14.128442973823008,55.97667665620097],[14.128449130751983,55.9766759534137],[14.128455414398495,55.97667593424787],[14.128894513301008,55.976698710862465],[14.128900668081995,55.97669937346182],[14.129154950966225,55.97674147879942],[14.12916100870437,55.97674287111979],[14.129166436420006,55.97674492148161],[14.129171008838785,55.97674754478577],[14.129174536184863,55.97675063215354],[14.129176872057437,55.97675405544544],[14.129177919507065,55.97675767257958],[14.129177635059554,55.97676133342876],[14.129176030520371,55.97676488605136],[14.129037888852434,55.97697691731014],[14.129035189215076,55.976980069323986],[14.129031451010462,55.976982869675645],[14.129026815405634,55.97698521261433],[14.129021457456597,55.976987009662764],[14.129015579497608,55.976988192958274],[14.129009403500346,55.97698871781563],[14.129003162691472,55.9769885644144],[14.128997092745157,55.97698773854756],[14.12883463860826,55.976956007977535],[14.128826222399455,55.9769550458462],[14.128410739468722,55.976939394172405]]]}},{"type":"Feature","properties":{"color":"#BA2F4B","district":"Stora Barriärrevet"},"geometry":{"type":"Polygon","coordinates":[[[14.129088157328098,55.97700552109816],[14.129082391611776,55.97700402295432],[14.129077265546638,55.97700191925126],[14.129072979604102,55.976999292261155],[14.129069701399752,55.97699624472103],[14.129067559138184,55.976992895814845],[14.12906663659919,55.97698937651246],[14.129066969861306,55.976985824447574],[14.129068545890902,55.97698237853513],[14.129208143822632,55.97676811180397],[14.129210761425526,55.97676503603395],[14.129214368559715,55.97676229159109],[14.129218835824355,55.976759976928314],[14.129224002962763,55.97675817508069],[14.129229684611397,55.97675695068686],[14.129235676949499,55.976756347670126],[14.12924176501082,55.97675638766284],[14.129247730395202,55.97675706923028],[14.129310576567294,55.976767803274974],[14.129313628691882,55.97676842040836],[14.129842281932879,55.976892528618635],[14.129845130099095,55.97689311046301],[14.130282094525272,55.976969511765894],[14.130287993419982,55.97697091802124],[14.13029327614876,55.97697295137328],[14.130297732529558,55.9769755309218],[14.130301185257819,55.976978554035256],[14.130303496960847,55.976981900434126],[14.130304575663425,55.97698543697642],[14.13030437844724,55.97698902295493],[14.130302913158516,55.97699251569555],[14.130176424872154,55.977198828102885],[14.130173795102824,55.977202045248454],[14.130170090778083,55.9772049121625],[14.130165455200466,55.97720731793771],[14.130160067698359,55.977209169506054],[14.130154136688652,55.977210395239084],[14.130147891614042,55.977210947719],[14.130141574066972,55.977210805572966],[14.130135428443504,55.977209974299925],[14.129088157328098,55.97700552109816]]]}},{"type":"Feature","properties":{"color":"#BA2F4B","district":"Stora Barriärrevet"},"geometry":{"type":"Polygon","coordinates":[[[14.130226477654986,55.97722775313147],[14.13022077887832,55.977226276527425],[14.130215701964044,55.97722420814441],[14.130211440683581,55.97722162692678],[14.130208157677808,55.97721863139235],[14.130205978249533,55.9772153358722],[14.130204985581058,55.97721186614695],[14.13020521755939,55.97720835464615],[14.130206665330252,55.977204935393786],[14.130334420342,55.976996556581184],[14.130336952463457,55.97699343385745],[14.130340497738409,55.976990636763965],[14.130344927306203,55.976988266967],[14.130350080164797,55.97698641060174],[14.130355769022719,55.97698513514167],[14.130361787106562,55.97698448694602],[14.130367915676558,55.97698448957484],[14.130373931977115,55.97698514293254],[14.130751696689554,55.977047567804895],[14.130752956234819,55.97704779179049],[14.130844352451305,55.97706521007576],[14.13085009138031,55.97706666911787],[14.130855211094497,55.97706872674292],[14.130859514728321,55.97707130383019],[14.130862836796414,55.97707430128445],[14.130865049556908,55.97707760384624],[14.13086606792345,55.977081084523974],[14.130865852737015,55.977084609477046],[14.130864412271725,55.97708804316228],[14.130730866840524,55.977307080218914],[14.130728243134586,55.97731030345447],[14.130724541437523,55.97731317652775],[14.130719905284757,55.9773155880335],[14.130714514445925,55.97731744446407],[14.130708577954188,55.97731867383515],[14.130702326000838,55.977319228477064],[14.130696001009442,55.97731908688324],[14.130689848235674,55.97731825454405],[14.130226477654986,55.97722775313147]]]}},{"type":"Feature","properties":{"color":"#BA2F4B","district":"Stora Barriärrevet"},"geometry":{"type":"Polygon","coordinates":[[[14.130780902866128,55.97733603719329],[14.130775209691613,55.97733456262315],[14.13077013680275,55.97733249743419],[14.13076587740901,55.97732992028262],[14.13076259373643,55.97732692932364],[14.130760410848966,55.97732363847293],[14.130759411885254,55.97732017306806],[14.130759634892168,55.97731666509475],[14.1307610713758,55.977313248159945],[14.130894845991573,55.97709383492087],[14.130897455125648,55.97709062571307],[14.130901133000641,55.977087762942354],[14.130905738301573,55.97708535660478],[14.130911094079144,55.97708349915887],[14.13091699454863,55.97708226197316],[14.130923212996738,55.977081692583916],[14.13092951049255,55.977081812868704],[14.130935645067925,55.97708261820587],[14.131191422338118,55.977131417762976],[14.131194798397921,55.97713218391622],[14.131330918123172,55.97716822691646],[14.131336627470995,55.97717016846277],[14.13134149621602,55.97717272841976],[14.131345314045884,55.97717579620652],[14.131347916043833,55.97717923930576],[14.13134918981258,55.97718290898794],[14.131349080329498,55.97718664673597],[14.13134759232347,55.977190291092455],[14.131218364400302,55.97740228010355],[14.131215740961858,55.977405503418716],[14.13121203949388,55.97740837659907],[14.13120740352363,55.97741078823465],[14.13120201281457,55.97741264481227],[14.131196076395891,55.9774138743416],[14.131189824457206,55.97741442914654],[14.131183499422738,55.97741428771414],[14.131177346551066,55.9774134555285],[14.130780902866128,55.97733603719329]]]}},{"type":"Feature","properties":{"color":"#BA2F4B","district":"Stora Barriärrevet"},"geometry":{"type":"Polygon","coordinates":[[[14.13126840483259,55.97743123504111],[14.13126271127369,55.977429760707906],[14.131257637945035,55.97742769569707],[14.13125337808259,55.977425118662005],[14.13125009393843,55.97742212775841],[14.131247910600788,55.97741883690565],[14.131246911229635,55.97741537144764],[14.131247133889286,55.97741186337879],[14.131248570098625,55.97740844631646],[14.131374834000235,55.97720131933161],[14.13137763148825,55.97719793026748],[14.13138161907409,55.97719493731245],[14.131386624985486,55.9771924693931],[14.131392433584203,55.97719063281922],[14.131398794655011,55.97718950670433],[14.13140543418411,55.97718913955769],[14.13141206616269,55.977189547194776],[14.131418404907192,55.977190712055915],[14.131469707378011,55.97720357564367],[14.131471956632238,55.97720419973383],[14.13176351852961,55.97729319765292],[14.131766465511697,55.97729421614527],[14.131999920256963,55.97738497122638],[14.132004739820111,55.97738726980964],[14.132008660486765,55.97739005244908],[14.132011530096873,55.977393211151316],[14.13201323728148,55.97739662332811],[14.132013715784947,55.97740015655386],[14.132012947036351,55.977403673705105],[14.132010960870286,55.97740703828215],[14.132007834369023,55.97741011970671],[14.131778041207129,55.97759213643169],[14.131773913246578,55.977594805783006],[14.131768933015787,55.977596972640235],[14.131763292327896,55.97759855354698],[14.131757208433608,55.97759948761476],[14.13175091565375,55.977599738867994],[14.131744656354407,55.977599297629624],[14.131738671612151,55.97759818089398],[14.131733191928964,55.97759643167206],[14.131367342076217,55.97745129585536],[14.131359359087856,55.97744899181694],[14.13126840483259,55.97743123504111]]]}},{"type":"Feature","properties":{"color":"#165B57","district":"Amazonas"},"geometry":{"type":"Polygon","coordinates":[[[14.131396030821813,55.97997470106295],[14.13138996644046,55.979975113810674],[14.13138387199834,55.9799748772721],[14.131377967571005,55.979973999988836],[14.131372466372389,55.979972513640355],[14.131367567055426,55.979970471899954],[14.131363446538522,55.97996794849665],[14.131360253616862,55.97996503455265],[14.131358103589303,55.97996183529291],[14.131106306610834,55.97944166180906],[14.131105263665377,55.9794381869849],[14.131105451536172,55.97943466507523],[14.13110686301325,55.979431231235175],[14.131109443930145,55.97942801724009],[14.131113095242618,55.97942514642861],[14.131117676829554,55.97942272896953],[14.131123012870207,55.979420857634],[14.131128898591392,55.979419604235396],[14.131556233513006,55.97935456786674],[14.131562452177848,55.979353980128444],[14.13156875626554,55.97935408297742],[14.131574903152192,55.97935487245533],[14.131580656264045,55.979356318177764],[14.131585794182403,55.979358364503504],[14.131590119165285,55.979360932676144],[14.131593464757884,55.97936392385496],[14.131595702198865,55.979367222919116],[14.131853158973835,55.97989922195223],[14.131854214460649,55.97990280743505],[14.131853960311387,55.97990643843923],[14.131852406899036,55.97990996676177],[14.131849617627312,55.97991324839074],[14.131845706342823,55.97991614938315],[14.131840832688354,55.9799185513321],[14.131835195586898,55.97992035619957],[14.131829025122418,55.97992149031811],[14.131396030821813,55.97997470106295]]]}},{"type":"Feature","properties":{"color":"#6099C5","district":"Östersjön"},"geometry":{"type":"Polygon","coordinates":[[[14.140972436517526,55.982881628050436],[14.140978662397197,55.98288217466455],[14.140984578069045,55.98288339021924],[14.140989956237547,55.98288522800969],[14.140994590259384,55.98288761742321],[14.140998302083188,55.98289046665233],[14.141000949090767,55.98289366622218],[14.14100242957686,55.982897093196875],[14.14100268665698,55.982900615903056],[14.140989908668889,55.98302510025217],[14.140988383194374,55.983029635411455],[14.140808963088736,55.98333804901731],[14.14080621578059,55.98334149352787],[14.140802244812834,55.98334454177231],[14.140797224814058,55.98334705969983],[14.140791376545579,55.98334893658106],[14.140784957193167,55.98335008987744],[14.140433143119862,55.98339115440213],[14.140426807654066,55.983391533086056],[14.14042046310953,55.98339120540723],[14.140414358656068,55.98339018423462],[14.14040873403434,55.98338850967281],[14.140403810140462,55.98338624748701],[14.140399780350727,55.983383486520175],[14.140396802927112,55.983380335203975],[14.140394994801861,55.98337691730014],[14.140394426985242,55.98337336704022],[14.1403951217768,55.98336982385369],[14.140569450565627,55.98290889952038],[14.140571565873653,55.982905266824275],[14.140575004965715,55.98290196603016],[14.140579612668924,55.98289914607058],[14.14058518108254,55.98289693418267],[14.14059145895851,55.98289543016729],[14.140713636769231,55.98287442115404],[14.14071922278932,55.982873757436515],[14.140724930587877,55.98287365706711],[14.140972436517526,55.982881628050436]]]}},{"type":"Feature","properties":{"color":"#6099C5","district":"Östersjön"},"geometry":{"type":"Polygon","coordinates":[[[14.14108278208257,55.982903253187246],[14.141083758732576,55.98289976964893],[14.141085931467552,55.98289645965056],[14.141089216782017,55.982893450405975],[14.141093488410567,55.98289085757013],[14.141098582180685,55.98288878079397],[14.141104302322423,55.98288729989463],[14.141110428992462,55.98288647178779],[14.14111672672337,55.98288632830023],[14.141526838957237,55.9828995289902],[14.141533064706087,55.982900075469516],[14.141538980308063,55.9829012908598],[14.14154435848255,55.9829031284652],[14.141548992597109,55.982905517683854],[14.141552704606388,55.982908366720736],[14.141555351892732,55.982911566114254],[14.141556832745648,55.982914992941936],[14.141557090269607,55.98291851554308],[14.141519752322486,55.98328273513316],[14.141518758839073,55.98328625635126],[14.141516543522613,55.983289598798294],[14.141513193393024,55.98329263117907],[14.1415088400471,55.98329523437804],[14.14150365448926,55.983297306138525],[14.14149784041429,55.98329876507926],[14.141491626205978,55.98329955389131],[14.14088891453503,55.983341531391446],[14.140882467065794,55.98334161577436],[14.140876119206018,55.983340978587535],[14.140870126374475,55.98333964546944],[14.140864729704617,55.98333767006072],[14.140860146342057,55.983335131845905],[14.140856560707277,55.98333213295505],[14.140854117075106,55.98332879405445],[14.140852913769567,55.98332524949131],[14.140852999207661,55.983321641888026],[14.140854369951265,55.98331811640353],[14.141009398907846,55.98305162945588],[14.141011788229969,55.98304854010188],[14.14101516465389,55.98304575390892],[14.141019409921833,55.98304336846207],[14.141024375345275,55.98304146731038],[14.141029887012687,55.98304011704074],[14.141035751880693,55.98303936494562],[14.141041764535299,55.98303923736681],[14.141051128032776,55.98303952997477],[14.141055827045344,55.983039418779164],[14.14105885658455,55.983039006854156],[14.141061684525317,55.983038272513106],[14.141064202411686,55.98303724391918],[14.141066313678854,55.98303596052054],[14.14106793735639,55.98303447153755],[14.141069011173759,55.98303283407507],[14.141069739456533,55.983030234653036],[14.14108278208257,55.982903253187246]]]}},{"type":"Feature","properties":{"color":"#6099C5","district":"Östersjön"},"geometry":{"type":"Polygon","coordinates":[[[14.141820052532267,55.982909019130865],[14.141826276402837,55.98290956671884],[14.141832189881267,55.98291078283118],[14.141837565880245,55.982912620767166],[14.141842197952474,55.982915009947064],[14.14184590821858,55.98291785862237],[14.141848554197967,55.98292105739927],[14.141850034280342,55.98292448343936],[14.141850291627746,55.982928005176994],[14.141816398160445,55.98325866114352],[14.141815431584797,55.98326212450053],[14.141813282598095,55.98326541720582],[14.141810032820569,55.98326841419942],[14.141805805681589,55.98327100165268],[14.141800761731721,55.983273081291664],[14.14179509254489,55.98327457412971],[14.141789013442192,55.983275423467376],[14.141589753373282,55.98329194454124],[14.141583429418313,55.983292116300774],[14.141577167918172,55.983291591419466],[14.141571211695284,55.98329039025238],[14.141565791733315,55.983288559381],[14.141561118219526,55.98328616980695],[14.141557372393656,55.98328331419845],[14.141554699519414,55.983280103296636],[14.141553203251128,55.983276661620856],[14.141552941614052,55.98327312264003],[14.141589186192775,55.982919565544904],[14.14159016264436,55.98291608088094],[14.141592335939798,55.98291276983121],[14.141595622500194,55.982909759729026],[14.141599895933808,55.982907166334094],[14.141604991896742,55.98290508938078],[14.141610714413133,55.9829036087426],[14.141616843411802,55.98290278136055],[14.141623143189518,55.982902639053286],[14.141820052532267,55.982909019130865]]]}},{"type":"Feature","properties":{"color":"#6099C5","district":"Östersjön"},"geometry":{"type":"Polygon","coordinates":[[[14.142731731344647,55.98293842743004],[14.142737957611024,55.982938974160156],[14.142743873593911,55.982940189911695],[14.142749251956603,55.982942027966345],[14.142753886021753,55.982944417692124],[14.142757597713436,55.98294726725778],[14.142760244400192,55.98295046716144],[14.142761724376019,55.9829538944386],[14.142761980768721,55.9829574173873],[14.142739287528002,55.9831780406453],[14.142738329019581,55.983181483709735],[14.142736201767828,55.9831847587643],[14.142732985613963,55.98318774288741],[14.142728801268706,55.98319032407679],[14.14272380578172,55.98319240545342],[14.14271818664712,55.98319390889758],[14.142712154766283,55.98319477798091],[14.142491025639064,55.98321411396622],[14.14243264819564,55.98321923567798],[14.142426297123107,55.98321943652992],[14.142419999674923,55.983218933918735],[14.142414002373528,55.983217747519845],[14.142408539991637,55.983215923776456],[14.142403826361726,55.98321353408162],[14.142400046005227,55.98321067198321],[14.142397346909203,55.98320744952202],[14.142395834733184,55.98320399284574],[14.142395568673042,55.98320043727065],[14.142421588781216,55.9829464573175],[14.142422564711794,55.98294297327685],[14.142424737061134,55.9829396627366],[14.142428022318034,55.98293665296275],[14.142432294188232,55.98293405965904],[14.142437388449517,55.982931982518956],[14.142443109264885,55.98293050139323],[14.14244923671102,55.98292967322024],[14.142455535232706,55.98292952983719],[14.142731731344647,55.98293842743004]]]}},{"type":"Feature","properties":{"color":"#6099C5","district":"Östersjön"},"geometry":{"type":"Polygon","coordinates":[[[14.14235924783861,55.98292642370778],[14.14236547244855,55.982926970768375],[14.142371386796434,55.982928186503926],[14.142376763719657,55.98293002421958],[14.142381396697326,55.98293241333101],[14.142385107782465,55.98293526207547],[14.142387754436733,55.98293846103625],[14.142389235005167,55.982941887345255],[14.142389492620648,55.982945409402205],[14.142362278629408,55.98321104050935],[14.142361321427401,55.98321448390871],[14.14235919526965,55.98321775941842],[14.142355979966311,55.98322074408434],[14.14235179621132,55.98322332586986],[14.142346801051877,55.98322540786141],[14.142341181993306,55.98322691190635],[14.142335149960584,55.98322778154674],[14.142002772006867,55.98325687238306],[14.141996437716864,55.98325707232461],[14.141990156571548,55.983256572521015],[14.141984173153965,55.98325539243424],[14.14197872045382,55.983253578015976],[14.141974010795003,55.983251199918286],[14.141970227567858,55.98324835074248],[14.141967518088093,55.98324514143321],[14.14196598786044,55.983241696958494],[14.141965696470429,55.98323815144341],[14.14199459160113,55.9829327468959],[14.141995544796242,55.98292925063455],[14.14199770247362,55.98292592630958],[14.142000981208694,55.982922902452486],[14.142005254232485,55.98292029597735],[14.142010356333017,55.98291820766074],[14.14201609024307,55.98291671824509],[14.142022234267296,55.98291588531704],[14.142028550853793,55.9829157410808],[14.14235924783861,55.98292642370778]]]}},{"type":"Feature","properties":{"color":"#6099C5","district":"Östersjön"},"geometry":{"type":"Polygon","coordinates":[[[14.143643343356107,55.982967825622524],[14.143649568486941,55.9829683724817],[14.143655483385027,55.982969588122586],[14.143660860834014,55.982971425847246],[14.143665494263178,55.98297381506089],[14.14366920568266,55.982976663983635],[14.143671852520816,55.98297986317626],[14.143673333101027,55.98298328974413],[14.143673590547564,55.982986812058094],[14.14366227954384,55.98309714592741],[14.143661322411857,55.98310058866918],[14.143659196767327,55.98310386358446],[14.143655982371127,55.98310684778767],[14.143651799837752,55.983109429301656],[14.14364680610948,55.98311151125953],[14.143641188567397,55.98311301553933],[14.14363515800023,55.98311388569549],[14.143076923480107,55.983162814153474],[14.142923025853436,55.98317625945415],[14.142916676832336,55.98317645806909],[14.142910382118927,55.98317595373924],[14.142904387953097,55.983174766193216],[14.142898928817702,55.983172941886096],[14.142894218265923,55.98317055218203],[14.142890440567369,55.983167690562716],[14.14288774349973,55.983164468970394],[14.142886232567937,55.98316101342887],[14.142885966877035,55.98315745911372],[14.142905988182259,55.982962059520915],[14.14290696424231,55.98295857531127],[14.14290913683697,55.98295526463147],[14.142912422437162,55.98295225476573],[14.142916694722663,55.982949661433],[14.14292178943871,55.98294758433793],[14.142927510711022,55.98294610333766],[14.142933638576501,55.98294527537147],[14.14293993744001,55.98294513227179],[14.143643343356107,55.982967825622524]]]}},{"type":"Feature","properties":{"color":"#6099C5","district":"Östersjön"},"geometry":{"type":"Polygon","coordinates":[[[14.144319943165051,55.98298962679275],[14.144325909350986,55.98299013653868],[14.144331600125176,55.98299126109486],[14.144336814950698,55.982992960833116],[14.144341370062495,55.98299517585643],[14.14434510494305,55.9829978281097],[14.144347887978865,55.98300082413027],[14.144349621098396,55.9830040583415],[14.144350243228008,55.98300741677303],[14.14435579858093,55.98334282962818],[14.144355273133089,55.98334623900089],[14.144353602971059,55.98334953099575],[14.14435084855,55.98335258645123],[14.144347109572438,55.98335529476795],[14.144342521379325,55.98335755791193],[14.14433725005107,55.98335929396335],[14.14433148639586,55.98336044008166],[14.144325439042895,55.98336095478039],[14.143896645998467,55.98337433133735],[14.143890659038133,55.98337420532603],[14.143884817816103,55.983373460091144],[14.143879325165722,55.98337212151054],[14.143874371816313,55.98337023606575],[14.143870129770198,55.98336786922782],[14.143866746329993,55.98336510318393],[14.143864338983617,55.983362033983425],[14.143862991324596,55.98335876820261],[14.14380524721254,55.98311836258477],[14.1438050136713,55.98311493639211],[14.143817684436522,55.98299145653886],[14.143818660885783,55.98298797266647],[14.143820833646439,55.98298466233949],[14.143824119197225,55.98298165280699],[14.143828391241273,55.98297905975542],[14.143833485560997,55.98297698286175],[14.143839206330625,55.98297550196172],[14.143845333643744,55.98297467398115],[14.143851631966465,55.9829745307476],[14.144319943165051,55.98298962679275]]]}},{"type":"Feature","properties":{"color":"#6099C5","district":"Östersjön"},"geometry":{"type":"Polygon","coordinates":[[[14.144322751339113,55.98337905298359],[14.144329233264372,55.983379217622065],[14.144335524096485,55.98338010699745],[14.144341367612629,55.98338168488589],[14.144346525808889,55.983383887020665],[14.144350788594034,55.98338662370979],[14.14435398234644,55.983389783489095],[14.14435597698562,55.98339323766207],[14.144356691270408,55.983396845541634],[14.14436181852955,55.98370771420481],[14.14436131001383,55.98371107071456],[14.144359691677655,55.983714315316064],[14.144357020283634,55.98371733420543],[14.14435338953026,55.98372002149559],[14.144348926765485,55.98372228293024],[14.144343788520024,55.98372403918989],[14.144338155017058,55.983725228673954],[14.144332223850924,55.983725809661436],[14.144326203056496,55.983725761774295],[14.14432030381236,55.983725086692154],[14.143808324248363,55.98363788031765],[14.143801643885716,55.9836362603076],[14.143795786395062,55.98363384095425],[14.143791052174153,55.98363074633269],[14.143731306627027,55.98358129881005],[14.14372828689313,55.983579264303984],[14.143725851833237,55.983578161183424],[14.143723077702173,55.98357734626409],[14.143720071977805,55.98357685111834],[14.143715363761874,55.98357661548806],[14.14323917350285,55.98357910628685],[14.143233026159924,55.98357880715736],[14.143227094181631,55.98357785655913],[14.143221596068132,55.98357628950678],[14.143216734338425,55.98357416372155],[14.143212688070694,55.983571557505186],[14.143209606306078,55.98356856685576],[14.143207602558872,55.98356530193167],[14.143182866531234,55.98350740574349],[14.14318202371889,55.9835040986873],[14.143182288594858,55.98350076147713],[14.143183652022433,55.98349750922408],[14.143186066972362,55.9834944541088],[14.143189450145066,55.983491701511944],[14.143193684843947,55.983489346379415],[14.143198625000625,55.98348746994716],[14.143204100213321,55.98348613693933],[14.14320992162454,55.98348539333555],[14.143752689864803,55.983445235273784],[14.143757420967761,55.983444607375745],[14.143760341801947,55.98344384649059],[14.143764245801375,55.98344222492115],[14.143851155763905,55.9833978215221],[14.143857086628067,55.98339542248053],[14.14386383367155,55.983393835972954],[14.143871047269716,55.98339314421052],[14.144322751339113,55.98337905298359]]]}},{"type":"Feature","properties":{"color":"#6099C5","district":"Östersjön"},"geometry":{"type":"Polygon","coordinates":[[[14.143168749234214,55.98355173501633],[14.143169604673067,55.983555201868406],[14.14316924382955,55.98355869576763],[14.143167680364838,55.98356208443535],[14.143164973471233,55.98356523957699],[14.143161225631198,55.983568041739176],[14.143156578737418,55.983570384832305],[14.143151208720768,55.98357218014706],[14.143145318889594,55.98357335971298],[14.143139132232449,55.983573878871745],[14.143132882975742,55.98357371796807],[14.142598746225469,55.983530560376224],[14.142592907874896,55.983529771524935],[14.142587433670048,55.983528388950326],[14.14258251465289,55.98352646090233],[14.142578322490058,55.98352405466708],[14.142575003481923,55.98352125421875],[14.142572673456923,55.98351815728901],[14.142571413729339,55.98351487195621],[14.142514921832015,55.98324775019413],[14.142514786905545,55.98324430894832],[14.142515826224717,55.98324091633764],[14.142518001726472,55.98323769660892],[14.14252123373763,55.98323476767756],[14.142525403892785,55.983232236809116],[14.142530359469184,55.983230196690975],[14.142535918979878,55.98322872203789],[14.142541878820264,55.9832278668557],[14.143033303325005,55.983184838909004],[14.14303967386657,55.98318463960755],[14.143045989310437,55.983185148013455],[14.143052000928819,55.9831863441036],[14.143057471959752,55.983188180771144],[14.143062186931727,55.98319058568063],[14.14306596014981,55.98319346411694],[14.143068643009068,55.983196702715546],[14.143070129847263,55.983200173927166],[14.143138764856587,55.983481177219986],[14.143139349472776,55.98348292285828],[14.143168749234214,55.98355173501633]]]}},{"type":"Feature","properties":{"color":"#6099C5","district":"Östersjön"},"geometry":{"type":"Polygon","coordinates":[[[14.142536517502464,55.98350295257708],[14.142536624406626,55.98350659087619],[14.142535420149684,55.98351016675742],[14.142532954019673,55.98351353386543],[14.142529326951205,55.98351655438963],[14.142524687394431,55.983519104704584],[14.142519225239221,55.98352108042976],[14.142513164043264,55.98352240070166],[14.142506751882179,55.98352301148357],[14.142500251196116,55.98352288777708],[14.141581624460548,55.98345290908184],[14.14157530750203,55.98345205711343],[14.141569425772307,55.98345051197684],[14.141564219521305,55.98344833678602],[14.1415599014077,55.983445620390555],[14.141556647812465,55.98344247374658],[14.1415545916343,55.98343902538444],[14.14155381686116,55.983435416158656],[14.141550347586657,55.98332932709429],[14.14155090641136,55.983325643306394],[14.141552799751189,55.983322101255396],[14.141555947614004,55.9833188505895],[14.141560217005367,55.983316028646215],[14.141565427547455,55.98331375464984],[14.141571359099881,55.983312124674505],[14.141577761060384,55.983311207585025],[14.141832506324397,55.98329000023276],[14.141832745561448,55.983289979801036],[14.142378581208533,55.98324218543552],[14.142446510747863,55.98323622570432],[14.142452954831736,55.983236027145445],[14.142459339970978,55.98323655259428],[14.142465408878055,55.98323778087795],[14.142470917007866,55.98323966250315],[14.14247564241162,55.983242121650235],[14.142479394680157,55.983245059228466],[14.142482022616475,55.98324835686883],[14.142483420328176,55.98325188169366],[14.142536517502464,55.98350295257708]]]}},{"type":"Feature","properties":{"color":"#E9ABB7","district":"Himalaya"},"geometry":{"type":"Polygon","coordinates":[[[14.137317595423285,55.97928941982138],[14.137319445183866,55.97929265235456],[14.137320176595829,55.979296021758714],[14.137319763613023,55.97929940804813],[14.137318220941632,55.97930269063573],[14.137315603516514,55.97930575262721],[14.137312004544997,55.9793084849839],[14.13730755218774,55.97931079040542],[14.137302404994918,55.97931258679473],[14.137296746260164,55.979313810181644],[14.137290777493407,55.97931441700086],[14.137284711244993,55.97931438564327],[14.13727876353665,55.97931371722553],[14.13663117571648,55.97920451953],[14.136625581687376,55.97920324463421],[14.136620512654625,55.979201406771224],[14.136616147574438,55.97919907082461],[14.13661264055072,55.979196319262286],[14.136610115394618,55.97919324922485],[14.136608661253533,55.97918996909636],[14.136501004541202,55.97878882575998],[14.136500676458828,55.978785400391196],[14.136501516619377,55.97878200246819],[14.136503494463946,55.97877875558136],[14.136506538053464,55.9787757778275],[14.136510536685302,55.97877317751439],[14.136515344919822,55.97877104922146],[14.13652078787036,55.97876947035957],[14.13652666756425,55.978768498355606],[14.136532770143523,55.97876816856355],[14.136897569396536,55.97876800732632],[14.136903784503046,55.97876834386065],[14.136909766091113,55.978769346278995],[14.136915288491002,55.97877097676275],[14.136920143356875,55.978773173797975],[14.13692414752714,55.97877585449629],[14.13692714993464,55.97877891772187],[14.137317595423285,55.97928941982138]]]}},{"type":"Feature","properties":{"color":"#E9ABB7","district":"Himalaya"},"geometry":{"type":"Polygon","coordinates":[[[14.136570104996308,55.979167432718995],[14.136570417584018,55.97917104217256],[14.136569434278798,55.97917461373705],[14.136567194772114,55.97917800324375],[14.136563789462945,55.97918107387276],[14.136559355808826,55.97918370167593],[14.136554072777292,55.979185780579996],[14.136548153621728,55.979187226668486],[14.136541837273242,55.979187981568934],[14.136535378695985,55.979188014809225],[14.136529038595315,55.9791873250476],[14.136106071733627,55.979116014581756],[14.13609973369988,55.979114515682134],[14.136094110987608,55.97911229645821],[14.13608946119919,55.979109458582904],[14.136085997362702,55.97910613207243],[14.136083878172169,55.97910246932958],[14.136070038029484,55.979065383149425],[14.136069367880328,55.97906212042159],[14.136058185763776,55.97879005523553],[14.136058663984052,55.978786523739856],[14.136060369737404,55.97878311313397],[14.136063236888655,55.97877995565264],[14.136067154273395,55.97877717371662],[14.136071970008043,55.97877487518605],[14.136077497378627,55.9787731491787],[14.13608352208,55.97877206261467],[14.136089810524762,55.978771657621785],[14.136434865256632,55.97876856969768],[14.136441431733424,55.978768889031585],[14.136447743783393,55.97876995096184],[14.13645353605912,55.97877171084678],[14.136458565063489,55.97877409470397],[14.136462619385856,55.97877700232023],[14.136465528589383,55.9787803114645],[14.136467170375917,55.978783883026104],[14.136570104996308,55.979167432718995]]]}},{"type":"Feature","properties":{"color":"#E9ABB7","district":"Himalaya"},"geometry":{"type":"Polygon","coordinates":[[[14.136131394104773,55.979232262278465],[14.136130787485838,55.97922858187305],[14.136131538253238,55.97922490979811],[14.136133614704683,55.97922140111074],[14.136136929159582,55.97921820396877],[14.136141341661503,55.979215453374714],[14.136146665888008,55.979213265475096],[14.136152677018307,55.979211732656104],[14.136159121226534,55.979210919642505],[14.136165726399764,55.97921086076458],[14.13617221362819,55.979211558508545],[14.136789128363782,55.9793156284961],[14.136794948657931,55.97931697051228],[14.13680018991731,55.97931892140497],[14.13680465116299,55.97932140636613],[14.136808161325987,55.97932433010867],[14.136810585806996,55.97932758052008],[14.136811831637688,55.979331032961575],[14.136811851045675,55.97933455504736],[14.13678344534636,55.97950137079327],[14.136782192319437,55.97950491123679],[14.136779701139986,55.97950824043676],[14.136776072115522,55.97951122434235],[14.136771451369194,55.97951374280597],[14.136766024956145,55.979515694421174],[14.13676001137196,55.97951700060576],[14.136753652754884,55.979517608765896],[14.13674720513604,55.9795174944139],[14.136240978539753,55.97947983407377],[14.136234510802383,55.97947896447587],[14.136228501395024,55.979477368762225],[14.136223207603052,55.97947511525138],[14.136218856073544,55.97947230042463],[14.136215633111641,55.979469044795316],[14.136213676704156,55.97946548774915],[14.136131394104773,55.979232262278465]]]}},{"type":"Feature","properties":{"color":"#E9ABB7","district":"Himalaya"},"geometry":{"type":"Polygon","coordinates":[[[14.136842022526707,55.97934701589538],[14.136843233387552,55.979343553428706],[14.136845629022975,55.97934028982183],[14.13684911725655,55.97933735064762],[14.136853563872355,55.97933484899574],[14.13685879777919,55.97933288112149],[14.136864617593611,55.979331522742115],[14.136870799388475,55.97933082612353],[14.136877105308892,55.9793308180693],[14.136883292724054,55.97933149888936],[14.137315970505917,55.9794043769425],[14.137321891538678,55.979405747360076],[14.137327209175028,55.97940774756466],[14.137331712155895,55.97941029809214],[14.137335221586723,55.97941329761521],[14.137337598044606,55.97941662696882],[14.137338747117308,55.97942015388437],[14.13733862315411,55.97942373824452],[14.137309918845093,55.97955786015734],[14.137308465259277,55.979561462760856],[14.137305727124158,55.97956482330612],[14.137301819887172,55.97956780010278],[14.1372969082886,55.979570267640355],[14.137291199415666,55.97957212188026],[14.137284933971129,55.97957328464227],[14.137278376124529,55.97957370690093],[14.137271802373993,55.97957337085257],[14.13684064948622,55.979525985082226],[14.13683420211168,55.9795248727876],[14.136828311660095,55.97952303211303],[14.136823237582355,55.97952054413293],[14.136819203371209,55.979517518432914],[14.1368163867173,55.979514088282976],[14.13681491168263,55.979510404767524],[14.136814843236168,55.9795066301306],[14.136842022526707,55.97934701589538]]]}},{"type":"Feature","properties":{"color":"#E9ABB7","district":"Himalaya"},"geometry":{"type":"Polygon","coordinates":[[[14.137272611529868,55.97959178992083],[14.137278367097673,55.9795927419179],[14.13728370608077,55.97959427588447],[14.137288442391787,55.97959633835501],[14.137292410949074,55.97959885744324],[14.137295473430552,55.97960174534769],[14.137297523094844,55.97960490141198],[14.137298488501722,55.979608215633185],[14.13729833600215,55.979611572495756],[14.137262609906971,55.9797788969437],[14.137261349507856,55.9797821711103],[14.13725902597467,55.97978525777243],[14.13725571987357,55.97978804990287],[14.137251545840435,55.97979045068707],[14.137246648605984,55.979792376879956],[14.137241197977376,55.97979376169249],[14.137235382950289,55.97979455710754],[14.137229405155644,55.97979473554478],[14.13722347186821,55.97979429081706],[14.136881167681178,55.97975017158144],[14.136874987994416,55.979748994548],[14.13686936069593,55.979747143341605],[14.13686451781679,55.979744694293366],[14.136860659043885,55.979741748385166],[14.136857943486227,55.979738427086],[14.136856483114398,55.97973486734336],[14.136818886275078,55.97956598273439],[14.136818707574108,55.979562592195165],[14.13681966981244,55.97955924317749],[14.136821738767525,55.97955605479006],[14.136824840856171,55.9795531404287],[14.136828865751607,55.979550603743405],[14.136833670307277,55.97954853495198],[14.136839083647914,55.979547007631524],[14.13684491324674,55.97954607610154],[14.136850951772718,55.979545773492056],[14.136856984464302,55.9795461105655],[14.137272611529868,55.97959178992083]]]}},{"type":"Feature","properties":{"color":"#E9ABB7","district":"Himalaya"},"geometry":{"type":"Polygon","coordinates":[[[14.138463584369156,55.978637881681024],[14.138466123537148,55.97863490271013],[14.13846959281676,55.97863223347409],[14.138473875397695,55.97862996384575],[14.138478827086002,55.9786281702431],[14.138484281159073,55.97862691305645],[14.138490053979138,55.978626234615064],[14.138495951176326,55.97862615776196],[14.138696275590604,55.97863385712271],[14.138702418129192,55.97863443151011],[14.138708247459729,55.9786356577778],[14.138713544809535,55.978637489904386],[14.13871811137091,55.97863985913084],[14.138721775762278,55.978642676540915],[14.138724400460108,55.97864583639821],[14.138725886960113,55.978649220114356],[14.138726179474146,55.97865270069959],[14.138702902005578,55.97891281071443],[14.138701953571136,55.97891633758965],[14.138699779975461,55.97891969042158],[14.138696466683992,55.97892273737694],[14.13869214397508,55.97892535864941],[14.138686981817457,55.9789274511706],[14.138681183187096,55.97892893266252],[14.138674976086161,55.978929744872936],[14.138668604577953,55.97892985586568],[14.138323816820005,55.97891668168242],[14.138317296837457,55.97891605066451],[14.138311145869489,55.97891468615912],[14.138305624501061,55.978912645973324],[14.138300966644131,55.97891001653938],[14.138297369627985,55.97890690925287],[14.138294985839428,55.97890345575355],[14.138293916266958,55.9788998023484],[14.138294206222463,55.97889610381329],[14.138295843421647,55.97889251683605],[14.138463584369156,55.978637881681024]]]}},{"type":"Feature","properties":{"color":"#E9ABB7","district":"Himalaya"},"geometry":{"type":"Polygon","coordinates":[[[14.139964259498461,55.979082059386585],[14.139970820956679,55.979083049726896],[14.13997686370286,55.97908478966492],[14.139982117685095,55.97908720144238],[14.139986348101422,55.97909017727638],[14.139989365893165,55.979093584176084],[14.13999103619405,55.979097269886196],[14.140016867026679,55.97919805704616],[14.140017157178459,55.97920145323578],[14.14001629981723,55.97920481929531],[14.140014325579969,55.97920803494071],[14.140011305014578,55.979210985262824],[14.140007346058917,55.97921356483369],[14.140002590183746,55.97921568147387],[14.139997207337352,55.97921725954646],[14.139991389872552,55.97921824265994],[14.139985345673061,55.97921859568337],[14.139458075651326,55.97922135493142],[14.139451797918362,55.97922104209146],[14.139445749925022,55.97922004997936],[14.139440164132536,55.97921841672804],[14.139435255236876,55.979216205113275],[14.139431211916653,55.97921350014091],[14.139428189581057,55.97921040577946],[14.139426304396537,55.97920704096404],[14.139425628821863,55.9792035350249],[14.139423253338919,55.97905928207299],[14.139423872932769,55.97905559825258],[14.139425826703947,55.97905206331562],[14.139429031970186,55.97904882685762],[14.139433353087126,55.9790460258426],[14.139438607188685,55.979043778807096],[14.139444571925823,55.97904218084362],[14.139450994876135,55.97904129957658],[14.139457604226129,55.979041172300384],[14.139538656228904,55.97904428966857],[14.13954149709994,55.979044470235536],[14.139964259498461,55.979082059386585]]]}},{"type":"Feature","properties":{"color":"#E9ABB7","district":"Himalaya"},"geometry":{"type":"Polygon","coordinates":[[[14.139998559586507,55.97923651369965],[14.140005121669935,55.979236857357535],[14.140011420583807,55.9792379425299],[14.140017191576831,55.979239723605566],[14.140022192086805,55.979242125723665],[14.140026211935798,55.979245047920166],[14.140029082164189,55.9792483673714],[14.14003068213228,55.97925194455656],[14.140059460828942,55.97936415465225],[14.140059751559587,55.979367551065835],[14.140058894606279,55.97937091739976],[14.140056920595727,55.979374133343214],[14.140053900077655,55.97937708396027],[14.140049941003417,55.97937966379755],[14.140045184867914,55.979381780653156],[14.140039801652645,55.979383358871836],[14.140033983750673,55.97938434204893],[14.14002793909058,55.97938469504624],[14.139460865172271,55.97938765558935],[14.139454588329956,55.979387342766856],[14.139448541153724,55.97938635086899],[14.139442956005787,55.979384718009364],[14.139438047494892,55.979382506930456],[14.139434004229978,55.97937980259278],[14.1394309815729,55.97937670891024],[14.139429095668667,55.979373344757214],[14.139428418982627,55.979369839400924],[14.139426527399142,55.979257495626044],[14.13942708605446,55.979253983394365],[14.139428858713563,55.97925059963625],[14.139431777247697,55.97924747439934],[14.139435729488879,55.97924472779555],[14.139440563540852,55.9792424653848],[14.139446093616934,55.97924077411809],[14.139452107180313,55.979239718995615],[14.139458373112447,55.9792393405688],[14.139998559586507,55.97923651369965]]]}},{"type":"Feature","properties":{"color":"#165B57","district":"Amazonas"},"geometry":{"type":"Polygon","coordinates":[[[14.131371711558776,55.97894743930762],[14.13137790242237,55.97894821206438],[14.131383701585705,55.97894964988665],[14.13138888327689,55.97895169679741],[14.13139324576325,55.978954273106744],[14.131396619205137,55.978957278514294],[14.131398872268093,55.97896059601407],[14.131467003438836,55.979101441318484],[14.13146804527848,55.97910491574453],[14.13146785664616,55.97910843714701],[14.13146644477838,55.97911187042818],[14.131463863840802,55.97911508387097],[14.13146021285024,55.979117954192425],[14.131455631875937,55.97912037127325],[14.131450296665863,55.97912224238266],[14.131444411904182,55.979123495735905],[14.13101716172957,55.97918853170244],[14.131010943431635,55.979189119571465],[14.131004639657302,55.97918901691995],[14.130998492996241,55.97918822769823],[14.130992739991875,55.97918678227814],[14.130987602038381,55.979184736284104],[14.130983276860706,55.97918216845261],[14.130979930905458,55.97917917760206],[14.130977692935524,55.97917587883004],[14.13086243148459,55.97893780838908],[14.130861389588281,55.978934344527616],[14.130861570828626,55.97893083342084],[14.130862968293108,55.97892740897637],[14.130865528684506,55.97892420179665],[14.130869154353627,55.97892133419801],[14.130873707023513,55.978918915545684],[14.13087901306309,55.97891703808287],[14.130884870109172,55.97891577341272],[14.130891054784229,55.97891516976755],[14.130897331215577,55.97891525016934],[14.131371711558776,55.97894743930762]]]}},{"type":"Feature","properties":{"color":"#165B57","district":"Amazonas"},"geometry":{"type":"Polygon","coordinates":[[[14.131452785026479,55.97914086138436],[14.131459003495273,55.9791402734859],[14.131465307446083,55.97914037614783],[14.131471454268883,55.97914116541913],[14.131477207400756,55.97914261092443],[14.131482345430081,55.97914465703284],[14.131486670617615,55.979147224999075],[14.131490016506572,55.979150215993876],[14.131492254328776,55.979153514907594],[14.131570492788127,55.9793151382327],[14.131571535816324,55.979318613064265],[14.13157134802263,55.97932213499049],[14.131569936613458,55.97932556885442],[14.131567355752535,55.97932878287863],[14.131563704482373,55.979331653722085],[14.131559122923461,55.97933407121366],[14.131553786897038,55.97933594257994],[14.131547901177797,55.9793371960056],[14.131120568279247,55.979402232064636],[14.131114349468454,55.9794028197858],[14.131108045244057,55.9794027168898],[14.131101898245964,55.97940192733698],[14.131096145062656,55.97940048151602],[14.131091007125239,55.97939843507431],[14.131086682184865,55.979395866776244],[14.13108333670159,55.979392875471625],[14.131081099437605,55.97938957629107],[14.131002900143024,55.979227959507476],[14.131001857891848,55.97922448496228],[14.131002046220539,55.97922096339934],[14.131003457902944,55.979217529934445],[14.131006038775142,55.979214316303235],[14.13100968981366,55.97921144580666],[14.131014270934845,55.97920902858024],[14.13101960636964,55.97920715736833],[14.131025491407499,55.9792059039658],[14.131452785026479,55.97914086138436]]]}},{"type":"Feature","properties":{"color":"#BA2F4B","district":"Stora Barriärrevet"},"geometry":{"type":"Polygon","coordinates":[[[14.13040094984581,55.97788345800132],[14.130395089564912,55.977882919619276],[14.130389506289697,55.97788178726942],[14.13038439057122,55.97788009959763],[14.130379917003278,55.97787791420227],[14.1303762382637,55.977875305668476],[14.130373479903625,55.97787236302267],[14.130371736062592,55.977869186694015],[14.130371066255684,55.97786588508707],[14.130363285351628,55.97765380015081],[14.13036375079094,55.97765035944789],[14.130365381942005,55.97764703178874],[14.130368118772864,55.977643939642036],[14.13037186055902,55.977641196808804],[14.13037646959044,55.977638904234176],[14.13038177623975,55.97763714629233],[14.130387585205082,55.97763598768115],[14.130393682697777,55.97763547104126],[14.130399844310496,55.97763561538669],[14.130405843276076,55.977636415405044],[14.131071705752506,55.97776404562412],[14.13107988145054,55.97776638892354],[14.131626271066926,55.97798315319671],[14.131631043542319,55.97798547286412],[14.131634912380811,55.977988270249796],[14.131637727962957,55.977991437170665],[14.131639381401712,55.97799485115268],[14.131639808753446,55.97799838016716],[14.131638993490881,55.97800188773674],[14.131636967142294,55.97800523821337],[14.131633808072275,55.978008302024215],[14.131428798636966,55.97816837891663],[14.1314247552303,55.97817097113293],[14.131419903618788,55.97817308515057],[14.131414421329286,55.97817464361485],[14.131408508966091,55.97817558949938],[14.131402382870535,55.97817588819303],[14.131396267204737,55.97817552876619],[14.131390385749174,55.97817452437074],[14.131384953714226,55.978172911758925],[14.131380169865299,55.978170749938315],[14.130896561382725,55.9779056313108],[14.130893291241067,55.977904130168945],[14.130890842534448,55.97790336229387],[14.130888191135886,55.977902846530334],[14.13088401416423,55.97790247331824],[14.13040094984581,55.97788345800132]]]}},{"type":"Feature","properties":{"color":"#BA2F4B","district":"Stora Barriärrevet"},"geometry":{"type":"Polygon","coordinates":[[[14.131727507231359,55.97801226158937],[14.13173164876877,55.978009618393386],[14.13173663004087,55.97800747636873],[14.131742260794665,55.978005917327096],[14.131748325971197,55.97800500081392],[14.131754593919386,55.97800476183418],[14.131760825243605,55.97800520951538],[14.13176678194702,55.97800632675894],[14.131772236521517,55.97800807089327],[14.132015203410935,55.97810452028109],[14.132019317104195,55.97810583290108],[14.1320222959887,55.97810638661624],[14.132025411167465,55.9781066024515],[14.132028541470461,55.978106472011575],[14.13203156513948,55.978106000370175],[14.132034364564126,55.9781052058725],[14.13203683085614,55.97810411942186],[14.132039904339885,55.97810210363569],[14.132151357831757,55.97801240652737],[14.132155452438804,55.97800971864249],[14.132160406848868,55.9780075302507],[14.132166030039485,55.978005925727736],[14.132172105202757,55.978004966937576],[14.132178398104593,55.97800469084737],[14.132184666115803,55.97800510810204],[14.132190667566878,55.97800620261391],[14.132196171065763,55.978007932182955],[14.132200964419383,55.978010230123914],[14.132645590754752,55.978269872622036],[14.132649565768347,55.978272717873544],[14.132652444783558,55.978275950067456],[14.13265411173703,55.978279438902796],[14.132654499427751,55.97828304373256],[14.132653592226204,55.97828661923349],[14.1326514267045,55.978290021264606],[14.132648090162094,55.97829311267817],[14.132643717106475,55.97829576884841],[14.132638483830732,55.97829788269576],[14.132632601306565,55.978299369003544],[14.132626306679265,55.978300167853455],[14.132619853707528,55.97830024704102],[14.13232174568737,55.978287104380534],[14.132317013750997,55.978287157543775],[14.132313950493183,55.97828753631846],[14.132311079527238,55.978288243913155],[14.132307206622377,55.97828976602524],[14.13227597117044,55.97830482005634],[14.132270970984294,55.978306799052135],[14.13226539072488,55.97830821153752],[14.132259432951662,55.978309006240266],[14.132253313927631,55.97830915431323],[14.13160994900333,55.97829035131135],[14.13160420454943,55.97828988992449],[14.131598701959845,55.97828885820302],[14.131593620561713,55.978287289770364],[14.131589125955651,55.97828523574106],[14.131484675300705,55.97822796554754],[14.131480517540686,55.97822517132827],[14.13147744907814,55.97822196635889],[14.131475595296685,55.97821848160125],[14.131475031945405,55.9782148594499],[14.131475782043662,55.978211247913535],[14.131477814940508,55.97820779456711],[14.131481047567233,55.978204640521504],[14.131727507231359,55.97801226158937]]]}},{"type":"Feature","properties":{"color":"#E58E27","district":"Sahara"},"geometry":{"type":"Polygon","coordinates":[[[14.141824051351756,55.981271957997066],[14.141818107463735,55.98127143060711],[14.1418124434057,55.98127029269593],[14.141807257655962,55.98126858413794],[14.141802731932032,55.981266364803915],[14.141799024822896,55.98126371246315],[14.141796266231808,55.981260720058174],[14.141794552824257,55.98125749244793],[14.14179394464067,55.98125414273335],[14.14179446299254,55.98125078829407],[14.14179608971566,55.98124754667526],[14.141993977833842,55.980959924203226],[14.141997064942224,55.98095654938891],[14.142001347830625,55.980953611551],[14.14200663622617,55.98095124120658],[14.142012695185219,55.980949543661126],[14.142019255531018,55.98094859433018],[14.142026025812182,55.98094843538893],[14.142412907166978,55.9809622295671],[14.142419052784357,55.9809627866186],[14.142424891257978,55.980963995927134],[14.14243020363797,55.98096581214216],[14.14243479070354,55.9809681671534],[14.142438480433977,55.98097097264507],[14.142441134459649,55.98097412340778],[14.14244265325105,55.98097750128402],[14.142442979851303,55.980980979599224],[14.142442102012174,55.98098442791222],[14.1423160342559,55.98127458620033],[14.142313910928936,55.981277964184265],[14.142310633611562,55.98128103990699],[14.142306332195911,55.9812836914661],[14.142301177163082,55.981285813770306],[14.142295372826334,55.981287322704674],[14.142289149233388,55.98128815846448],[14.142282753048729,55.981288287925366],[14.141824051351756,55.981271957997066]]]}}]}